1693731518.666692 4.055344 3.677024 0.044252 -0.660053 -0.237017 0.299488 0.646885
1693731518.733334 4.058737 3.678436 0.044571 -0.661073 -0.238341 0.295743 0.647080
1693731518.799985 4.061120 3.678540 0.045793 -0.660766 -0.236721 0.294838 0.648399
1693731518.866632 4.064014 3.679339 0.047631 -0.659260 -0.231566 0.295943 0.651284
1693731518.933280 4.068501 3.680955 0.049522 -0.659164 -0.228080 0.293533 0.653697
1693731518.999934 4.072896 3.682760 0.051438 -0.657178 -0.223473 0.295123 0.656566
1693731519.066599 4.076948 3.684747 0.052780 -0.657654 -0.219545 0.293930 0.657948
1693731519.133257 4.079357 3.686863 0.053061 -0.661701 -0.219222 0.290588 0.655478
1693731519.199905 4.078788 3.688003 0.052029 -0.667702 -0.229956 0.292429 0.644809
1693731519.266572 4.072296 3.687641 0.052550 -0.666549 -0.237984 0.301027 0.639108
1693731519.333257 4.070646 3.689279 0.052000 -0.672603 -0.243247 0.293680 0.634183
1693731519.399918 4.073252 3.693474 0.047692 -0.688762 -0.243823 0.280601 0.622430
1693731519.466571 4.073767 3.697806 0.045727 -0.693460 -0.250149 0.280283 0.614801
1693731519.533234 4.073866 3.700669 0.047857 -0.690423 -0.254919 0.281396 0.615750
1693731519.599898 4.074308 3.701993 0.049736 -0.690251 -0.257072 0.280766 0.615336
1693731519.666511 4.074614 3.704429 0.044469 -0.708392 -0.264562 0.286975 0.588076
1693731519.733127 4.073056 3.708281 0.042640 -0.713443 -0.258657 0.302641 0.576632
1693731519.799758 4.075394 3.711463 0.053281 -0.677678 -0.208520 0.333374 0.621397
1693731519.866383 4.078776 3.711586 0.066502 -0.603889 -0.141326 0.394504 0.678021
1693731519.933011 4.079550 3.708055 0.069282 -0.566765 -0.139876 0.404464 0.704004
1693731519.999651 4.079040 3.703587 0.068032 -0.578225 -0.151086 0.408343 0.689989
1693731520.066293 4.078519 3.701180 0.070438 -0.584977 -0.157697 0.407769 0.683124
1693731520.132927 4.077450 3.700662 0.072698 -0.589910 -0.163435 0.408936 0.676806
1693731520.199573 4.077489 3.703183 0.072646 -0.591859 -0.167439 0.404539 0.676768
1693731520.266220 4.079444 3.705653 0.069590 -0.594035 -0.177441 0.395731 0.677521
1693731520.332861 4.081846 3.707106 0.063276 -0.599012 -0.191671 0.381377 0.677494
1693731520.399532 4.084042 3.706178 0.057265 -0.589692 -0.211889 0.376462 0.682380
1693731520.466175 4.086333 3.706795 0.053752 -0.578841 -0.216109 0.368643 0.694508
1693731520.532830 4.087043 3.709102 0.052024 -0.577295 -0.220281 0.357202 0.700438
1693731520.599496 4.086847 3.713190 0.053790 -0.563034 -0.230131 0.350149 0.712340
1693731520.666143 4.083058 3.719716 0.054497 -0.544161 -0.256106 0.329403 0.727868
1693731520.732814 4.078674 3.731763 0.056556 -0.523754 -0.267716 0.314569 0.745021
1693731520.799481 4.071916 3.750765 0.057710 -0.515700 -0.281959 0.305010 0.749347
1693731520.866143 4.063608 3.777877 0.053440 -0.554869 -0.297525 0.279147 0.725035
1693731520.932803 4.055532 3.805475 0.052977 -0.583668 -0.293082 0.270387 0.707337
1693731520.999475 4.044209 3.830219 0.055060 -0.592768 -0.304754 0.262854 0.697609
1693731521.066141 4.032004 3.852927 0.059050 -0.613598 -0.312744 0.256424 0.678185
1693731521.132805 4.014626 3.870017 0.070266 -0.608515 -0.315328 0.284899 0.670157
1693731521.199474 3.990038 3.881577 0.081937 -0.598876 -0.334112 0.354276 0.635771
1693731521.266128 3.964492 3.893523 0.086908 -0.618902 -0.382995 0.365455 0.580273
1693731521.332791 3.943061 3.906783 0.094499 -0.631796 -0.410888 0.343093 0.560618
1693731521.399462 3.922383 3.915232 0.103939 -0.642154 -0.428682 0.366998 0.518829
1693731521.466127 3.900652 3.921410 0.113295 0.657090 0.438459 -0.389428 -0.473638
1693731521.532793 3.874818 3.926832 0.124062 0.652790 0.451696 -0.407865 -0.451090
1693731521.599466 3.843470 3.931725 0.130952 0.654349 0.467018 -0.422252 -0.418837
1693731521.666124 3.809014 3.936318 0.135279 0.650140 0.489161 -0.432389 -0.388689
1693731521.732798 3.771853 3.946516 0.141693 0.635969 0.499731 -0.434700 -0.396041
1693731521.799473 3.734653 3.959665 0.145052 0.635909 0.505341 -0.430486 -0.393614
1693731521.866140 3.697157 3.976537 0.148309 0.645502 0.506419 -0.423297 -0.384300
1693731521.932796 3.658298 3.999471 0.157188 0.645354 0.502903 -0.413986 -0.399026
1693731521.999482 3.619175 4.025330 0.166557 0.649984 0.489215 -0.410168 -0.412251
1693731522.066153 3.579988 4.050001 0.169194 0.659599 0.480449 -0.405754 -0.411658
1693731522.132817 3.537953 4.071006 0.164081 0.661986 0.485352 -0.403488 -0.404234
1693731522.199490 3.490845 4.090002 0.154045 0.662264 0.489918 -0.407551 -0.394066
1693731522.266158 3.437388 4.108507 0.140240 0.656451 0.501585 -0.408013 -0.388600
1693731522.332822 3.378922 4.127927 0.127034 0.645071 0.520753 -0.408117 -0.382283
1693731522.399497 3.316692 4.150979 0.118357 0.647663 0.521099 -0.413974 -0.370963
1693731522.466156 3.250333 4.176425 0.116747 0.647928 0.517889 -0.418656 -0.369739
1693731522.532832 3.181436 4.202698 0.119554 0.659045 0.509376 -0.417784 -0.362839
1693731522.599506 3.110378 4.225271 0.125292 0.652234 0.512502 -0.416654 -0.371931
1693731522.666177 3.036450 4.243729 0.129211 0.651639 0.513407 -0.405933 -0.383404
1693731522.732840 2.964656 4.258514 0.134153 0.660303 0.505308 -0.400696 -0.384845
1693731522.799506 2.895659 4.268505 0.141387 0.656143 0.504786 -0.411383 -0.381354
1693731522.866176 2.825115 4.274854 0.146927 0.644407 0.510776 -0.424962 -0.378491
1693731522.932845 2.751983 4.281107 0.151712 0.635016 0.512744 -0.433215 -0.382326
1693731522.999522 2.678541 4.288309 0.158150 0.631760 0.510676 -0.430324 -0.393587
1693731523.066190 2.605399 4.296855 0.168817 0.634362 0.507412 -0.426180 -0.398107
1693731523.132860 2.534232 4.309714 0.183260 0.645786 0.497763 -0.414812 -0.403885
1693731523.199535 2.466593 4.325733 0.201030 0.640390 0.490437 -0.414739 -0.421146
1693731523.266209 2.399787 4.342772 0.214619 0.644122 0.475360 -0.417548 -0.429875
1693731523.332873 2.332732 4.358756 0.220913 0.645085 0.466198 -0.418358 -0.437609
1693731523.399548 2.263803 4.372271 0.216863 0.648032 0.463579 -0.417686 -0.436677
1693731523.466220 2.192381 4.382824 0.203314 0.648246 0.471247 -0.412665 -0.432910
1693731523.532888 2.117986 4.390222 0.183474 0.645580 0.489903 -0.408886 -0.419564
1693731523.599560 2.038798 4.396764 0.165256 0.651329 0.501186 -0.402908 -0.402800
1693731523.666229 1.956245 4.402427 0.154023 0.655969 0.509269 -0.402199 -0.385468
1693731523.732887 1.872317 4.407817 0.148317 0.660807 0.517916 -0.396013 -0.371847
1693731523.799578 1.788403 4.411143 0.144554 0.663743 0.522330 -0.391057 -0.365637
1693731523.866245 1.706418 4.409814 0.138467 0.670734 0.526781 -0.379571 -0.358528
1693731523.932902 1.627025 4.403774 0.129929 0.666721 0.535587 -0.380765 -0.351636
1693731523.999589 1.548390 4.396660 0.115264 0.662485 0.544337 -0.382045 -0.344749
1693731524.066248 1.470018 4.390372 0.096719 0.661400 0.551602 -0.378691 -0.338938
1693731524.132928 1.392700 4.385706 0.081046 0.662981 0.552944 -0.376388 -0.336216
1693731524.199604 1.315950 4.382380 0.073370 0.668058 0.550997 -0.374839 -0.331053
1693731524.266268 1.240176 4.382238 0.076655 0.680422 0.537540 -0.371838 -0.331381
1693731524.332935 1.166614 4.383353 0.089186 0.681885 0.524859 -0.379462 -0.339947
1693731524.399610 1.094644 4.384186 0.101620 0.676973 0.515825 -0.396901 -0.343658
1693731524.466284 1.021998 4.384628 0.106076 0.674253 0.510535 -0.405829 -0.346467
1693731524.532949 0.945373 4.383341 0.103079 0.667535 0.506000 -0.409061 -0.361981
1693731524.599617 0.866008 4.379177 0.090308 0.671196 0.499902 -0.410286 -0.362297
1693731524.666288 0.783701 4.371465 0.069695 0.684863 0.502659 -0.400474 -0.343391
1693731524.732954 0.697250 4.362247 0.053385 0.684108 0.511816 -0.395594 -0.336967
1693731524.799629 0.609916 4.353235 0.051314 0.678332 0.519086 -0.388985 -0.345116
1693731524.866294 0.522588 4.340138 0.061559 0.683902 0.515216 -0.400403 -0.326356
1693731524.932956 0.436038 4.324325 0.076690 0.679663 0.517879 -0.413902 -0.313918
1693731524.999635 0.348543 4.307832 0.090410 0.678368 0.515618 -0.422242 -0.309300
1693731525.132983 0.172716 4.265594 0.099412 0.676151 0.510833 -0.443501 -0.291851
1693731525.199655 0.084618 4.240091 0.095673 0.664961 0.520166 -0.454487 -0.284069
1693731525.266325 0.000094 4.217518 0.094212 0.661139 0.519928 -0.466885 -0.273110
1693731525.332992 -0.082263 4.199422 0.097052 0.660117 0.522210 -0.474743 -0.257218
1693731525.399668 -0.162214 4.192422 0.104618 0.672700 0.519561 -0.458176 -0.260010
1693731525.466338 -0.238538 4.195498 0.120946 0.668593 0.510795 -0.464428 -0.276367
1693731525.533015 -0.312970 4.208061 0.132041 0.671986 0.495629 -0.470153 -0.285906
1693731525.599688 -0.387770 4.225936 0.131535 0.681159 0.478086 -0.464967 -0.302096
1693731525.666358 -0.464938 4.244000 0.120954 0.689124 0.467313 -0.452454 -0.319394
1693731525.733020 -0.543693 4.262371 0.104229 0.698185 0.464075 -0.434667 -0.328993
1693731525.799686 -0.627284 4.280029 0.089073 0.694882 0.469320 -0.425828 -0.339924
1693731525.866354 -0.714076 4.297431 0.081324 0.688468 0.475874 -0.410728 -0.361742
1693731525.933023 -0.800666 4.308351 0.084452 0.679563 0.488670 -0.406010 -0.366813
1693731525.999700 -0.886741 4.316352 0.095752 0.668607 0.505060 -0.403541 -0.367470
1693731526.066371 -0.971822 4.321034 0.109986 0.653596 0.521774 -0.404086 -0.370512
1693731526.133041 -1.055023 4.321921 0.120744 0.637446 0.539717 -0.414782 -0.361004
1693731526.199720 -1.138156 4.322301 0.124452 0.618208 0.560101 -0.424540 -0.351955
1693731526.266388 -1.221220 4.325199 0.121698 0.604885 0.573727 -0.429050 -0.347659
1693731526.333057 -1.304346 4.331624 0.114898 0.597813 0.579906 -0.427138 -0.351968
1693731526.399730 -1.384847 4.342048 0.109462 0.602639 0.575386 -0.423163 -0.355935
1693731526.466400 -1.461048 4.354307 0.106242 0.612714 0.569141 -0.420199 -0.352269
1693731526.533068 -1.534539 4.369578 0.105088 0.626249 0.564204 -0.409083 -0.349480
1693731526.599743 -1.604255 4.386786 0.105278 0.636738 0.560595 -0.406274 -0.339469
1693731526.666409 -1.672816 4.406283 0.100170 0.642641 0.560549 -0.407398 -0.326841
1693731526.733068 -1.743918 4.427664 0.086867 0.648547 0.562795 -0.399441 -0.321085
1693731526.799751 -1.820802 4.449611 0.069198 0.652431 0.562321 -0.394565 -0.320075
1693731526.866424 -1.902264 4.471929 0.051897 0.650466 0.565517 -0.388950 -0.325274
1693731526.933091 -1.986906 4.491713 0.041924 0.636644 0.573259 -0.392197 -0.335022
1693731526.999762 -2.072604 4.508300 0.040916 0.627217 0.579049 -0.400232 -0.333338
1693731527.066430 -2.158675 4.521345 0.046468 0.618831 0.587220 -0.409838 -0.322883
1693731527.133089 -2.244627 4.531845 0.053752 0.601098 0.600496 -0.414115 -0.326488
1693731527.199774 -2.329409 4.538102 0.057350 0.589836 0.614027 -0.412396 -0.324027
1693731527.266439 -2.412236 4.538476 0.057536 0.571584 0.630270 -0.420277 -0.315308
1693731527.333103 -2.495853 4.535715 0.054857 0.548499 0.644945 -0.430621 -0.312667
1693731527.399778 -2.580391 4.530504 0.050489 0.527977 0.657265 -0.439033 -0.310634
1693731527.466444 -2.663623 4.523882 0.047272 0.506491 0.667113 -0.448902 -0.311311
1693731527.533109 -2.745926 4.514438 0.047131 0.486932 0.676897 -0.459654 -0.305657
1693731527.599787 -2.825993 4.503106 0.051647 0.486582 0.680381 -0.465489 -0.289204
1693731527.666457 -2.901531 4.489633 0.060353 0.472628 0.691949 -0.470943 -0.275758
1693731527.733122 -2.975090 4.474178 0.067906 0.457987 0.699320 -0.487974 -0.251157
1693731527.799795 -3.049508 4.456394 0.070225 0.444262 0.706527 -0.501581 -0.227744
1693731527.866462 -3.125614 4.436653 0.066914 0.424656 0.716271 -0.510535 -0.214423
1693731527.933133 -3.203871 4.414546 0.059409 0.404523 0.727859 -0.514422 -0.204824
1693731527.999806 -3.283084 4.390158 0.051833 0.374634 0.743086 -0.519530 -0.193809
1693731528.066476 -3.363726 4.364766 0.050139 0.353110 0.753271 -0.522854 -0.185795
1693731528.133142 -3.443278 4.335599 0.059497 0.335759 0.755671 -0.536258 -0.169281
1693731528.199817 -3.518290 4.300920 0.075217 0.312042 0.762741 -0.545923 -0.151076
1693731528.266474 -3.588389 4.258797 0.090593 0.277972 0.773647 -0.551822 -0.140336
1693731528.333155 -3.651981 4.210271 0.103558 0.242522 0.784820 -0.554972 -0.131325
1693731528.399826 -3.707876 4.157685 0.114088 0.205057 0.791711 -0.564673 -0.110860
1693731528.466494 -3.758203 4.101877 0.118712 0.172437 0.795412 -0.574266 -0.088335
1693731528.533161 -3.805484 4.045555 0.115484 0.143497 0.801954 -0.576071 -0.066496
1693731528.599839 -3.851819 3.991893 0.106662 0.120302 0.809479 -0.571841 -0.057173
1693731528.666507 -3.896612 3.940013 0.095429 0.110935 0.818254 -0.562998 -0.034458
1693731528.733176 -3.941521 3.887736 0.084010 0.111958 0.834032 -0.539846 -0.020529
1693731528.799888 -3.984464 3.836285 0.077425 0.100148 0.842001 -0.529855 -0.016063
1693731528.866541 -4.023021 3.783723 0.072859 0.090713 0.846460 -0.524642 0.005230
1693731528.933218 -4.058277 3.727890 0.067441 0.078865 0.847658 -0.524240 0.020704
1693731529.066565 -4.120211 3.607004 0.045403 0.049499 0.852148 -0.517948 0.055886
1693731529.133229 -4.150926 3.545743 0.031567 0.023645 0.854365 -0.514768 0.067195
1693731529.199900 -4.183893 3.483629 0.020972 0.015992 0.857683 -0.508227 0.076353
1693731529.266565 -4.213147 3.420370 0.016550 0.009414 0.860622 -0.501506 0.087936
1693731529.333229 -4.236970 3.355971 0.016247 -0.004590 0.866604 -0.489749 0.095512
1693731529.399902 -4.253218 3.289947 0.018049 -0.010762 0.869216 -0.483313 0.103709
1693731529.466567 -4.262034 3.222844 0.018947 -0.009595 0.873161 -0.474394 0.111571
1693731529.533233 -4.265758 3.157153 0.018246 -0.016857 0.874234 -0.470025 0.120448
1693731529.599906 -4.265177 3.092182 0.016074 -0.015953 0.873838 -0.464585 0.142524
1693731529.666575 -4.261759 3.025768 0.012754 -0.018186 0.872506 -0.461302 0.160009
1693731529.733239 -4.258286 2.958116 0.010080 -0.029627 0.868824 -0.466005 0.164639
1693731529.799914 -4.256872 2.891625 0.010215 -0.033470 0.866662 -0.468283 0.168783
1693731529.866580 -4.258969 2.826125 0.012917 -0.009075 0.875580 -0.450666 0.173715
1693731529.933249 -4.260230 2.761389 0.024118 -0.005831 0.874916 -0.450137 0.178507
1693731529.999922 -4.262621 2.693794 0.038962 0.002761 0.865177 -0.462547 0.193681
1693731530.066590 -4.263015 2.625374 0.049975 0.024700 0.856940 -0.469316 0.211629
1693731530.133259 -4.260264 2.556699 0.054635 0.043322 0.853662 -0.463540 0.233485
1693731530.199933 -4.255500 2.487881 0.053263 0.050897 0.850152 -0.459824 0.251421
1693731530.333259 -4.253092 2.339336 0.042661 0.050773 0.843479 -0.465563 0.263091
1693731530.399934 -4.261336 2.261446 0.038981 0.063391 0.843544 -0.467481 0.256665
1693731530.466605 -4.273318 2.182739 0.040894 0.068526 0.846352 -0.467667 0.245521
1693731530.533274 -4.290430 2.103402 0.050004 0.075305 0.842420 -0.482127 0.228500
1693731530.599949 -4.309083 2.025120 0.058628 0.099039 0.840675 -0.489992 0.208243
1693731530.666609 -4.326023 1.952852 0.066529 0.108848 0.840471 -0.493642 0.195136
1693731530.733291 -4.342432 1.883002 0.073547 0.108231 0.834901 -0.503905 0.193151
1693731530.799965 -4.361862 1.814107 0.076770 0.106216 0.829834 -0.514987 0.186767
1693731530.866634 -4.384559 1.743742 0.078177 0.114504 0.824467 -0.523453 0.182044
1693731530.933300 -4.408254 1.675145 0.081707 0.124620 0.817199 -0.533230 0.179780
1693731530.999977 -4.427718 1.610014 0.087083 0.104774 0.816856 -0.539415 0.175497
1693731531.066644 -4.450076 1.548213 0.096089 0.089601 0.819477 -0.537211 0.178416
1693731531.133310 -4.476924 1.489229 0.108485 0.082565 0.819943 -0.539584 0.172412
1693731531.199990 -4.505994 1.433257 0.121636 0.073994 0.814141 -0.549851 0.171356
1693731531.266660 -4.532724 1.377675 0.128815 0.058961 0.810373 -0.555834 0.175689
1693731531.333330 -4.558715 1.320267 0.130735 0.043798 0.808427 -0.558632 0.180162
1693731531.400006 -4.582739 1.258662 0.129989 0.024480 0.804417 -0.563867 0.185385
1693731531.466672 -4.607376 1.193808 0.128127 -0.004229 0.800063 -0.570074 0.186805
1693731531.533342 -4.632721 1.124485 0.130161 -0.020312 0.794928 -0.575504 0.190978
1693731531.600017 -4.656705 1.054727 0.137889 -0.036573 0.788761 -0.578576 0.204372
1693731531.666687 -4.681094 0.983793 0.146964 -0.050088 0.791043 -0.573974 0.205660
1693731531.733354 -4.704680 0.912226 0.155554 -0.059707 0.792383 -0.574231 0.197034
1693731531.800031 -4.723989 0.842359 0.161636 -0.062576 0.795717 -0.570595 0.193236
1693731531.866698 -4.739344 0.776638 0.164107 -0.074370 0.795753 -0.568187 0.195983
1693731531.933370 -4.750365 0.712661 0.163341 -0.089001 0.793346 -0.567439 0.201727
1693731532.000043 -4.758307 0.648159 0.160065 -0.109271 0.790085 -0.566144 0.208104
1693731532.066721 -4.764258 0.583274 0.156047 -0.133686 0.785309 -0.568472 0.205563
1693731532.133387 -4.767574 0.518223 0.155428 -0.154936 0.779595 -0.571197 0.204845
1693731532.200052 -4.768734 0.451239 0.158515 -0.163983 0.781744 -0.563405 0.211092
1693731532.266730 -4.767783 0.382867 0.166726 -0.181339 0.780197 -0.562981 0.203620
1693731532.333396 -4.763779 0.315181 0.176247 -0.195063 0.775209 -0.564901 0.204665
1693731532.400068 -4.756108 0.248720 0.183172 -0.202277 0.773177 -0.557666 0.224257
1693731532.466738 -4.743372 0.181926 0.185822 -0.210676 0.770788 -0.552703 0.236688
1693731532.533407 -4.724889 0.115851 0.185317 -0.225409 0.765708 -0.548193 0.249735
1693731532.600084 -4.702951 0.048701 0.184581 -0.247202 0.757455 -0.546333 0.258211
1693731532.666751 -4.678961 -0.019045 0.188315 -0.267367 0.744981 -0.545493 0.275600
1693731532.733417 -4.652858 -0.087282 0.197792 -0.276382 0.736862 -0.542134 0.294513
1693731532.800092 -4.622846 -0.153884 0.212614 -0.290147 0.730904 -0.529848 0.317577
1693731532.866762 -4.589631 -0.219490 0.231567 -0.310942 0.714975 -0.535723 0.324232
1693731532.933427 -4.550664 -0.282966 0.248908 -0.313437 0.707616 -0.535880 0.337446
1693731533.000103 -4.508545 -0.339722 0.261663 -0.324643 0.704912 -0.528927 0.343428
1693731533.066768 -4.463285 -0.390511 0.274378 -0.335876 0.695586 -0.528076 0.352822
1693731533.133432 -4.416312 -0.437737 0.284771 -0.351092 0.681442 -0.531592 0.360251
1693731533.200107 -4.367489 -0.481947 0.292916 -0.369541 0.664194 -0.537762 0.364826
1693731533.266779 -4.316545 -0.525433 0.299480 -0.375298 0.653989 -0.542795 0.369896
1693731533.333445 -4.263048 -0.567063 0.305924 -0.375289 0.650919 -0.541663 0.376913
1693731533.400120 -4.204672 -0.604117 0.313298 -0.384145 0.652290 -0.534096 0.376420
1693731533.466788 -4.147412 -0.636652 0.324024 -0.391336 0.645913 -0.535082 0.378603
1693731533.533458 -4.090666 -0.663684 0.333804 -0.404619 0.634270 -0.532268 0.388170
1693731533.600132 -4.030540 -0.688004 0.338949 -0.416126 0.625430 -0.524485 0.400739
1693731533.666793 -3.967138 -0.711733 0.337779 -0.426201 0.618950 -0.519418 0.406766
1693731533.733472 -3.900878 -0.733467 0.331119 -0.432885 0.616566 -0.508513 0.416980
1693731533.800148 -3.833836 -0.754976 0.319064 -0.447215 0.613902 -0.502500 0.413058
1693731533.866816 -3.768010 -0.777124 0.309179 -0.455929 0.611119 -0.495021 0.416674
1693731533.933487 -3.701984 -0.798840 0.302625 -0.460455 0.611478 -0.483247 0.424910
1693731534.000160 -3.635567 -0.818748 0.299985 -0.462702 0.610548 -0.472927 0.435291
1693731534.066821 -3.568992 -0.836065 0.297645 -0.465284 0.604213 -0.474640 0.439494
1693731534.133506 -3.499704 -0.848500 0.290405 -0.469006 0.605252 -0.469185 0.439964
1693731534.200181 -3.432553 -0.856592 0.278282 -0.475521 0.610279 -0.458729 0.437043
1693731534.266845 -3.367363 -0.862746 0.263085 -0.481285 0.610221 -0.452285 0.437532
1693731534.333514 -3.303421 -0.867576 0.243722 -0.485188 0.614879 -0.438903 0.440319
1693731534.400189 -3.240946 -0.873053 0.221753 -0.493268 0.616280 -0.429968 0.438193
1693731534.466862 -3.179719 -0.880668 0.201004 -0.491217 0.626904 -0.422389 0.432764
1693731534.533526 -3.121838 -0.888649 0.181252 -0.488954 0.638102 -0.411686 0.429260
1693731534.600201 -3.067385 -0.898577 0.161243 -0.488723 0.660936 -0.392756 0.412378
1693731534.666865 -3.012682 -0.910933 0.147637 -0.487047 0.669839 -0.393903 0.398674
1693731534.733533 -2.960789 -0.924187 0.137720 -0.479681 0.681653 -0.387408 0.393917
1693731534.800207 -2.910191 -0.939275 0.127445 -0.474015 0.694660 -0.379731 0.385437
1693731534.866869 -2.860924 -0.956221 0.115917 -0.473151 0.701297 -0.377038 0.377032
1693731534.933548 -2.809595 -0.975215 0.104001 -0.470513 0.706873 -0.372360 0.374561
1693731535.000222 -2.755844 -0.997000 0.089616 -0.469395 0.710836 -0.368756 0.372020
1693731535.066888 -2.696507 -1.021125 0.074865 -0.471991 0.712032 -0.363611 0.371513
1693731535.133556 -2.635418 -1.046506 0.062911 -0.474454 0.716249 -0.358124 0.365551
1693731535.200229 -2.573237 -1.071847 0.059455 -0.477138 0.718542 -0.349528 0.365879
1693731535.266900 -2.511414 -1.097608 0.063900 -0.481322 0.715385 -0.348752 0.367321
1693731535.333565 -2.451572 -1.123172 0.071527 -0.482888 0.712434 -0.356676 0.363372
1693731535.400241 -2.392907 -1.146998 0.080396 -0.488872 0.705314 -0.360918 0.365067
1693731535.466906 -2.334422 -1.169286 0.089591 -0.494642 0.693347 -0.362608 0.378304
1693731535.533571 -2.272147 -1.191690 0.097398 -0.502327 0.678943 -0.364523 0.392209
1693731535.600235 -2.205148 -1.214529 0.102641 -0.519915 0.656033 -0.375809 0.397588
1693731535.666914 -2.135154 -1.238950 0.108213 -0.526703 0.642914 -0.389059 0.397339
1693731535.733583 -2.066857 -1.260865 0.114467 -0.529464 0.638213 -0.389468 0.400831
1693731535.800250 -2.002625 -1.281992 0.120802 -0.533769 0.643002 -0.378618 0.397853
1693731535.866927 -1.940175 -1.302245 0.132483 -0.538338 0.640222 -0.376852 0.397857
1693731535.933585 -1.880511 -1.321183 0.142693 -0.541496 0.640446 -0.367073 0.402328
1693731536.000270 -1.820943 -1.338670 0.147577 -0.548663 0.636809 -0.356613 0.407763
1693731536.066938 -1.758437 -1.354725 0.147254 -0.558967 0.627511 -0.356635 0.408163
1693731536.133604 -1.692120 -1.368932 0.143721 -0.565322 0.619697 -0.351878 0.415414
1693731536.200280 -1.623388 -1.381853 0.138524 -0.577502 0.603833 -0.349296 0.424109
1693731536.266946 -1.551226 -1.394649 0.135154 -0.584672 0.586652 -0.349262 0.438194
1693731536.333612 -1.478627 -1.407760 0.135429 0.584493 -0.580922 0.344333 -0.449813
1693731536.400287 -1.407201 -1.418350 0.139764 -0.581869 0.583185 -0.328586 0.461904
1693731536.466956 -1.338546 -1.425769 0.146131 0.590438 -0.572026 0.328379 -0.465120
1693731536.533621 -1.270653 -1.429459 0.152077 0.592251 -0.569259 0.326236 -0.467710
1693731536.600297 -1.204928 -1.429821 0.155508 0.594846 -0.569627 0.319538 -0.468592
1693731536.666963 -1.139551 -1.426297 0.157644 0.599499 -0.561475 0.313033 -0.476820
1693731536.733633 -1.072957 -1.421210 0.157771 0.597831 -0.555118 0.307413 -0.489837
1693731536.800308 -1.006110 -1.414263 0.153542 0.602488 -0.546278 0.303147 -0.496679
1693731536.866966 -0.938763 -1.406827 0.149309 -0.610215 0.529018 -0.309442 0.502018
1693731536.933643 -0.871540 -1.400461 0.145982 -0.617624 0.517627 -0.312528 0.502921
1693731537.000319 -0.807681 -1.394955 0.142465 0.630461 -0.518770 0.304377 -0.490665
1693731537.066988 -0.745086 -1.392866 0.144754 0.655157 -0.506263 0.303998 -0.471225
1693731537.133658 -0.682289 -1.392345 0.154442 0.652848 -0.495731 0.308180 -0.482768
1693731537.200334 -0.620842 -1.392972 0.160964 0.646139 -0.492665 0.309237 -0.494124
1693731537.267003 -0.559207 -1.392566 0.160769 0.650912 -0.485626 0.308021 -0.495585
1693731537.333659 -0.497596 -1.389663 0.157968 0.652938 -0.479220 0.306755 -0.499922
1693731537.400346 -0.433211 -1.386017 0.151447 -0.655077 0.472672 -0.302235 0.506072
1693731537.467015 -0.366630 -1.381021 0.142455 -0.665648 0.462531 -0.292225 0.507526
1693731537.533676 -0.296237 -1.377245 0.136293 -0.675694 0.453224 -0.284611 0.506975
1693731537.600360 -0.224996 -1.371787 0.135447 -0.684091 0.445272 -0.272754 0.509271
1693731537.667028 -0.152666 -1.363540 0.138803 -0.697204 0.440148 -0.253952 0.505653
1693731537.733694 -0.081835 -1.353381 0.146064 -0.708123 0.423942 -0.249211 0.506684
1693731537.800369 -0.011031 -1.339697 0.152206 -0.710749 0.424003 -0.240285 0.507268
1693731537.867033 0.054255 -1.325189 0.156061 -0.716698 0.422874 -0.232789 0.503320
1693731537.933702 0.116461 -1.308089 0.157722 -0.726617 0.410483 -0.214708 0.507377
1693731538.000377 0.180985 -1.290904 0.156083 -0.734431 0.403283 -0.198825 0.508372
1693731538.067043 0.248043 -1.274457 0.155030 -0.740473 0.387301 -0.202021 0.510769
1693731538.133710 0.315654 -1.259480 0.157716 -0.739523 0.374007 -0.206991 0.519980
1693731538.200387 0.381477 -1.245473 0.163820 -0.739593 0.365965 -0.203908 0.526776
1693731538.267054 0.446742 -1.234380 0.171217 -0.748765 0.362576 -0.201268 0.517089
1693731538.333721 0.512570 -1.224417 0.182692 -0.755220 0.345279 -0.205708 0.517793
1693731538.400394 0.577757 -1.212760 0.191301 -0.759366 0.334863 -0.191650 0.523928
1693731538.467061 0.643747 -1.197896 0.191833 -0.766586 0.335965 -0.165993 0.521460
1693731538.533731 0.712999 -1.180088 0.186387 -0.773604 0.333475 -0.157458 0.515305
1693731538.600407 0.784818 -1.160023 0.176668 -0.776431 0.334106 -0.153047 0.511962
1693731538.667072 0.857702 -1.138407 0.165017 -0.781831 0.329935 -0.149069 0.507603
1693731538.733739 0.931904 -1.114137 0.156790 -0.785723 0.321305 -0.139883 0.509741
1693731538.800413 1.005493 -1.086243 0.155132 -0.788517 0.313204 -0.136467 0.511392
1693731538.867084 1.076376 -1.054833 0.160402 -0.793380 0.294643 -0.124968 0.517801
1693731538.933753 1.146179 -1.019755 0.167430 -0.797193 0.291041 -0.117742 0.515670
1693731539.000418 1.210949 -0.979350 0.173747 -0.800569 0.285550 -0.117399 0.513583
1693731539.067099 1.267444 -0.937664 0.178326 -0.808685 0.263788 -0.113103 0.513470
1693731539.133769 1.320947 -0.895267 0.180291 -0.813204 0.241870 -0.101319 0.519550
1693731539.200441 1.374636 -0.851239 0.179091 -0.815781 0.226841 -0.092442 0.523926
1693731539.267112 1.427881 -0.806314 0.176286 -0.818891 0.208579 -0.090595 0.526977
1693731539.333782 1.478333 -0.762370 0.174178 -0.822314 0.193516 -0.091342 0.527264
1693731539.400458 1.525030 -0.718186 0.171704 -0.829167 0.182423 -0.078142 0.522588
1693731539.467126 1.570234 -0.675539 0.163935 -0.843290 0.181131 -0.077031 0.500120
1693731539.533797 1.612894 -0.636458 0.152260 0.859053 -0.160798 0.075623 -0.480056
1693731539.600469 1.655933 -0.596702 0.136949 0.871586 -0.159553 0.064261 -0.459077
1693731539.667135 1.700115 -0.557946 0.118110 0.882613 -0.162372 0.060667 -0.436978
1693731539.733814 1.743490 -0.518133 0.096887 0.893454 -0.163593 0.056575 -0.414460
1693731539.800490 1.786727 -0.476111 0.075927 0.902964 -0.161811 0.054035 -0.394403
1693731539.867160 1.830074 -0.429539 0.059505 0.907812 -0.156010 0.053789 -0.385545
1693731539.933827 1.872869 -0.377029 0.051522 0.906031 -0.154597 0.054210 -0.390216
1693731540.000498 1.912185 -0.318027 0.054138 0.899886 -0.141788 0.046791 -0.409770
1693731540.067162 1.947930 -0.254264 0.065076 0.893050 -0.123125 0.034658 -0.431394
1693731540.133838 1.980713 -0.188033 0.079010 0.888452 -0.107148 0.030075 -0.445273
1693731540.200512 2.007219 -0.121018 0.092864 0.886559 -0.087755 0.028898 -0.453296
1693731540.267182 2.025530 -0.054520 0.107142 0.882572 -0.065034 0.012218 -0.465497
1693731540.333851 2.040517 0.010245 0.116960 0.879335 -0.039313 -0.008601 -0.474499
1693731540.400523 2.055785 0.074527 0.120262 0.876829 -0.011718 -0.014798 -0.480432
1693731540.467196 2.072300 0.138891 0.118823 0.876431 0.006061 -0.023171 -0.480932
1693731540.533864 2.090012 0.203127 0.115677 0.874341 0.020504 -0.027508 -0.484098
1693731540.600540 2.108709 0.266421 0.113604 0.871994 0.025307 -0.030149 -0.487931
1693731540.667201 2.128530 0.328381 0.115882 0.869561 0.018059 -0.034590 -0.492282
1693731540.733880 2.147652 0.388551 0.123240 0.866007 0.011213 -0.044266 -0.497942
1693731540.800554 2.163629 0.448541 0.131916 -0.857748 -0.003183 0.060316 0.510510
1693731540.867224 2.178441 0.508849 0.136508 -0.853871 0.008084 0.071078 0.515545
1693731540.933892 2.190926 0.569034 0.136478 -0.851898 0.012845 0.074233 0.518261
1693731541.000567 2.202653 0.631214 0.132165 -0.848316 0.015415 0.080775 0.523065
1693731541.067233 2.216419 0.695626 0.123303 -0.846636 0.019248 0.082017 0.525462
1693731541.133893 2.230365 0.761811 0.112482 -0.846530 0.010587 0.090624 0.524463
1693731541.200579 2.246435 0.832418 0.102825 -0.847458 0.009431 0.098238 0.521608
1693731541.267267 2.263006 0.902890 0.097997 -0.849884 0.016854 0.096503 0.517785
1693731541.333942 2.276132 0.969010 0.098167 -0.858482 0.027726 0.107455 0.500693
1693731541.400618 2.284506 1.036428 0.105357 -0.855451 0.013586 0.118096 0.504055
1693731541.467282 2.290828 1.104882 0.112867 -0.851539 0.009758 0.120132 0.510250
1693731541.533950 2.294169 1.173006 0.118786 -0.849676 0.017038 0.122686 0.512552
1693731541.600681 2.293543 1.240263 0.122844 -0.845033 0.016825 0.131480 0.518025
1693731541.667334 2.290608 1.309401 0.123506 -0.839470 0.017677 0.144202 0.523625
1693731541.734005 2.287097 1.379116 0.119908 -0.836951 0.018588 0.156317 0.524148
1693731541.800675 2.285963 1.447851 0.115754 -0.836363 0.033237 0.171065 0.519740
1693731541.867339 2.286687 1.513112 0.111053 -0.841845 0.034094 0.172313 0.510337
1693731541.934004 2.291658 1.576148 0.108128 0.853110 -0.045721 -0.164716 -0.492932
1693731542.000675 2.298901 1.637209 0.110619 0.853246 -0.042120 -0.162446 -0.493770
1693731542.067341 2.308731 1.698532 0.110962 0.851760 -0.049602 -0.165572 -0.494601
1693731542.134005 2.318959 1.759738 0.106899 0.854262 -0.061452 -0.160674 -0.490554
1693731542.200675 2.326856 1.821463 0.101334 0.854045 -0.067492 -0.164116 -0.488997
1693731542.267340 2.332985 1.886126 0.094491 0.852705 -0.061981 -0.168694 -0.490506
1693731542.334008 2.339198 1.956112 0.088545 0.847755 -0.051022 -0.178618 -0.496793
1693731542.400680 2.349490 2.029329 0.085085 -0.844603 0.050273 0.176322 0.503019
1693731542.467346 2.359584 2.105037 0.086148 -0.843854 0.048479 0.172034 0.505930
1693731542.534009 2.368007 2.180201 0.092847 0.849901 -0.051088 -0.167287 -0.497065
1693731542.600686 2.372028 2.254548 0.105241 -0.846137 0.049969 0.174797 0.501000
1693731542.667351 2.372913 2.328038 0.114812 -0.844254 0.045470 0.178773 0.503198
1693731542.734009 2.371868 2.401960 0.119904 -0.841966 0.035188 0.185803 0.505304
1693731542.800688 2.370367 2.480419 0.119214 -0.839305 0.027614 0.191868 0.507928
1693731542.867357 2.368203 2.562921 0.113959 -0.835468 0.020720 0.197522 0.512396
1693731542.934025 2.369567 2.646484 0.108929 -0.834475 0.024481 0.190639 0.516439
1693731543.000690 2.370543 2.726669 0.109941 -0.831571 0.010556 0.185443 0.523440
1693731543.067369 2.377361 2.804965 0.114167 -0.839962 0.022445 0.173094 0.513808
1693731543.134037 2.387682 2.878532 0.125503 -0.840597 0.029664 0.164357 0.515270
1693731543.200711 2.400047 2.950231 0.138153 -0.830398 0.033220 0.169824 0.529619
1693731543.267378 2.414497 3.023512 0.142175 -0.825648 0.046327 0.168320 0.536495
1693731543.334044 2.428239 3.101019 0.137901 -0.822777 0.065277 0.163126 0.540525
1693731543.400719 2.439015 3.180372 0.126275 -0.824809 0.070482 0.159736 0.537780
1693731543.467384 2.447432 3.262606 0.113814 -0.827171 0.060379 0.157058 0.536167
1693731543.534053 2.455762 3.347983 0.107404 -0.826208 0.061185 0.150766 0.539358
1693731543.600727 2.459004 3.432890 0.107523 -0.826715 0.056890 0.151254 0.538914
1693731543.667394 2.458677 3.515548 0.111157 -0.832072 0.047018 0.151735 0.531435
1693731543.734059 2.456493 3.595237 0.116972 -0.835679 0.044356 0.146681 0.527407
1693731543.800735 2.450424 3.672478 0.121888 -0.835019 0.030306 0.149932 0.528531
1693731543.867403 2.442599 3.749431 0.121733 -0.834650 0.012854 0.154919 0.528388
1693731543.934073 2.434944 3.829477 0.116842 -0.831806 -0.007703 0.160037 0.531440
1693731544.000745 2.429509 3.912398 0.108461 -0.831266 -0.015422 0.160032 0.532118
1693731544.067415 2.426559 3.994883 0.102011 -0.831297 -0.016464 0.151285 0.534590
1693731544.134079 2.424396 4.075273 0.100452 -0.833644 -0.019966 0.143144 0.533057
1693731544.200753 2.425821 4.153002 0.105261 -0.839081 -0.008542 0.136090 0.526640
1693731544.267421 2.429598 4.227079 0.115979 -0.837713 0.000609 0.133722 0.529486
1693731544.334092 2.433615 4.299234 0.125280 -0.831599 0.002035 0.139364 0.537603
1693731544.400763 2.436783 4.374072 0.126930 -0.830958 0.021263 0.142327 0.537401
1693731544.467432 2.435071 4.451776 0.122827 -0.828312 0.036011 0.147223 0.539377
1693731544.534102 2.428158 4.530867 0.112268 -0.831571 0.034774 0.154752 0.532289
1693731544.600765 2.418896 4.613154 0.103270 -0.829738 0.020355 0.163855 0.533172
1693731544.667446 2.411005 4.698087 0.099174 -0.829161 0.014816 0.161358 0.535010
1693731544.734118 2.400441 4.782372 0.100779 -0.830922 0.007991 0.164206 0.531546
1693731544.800796 2.387762 4.862941 0.106902 -0.834705 -0.002093 0.161578 0.526455
1693731544.867465 2.373044 4.939628 0.114459 -0.836276 -0.007675 0.165568 0.522657
1693731544.934132 2.357624 5.014250 0.119579 -0.836593 -0.019993 0.171903 0.519771
1693731545.000807 2.340917 5.089347 0.120968 -0.834319 -0.033010 0.177638 0.520832
1693731545.067473 2.324257 5.167899 0.118300 -0.832746 -0.039243 0.180571 0.521908
1693731545.134141 2.308817 5.249853 0.115206 -0.830606 -0.038834 0.179984 0.525538
1693731545.200813 2.295970 5.331535 0.114477 -0.829358 -0.031987 0.177496 0.528807
1693731545.267483 2.284644 5.410618 0.114505 -0.838463 -0.024448 0.171651 0.516642
1693731545.334150 2.276516 5.487167 0.121682 -0.846376 -0.018613 0.159698 0.507737
1693731545.400823 2.270403 5.560709 0.137319 -0.836011 -0.019881 0.169071 0.521638
1693731545.467491 2.265596 5.635476 0.147659 -0.827310 -0.011693 0.176050 0.533317
1693731545.534161 2.259864 5.712485 0.147233 -0.828185 0.003399 0.174795 0.532490
1693731545.600836 2.251063 5.790055 0.139951 -0.831489 0.010951 0.176675 0.526585
1693731545.667502 2.239998 5.870020 0.132001 -0.830219 0.007105 0.182095 0.526809
1693731545.734168 2.229210 5.953746 0.125035 -0.826574 0.010479 0.190401 0.529541
1693731545.800840 2.218868 6.038390 0.119473 -0.827614 0.017636 0.193861 0.526462
1693731545.867508 2.207289 6.122505 0.116724 -0.837168 0.013311 0.193547 0.511383
1693731545.934180 2.199204 6.208111 0.121601 -0.834884 0.022108 0.185313 0.517822
1693731546.067541 2.180244 6.367770 0.129045 -0.834145 0.033990 0.185182 0.518415
1693731546.134206 2.171058 6.445331 0.129941 -0.830907 0.026679 0.185395 0.523937
1693731546.200881 2.161850 6.525946 0.127557 -0.827230 0.019413 0.182698 0.530976
1693731546.267546 2.153195 6.608476 0.124064 -0.825425 0.018829 0.179281 0.534955
1693731546.334203 2.146002 6.688423 0.123736 -0.822730 0.018366 0.175303 0.540413
1693731546.400887 2.140312 6.765097 0.126915 -0.826268 0.009130 0.174004 0.535650
1693731546.467612 2.139520 6.842665 0.136809 -0.832871 0.008459 0.156276 0.530878
1693731546.534273 2.142941 6.918143 0.154082 -0.831516 0.015578 0.144104 0.536258
1693731546.600940 2.147148 6.992671 0.171366 -0.828587 0.020538 0.140001 0.541683
1693731546.667640 2.151630 7.068406 0.183357 -0.824837 0.028850 0.130370 0.549377
1693731546.734302 2.155147 7.146254 0.189713 -0.822573 0.033528 0.117956 0.555281
1693731546.800967 2.158200 7.227653 0.192444 -0.821934 0.040772 0.109908 0.557389
1693731546.867630 2.160902 7.312667 0.196915 -0.818282 0.043554 0.104710 0.563519
1693731546.934291 2.163590 7.400217 0.205096 -0.812849 0.051814 0.101979 0.571133
1693731547.000961 2.162596 7.486054 0.219199 -0.807934 0.062419 0.108895 0.575750
1693731547.067625 2.158015 7.568225 0.237733 -0.807171 0.065914 0.100662 0.577925
1693731547.134290 2.150323 7.643237 0.259779 -0.807527 0.070484 0.093845 0.578035
1693731547.200960 2.139598 7.711721 0.285556 -0.804475 0.065958 0.099684 0.581836
1693731547.267626 2.130626 7.778376 0.312702 -0.798122 0.061692 0.098943 0.591105
1693731547.334292 2.122957 7.842636 0.340786 -0.784452 0.055065 0.095615 0.610296
1693731547.400965 2.114463 7.906406 0.366698 -0.772978 0.053295 0.097718 0.624593
1693731547.467669 2.106616 7.968157 0.392248 -0.768354 0.060164 0.100567 0.629205
1693731547.534330 2.096699 8.026891 0.422098 -0.760496 0.060957 0.104641 0.637950
1693731547.600996 2.083088 8.085711 0.455412 -0.753337 0.058203 0.114383 0.644990
1693731547.667698 2.067564 8.144646 0.490498 -0.753221 0.061595 0.116349 0.644459
1693731547.734355 2.051148 8.200269 0.530088 -0.743001 0.065417 0.120568 0.655083
1693731547.801025 2.032876 8.250168 0.570260 -0.730826 0.072688 0.136920 0.664728
1693731547.867688 2.011353 8.295938 0.608897 -0.719924 0.076867 0.166658 0.669347
1693731547.934350 1.989411 8.337924 0.645225 -0.709740 0.075787 0.188669 0.674485
1693731548.001020 1.964707 8.377407 0.679462 -0.696196 0.062954 0.198947 0.686854
1693731548.067710 1.934796 8.416495 0.708591 -0.686791 0.043097 0.208517 0.694969
1693731548.134380 1.897862 8.454222 0.732061 -0.683128 0.017723 0.220575 0.695965
1693731548.201048 1.855571 8.488759 0.752536 -0.678638 -0.012878 0.236776 0.695142
1693731548.267710 1.807730 8.518850 0.770225 -0.672653 -0.047420 0.263671 0.689759
1693731548.334374 1.756473 8.541827 0.784754 -0.666400 -0.082611 0.297400 0.678705
1693731548.401044 1.702941 8.555148 0.795300 -0.661385 -0.122475 0.337870 0.658341
1693731548.467741 1.649334 8.558717 0.802968 -0.653001 -0.165183 0.373826 0.637619
1693731548.534400 1.597782 8.553298 0.806127 -0.639649 -0.203327 0.406932 0.619608
1693731548.601069 1.548339 8.541087 0.802237 -0.632364 -0.236735 0.437859 0.593592
1693731548.667780 1.502076 8.523550 0.792207 -0.627903 -0.271584 0.458402 0.567316
1693731548.734437 1.459250 8.501536 0.778050 -0.617961 -0.303283 0.474288 0.548812
1693731548.801102 1.423768 8.475031 0.759045 -0.604704 -0.332660 0.486495 0.535717
1693731548.867797 1.394365 8.443034 0.733326 -0.589383 -0.361011 0.503994 0.517965
1693731548.934453 1.369151 8.406763 0.702293 0.570979 0.395375 -0.519330 -0.497954
1693731549.001110 1.346555 8.370910 0.665747 0.564587 0.428743 -0.522513 -0.473711
1693731549.067777 1.329481 8.338090 0.627718 0.556368 0.453450 -0.521210 -0.461712
1693731549.134440 1.317085 8.308434 0.588137 0.545009 0.472221 -0.518436 -0.459562
1693731549.201108 1.308202 8.282576 0.546934 0.532696 0.486003 -0.507209 -0.471991
1693731549.267780 1.303299 8.259931 0.507826 0.528089 0.493513 -0.499725 -0.477328
1693731549.334439 1.299460 8.239361 0.470010 0.529641 0.511120 -0.483612 -0.473662
1693731549.401110 1.299356 8.218913 0.435273 0.528621 0.530459 -0.468715 -0.468486
1693731549.467769 1.300013 8.199063 0.406380 0.518702 0.541701 -0.465504 -0.469909
1693731549.534415 1.302945 8.181923 0.381287 0.509270 0.538204 -0.465867 -0.483682
1693731549.601090 1.307088 8.167285 0.360844 -0.505149 -0.519693 0.466785 0.506810
1693731549.667752 1.312469 8.156534 0.342762 -0.517716 -0.517496 0.440077 0.520097
1693731549.734415 1.317239 8.148509 0.331321 -0.537958 -0.510757 0.401066 0.537471
1693731549.801091 1.321342 8.138743 0.325295 -0.553985 -0.503601 0.385646 0.539225
1693731549.867756 1.325076 8.125309 0.320750 -0.566543 -0.504413 0.393792 0.519158
1693731549.934420 1.330914 8.111460 0.316514 -0.575746 -0.502091 0.402407 0.504470
1693731550.001094 1.338751 8.096208 0.311251 -0.566469 -0.508526 0.406000 0.505646
1693731550.067756 1.348284 8.079089 0.302784 0.555123 0.535026 -0.408254 -0.488789
1693731550.134424 1.356432 8.066096 0.292288 0.558974 0.562049 -0.410590 -0.450628
1693731550.201099 1.358764 8.067034 0.295167 0.540223 0.549702 -0.405297 -0.491652
1693731550.267772 1.358507 8.070197 0.297120 -0.531136 -0.543271 0.393741 0.517416
1693731550.334438 1.361624 8.066217 0.297157 0.545637 0.532473 -0.415827 -0.495824
1693731550.401109 1.365995 8.061705 0.295718 0.552024 0.534354 -0.427488 -0.476434
1693731550.467796 1.371183 8.061268 0.295052 0.539166 0.539976 -0.423569 -0.488175
1693731550.534459 1.375279 8.058387 0.290005 0.551830 0.549727 -0.419957 -0.465747
1693731550.601133 1.377336 8.058039 0.289456 0.555475 0.549072 -0.423581 -0.458854
1693731550.667799 1.379046 8.057752 0.292436 0.555744 0.535932 -0.434877 -0.463472
1693731550.734465 1.381883 8.057094 0.292058 0.556712 0.533224 -0.437514 -0.462952
1693731550.801136 1.384475 8.057396 0.289890 0.558593 0.532839 -0.432369 -0.465955
1693731550.867809 1.387039 8.057800 0.291108 0.553771 0.531994 -0.430142 -0.474656
1693731550.934474 1.389366 8.059367 0.292487 0.550044 0.531833 -0.426936 -0.482007
1693731551.001148 1.390289 8.058973 0.293197 0.549041 0.532118 -0.429741 -0.480340
1693731551.067818 1.390168 8.059706 0.293988 0.549572 0.526176 -0.436942 -0.479783
1693731551.134491 1.390135 8.060860 0.295281 0.543902 0.528648 -0.434025 -0.486132
1693731551.201164 1.390447 8.062834 0.296206 0.539982 0.536275 -0.422003 -0.492688
1693731551.267830 1.392625 8.064535 0.300153 -0.538398 -0.528805 0.423044 0.501524
1693731551.334493 1.395414 8.064847 0.303552 -0.539185 -0.521361 0.427206 0.504934
1693731551.401166 1.398525 8.063509 0.303143 -0.540360 -0.528040 0.420400 0.502443
1693731551.467845 1.404041 8.062896 0.303059 -0.540117 -0.531507 0.413120 0.505081
1693731551.534510 1.411446 8.062217 0.305963 -0.541362 -0.529663 0.403433 0.513445
1693731551.601182 1.419566 8.060659 0.309082 -0.542480 -0.527701 0.391319 0.523562
1693731551.667865 1.430885 8.052448 0.305943 -0.553649 -0.539458 0.372155 0.513769
1693731551.734823 1.443229 8.042333 0.310191 -0.552076 -0.528741 0.363643 0.532361
1693731551.868358 1.468456 8.009884 0.317874 -0.540648 -0.537344 0.366910 0.533234
1693731551.934973 1.483938 7.989384 0.319192 -0.533480 -0.545479 0.375701 0.526024
1693731552.068270 1.523346 7.945483 0.322433 -0.521924 -0.558944 0.389690 0.513145
1693731552.134893 1.547035 7.921470 0.323812 -0.512626 -0.568622 0.400603 0.503390
1693731552.201530 1.574049 7.894071 0.325726 0.496443 0.581821 -0.416553 -0.491439
1693731552.268162 1.605705 7.862624 0.328443 0.477683 0.595058 -0.436749 -0.476419
1693731552.334801 1.643329 7.826744 0.330174 0.451590 0.614264 -0.455278 -0.459857
1693731552.401447 1.687110 7.786301 0.330435 0.418648 0.636726 -0.473570 -0.441640
1693731552.468092 1.736938 7.740490 0.329333 0.383876 0.664605 -0.487601 -0.416155
1693731552.534734 1.791343 7.688458 0.330190 0.346931 0.689194 -0.506565 -0.384763
1693731552.601390 1.848714 7.631890 0.333620 0.312034 0.708435 -0.527457 -0.350063
1693731552.668036 1.907294 7.572387 0.337969 0.276908 0.722159 -0.548496 -0.317743
1693731552.734688 1.966198 7.510775 0.340990 0.241126 0.731000 -0.568571 -0.290215
1693731552.801350 2.025756 7.446533 0.341045 0.207880 0.736816 -0.586563 -0.264257
1693731552.868004 2.086349 7.378374 0.336784 0.179804 0.743213 -0.599339 -0.236851
1693731552.934662 2.148630 7.305355 0.329002 0.157692 0.749787 -0.607170 -0.210467
1693731553.001327 2.211690 7.230768 0.321192 0.139839 0.757383 -0.610015 -0.186271
1693731553.067989 2.272778 7.157459 0.318222 0.121868 0.757504 -0.619392 -0.166398
1693731553.134650 2.328658 7.085900 0.318494 0.107090 0.756867 -0.628087 -0.145572
1693731553.201315 2.379219 7.015177 0.318554 0.084434 0.762207 -0.629717 -0.123968
1693731553.268008 2.424960 6.942484 0.318206 0.058506 0.762778 -0.635445 -0.104677
1693731553.334667 2.465922 6.866754 0.315703 0.037655 0.756920 -0.646801 -0.085456
1693731553.396341 2.498915 6.794387 0.308718 0.019520 0.754967 -0.651572 -0.071393
1693731553.463001 2.529575 6.711159 0.296144 0.007272 0.756911 -0.650501 -0.062306
1693731553.529661 2.557523 6.619811 0.279921 -0.001438 0.758689 -0.649220 -0.053876
1693731553.586339 2.579796 6.535880 0.265964 -0.009731 0.750862 -0.658828 -0.045358
1693731553.652992 2.602653 6.432103 0.249299 -0.012742 0.737250 -0.674342 -0.039538
1693731553.719669 2.621216 6.328124 0.235163 -0.009989 0.736686 -0.674877 -0.041657
1693731553.853024 2.657413 6.126367 0.219963 -0.024607 0.733449 -0.677640 -0.047453
1693731553.919692 2.675466 6.024419 0.211006 -0.027213 0.743089 -0.666732 -0.050462
1693731553.986379 2.692847 5.918194 0.199700 -0.028562 0.745669 -0.663898 -0.049002
1693731554.053045 2.710779 5.806016 0.182259 -0.027043 0.741894 -0.668388 -0.046042
1693731554.119713 2.729205 5.686663 0.157588 -0.021377 0.734291 -0.677102 -0.043516
1693731554.186388 2.746522 5.564781 0.130921 -0.016034 0.728944 -0.682576 -0.049735
1693731554.253044 2.762656 5.441402 0.110830 -0.005334 0.721320 -0.689887 -0.061036
1693731554.319710 2.775079 5.322709 0.099124 0.005590 0.721037 -0.688475 -0.077946
1693731554.386374 2.782332 5.209245 0.091618 0.005255 0.724293 -0.683907 -0.087428
1693731554.453033 2.790598 5.097267 0.084940 -0.004806 0.735406 -0.672136 -0.085951
1693731554.519699 2.804006 4.979912 0.076853 -0.010303 0.730803 -0.678297 -0.075722
1693731554.586378 2.821109 4.859921 0.061773 -0.020579 0.721206 -0.689822 -0.059860
1693731554.653036 2.838364 4.740821 0.042541 -0.038090 0.709584 -0.702189 -0.044386
1693731554.719704 2.853097 4.625551 0.027138 0.046713 -0.702429 0.709209 0.037862
1693731554.786372 2.863842 4.516628 0.017864 -0.048944 0.710167 -0.701122 -0.041161
1693731554.853033 2.873770 4.415694 0.016167 -0.061682 0.711432 -0.698771 -0.042181
1693731554.919700 2.883890 4.318670 0.018053 -0.070331 0.713682 -0.695868 -0.038452
1693731554.986379 2.895129 4.221456 0.018312 -0.078265 0.710595 -0.698731 -0.026541
1693731555.053050 2.905439 4.124423 0.013166 0.081946 -0.701115 0.708150 0.015700
1693731555.119732 2.914974 4.025789 0.000303 0.083824 -0.699521 0.709610 0.009917
1693731555.186391 2.924526 3.924285 -0.013562 0.081015 -0.703984 0.705501 0.010539
1693731555.253053 2.936006 3.822817 -0.019186 0.069422 -0.700491 0.709998 0.019907
1693731555.319726 2.947480 3.724947 -0.015486 0.055299 -0.699469 0.711420 0.039577
1693731555.386405 2.954228 3.638368 -0.003390 0.050999 -0.691209 0.719001 0.051638
1693731555.453075 2.957433 3.562441 0.006360 0.055997 -0.695175 0.714660 0.053461
1693731555.519748 2.960162 3.488128 0.011464 0.050225 -0.701302 0.709600 0.046051
1693731555.586414 2.961141 3.415674 0.012107 0.045181 -0.697051 0.714877 0.032084
1693731555.653084 2.960061 3.345667 0.005349 0.046373 -0.692000 0.720069 0.022043
1693731555.719758 2.955386 3.276181 -0.007748 0.047785 -0.695976 0.716185 0.020327
1693731555.786438 2.949308 3.204255 -0.020039 0.044749 -0.697586 0.714854 0.018842
1693731555.853098 2.941383 3.133675 -0.024808 0.042180 -0.694648 0.717936 0.015919
1693731555.919776 2.931678 3.068232 -0.020868 0.039529 -0.699916 0.713006 0.013324
1693731555.986451 2.921872 3.010782 -0.009408 0.044430 -0.696673 0.715955 0.009017
1693731556.053104 2.911577 2.960488 0.002404 0.053984 -0.691040 0.720785 0.004183
1693731556.119787 2.899530 2.911582 0.008233 0.059951 -0.689135 0.722122 0.006150
1693731556.186477 2.886451 2.862461 0.006460 0.064448 -0.688729 0.722125 0.005856
1693731556.253144 2.872637 2.811606 -0.001885 0.065354 -0.690683 0.720191 0.003289
1693731556.319817 2.858484 2.756409 -0.012446 0.058314 -0.696430 0.715251 0.001256
1693731556.386497 2.842563 2.700102 -0.017740 0.043937 -0.697886 0.714856 0.002269
1693731556.453174 2.823540 2.644600 -0.015198 0.032532 -0.703930 0.709144 0.023227
1693731556.519843 2.802087 2.594446 -0.002913 0.020436 -0.702028 0.710534 0.043352
1693731556.586501 2.777073 2.551944 0.010795 0.010127 -0.698295 0.713682 0.054226
1693731556.653180 2.750895 2.513138 0.018428 -0.000356 -0.699677 0.712017 0.059021
1693731556.719848 2.726222 2.474482 0.018236 -0.011274 -0.699579 0.711897 0.060537
1693731556.786511 2.702408 2.435021 0.010092 -0.018822 -0.698620 0.712283 0.065020
1693731556.853170 2.678253 2.393239 -0.002457 -0.020937 -0.701688 0.708905 0.068186
1693731556.919843 2.653336 2.350353 -0.009618 -0.024592 -0.700826 0.709594 0.068666
1693731556.986518 2.629350 2.306583 -0.007098 0.027585 0.705949 -0.703674 -0.075619
1693731557.053183 2.607948 2.267226 0.004961 -0.024516 -0.704569 0.704870 0.078361
1693731557.119853 2.587775 2.235880 0.020438 -0.016419 -0.699499 0.710113 0.078551
1693731557.186531 2.567557 2.205241 0.032321 -0.012712 -0.700695 0.708075 0.086576
1693731557.253198 2.547681 2.172279 0.037183 -0.007653 -0.700552 0.707990 0.088985
1693731557.319867 2.528437 2.137397 0.034531 -0.003608 -0.692330 0.716680 0.083879
1693731557.386556 2.510510 2.098767 0.025645 -0.004123 -0.690431 0.719129 0.078363
1693731557.453209 2.494004 2.057033 0.018522 -0.009176 -0.694396 0.715232 0.078571
1693731557.519891 2.480421 2.014268 0.021216 -0.017714 -0.696805 0.711474 0.089187
1693731557.586564 2.469746 1.972828 0.034322 -0.024294 -0.700974 0.704849 0.105990
1693731557.653230 2.457387 1.938334 0.054150 -0.024236 -0.695011 0.709625 0.113161
1693731557.719909 2.444045 1.909112 0.070359 -0.028026 -0.692812 0.712523 0.107410
1693731557.786582 2.431488 1.879753 0.076831 -0.030947 -0.696767 0.709572 0.100331
1693731557.853247 2.421169 1.849113 0.075238 -0.033593 -0.697881 0.709256 0.093750
1693731557.919907 2.411596 1.815769 0.066716 -0.030916 -0.701311 0.706316 0.091235
1693731557.986602 2.402707 1.779424 0.059424 -0.027528 -0.701859 0.706803 0.084051
1693731558.053267 2.393990 1.741471 0.059850 -0.025699 -0.699961 0.709252 0.079730
1693731558.119934 2.387691 1.701632 0.068890 0.024455 0.705334 -0.704238 -0.077166
1693731558.186601 2.383207 1.665218 0.085810 -0.019764 -0.698192 0.712392 0.068084
1693731558.253276 2.379169 1.633469 0.100689 -0.010034 -0.698206 0.713559 0.056937
1693731558.319946 2.374473 1.600038 0.110116 -0.005480 -0.701751 0.710074 0.057538
1693731558.386632 2.368868 1.563467 0.113428 -0.001323 -0.696355 0.715489 0.056232
1693731558.453297 2.363595 1.523851 0.107918 0.006674 -0.689918 0.722130 0.049968
1693731558.519963 2.359798 1.479588 0.097625 0.004720 -0.691628 0.720933 0.043401
1693731558.586636 2.356625 1.432171 0.092536 -0.008523 -0.692268 0.719943 0.048733
1693731558.653300 2.355137 1.383545 0.095018 -0.019298 -0.698046 0.712862 0.064710
1693731558.719982 2.354927 1.338322 0.107711 -0.025353 -0.698033 0.711915 0.072690
1693731558.786653 2.351912 1.297373 0.123577 -0.031241 -0.690682 0.718627 0.074547
1693731558.853317 2.347084 1.259474 0.133711 -0.033415 -0.692907 0.716823 0.070204
1693731558.919985 2.342156 1.220658 0.135487 -0.032585 -0.696722 0.713365 0.068022
1693731558.986671 2.338285 1.180062 0.128640 -0.035492 -0.700184 0.710064 0.065513
1693731559.053333 2.335023 1.137351 0.115147 0.031440 0.708154 -0.702821 -0.059768
1693731559.120003 2.332728 1.093349 0.103246 0.023713 0.711942 -0.700070 -0.049780
1693731559.186688 2.331217 1.049283 0.099175 0.016486 0.710606 -0.702028 -0.043869
1693731559.253355 2.330147 1.009140 0.102307 0.005474 0.719513 -0.693040 -0.044339
1693731559.320020 2.329821 0.972568 0.112532 -0.003351 0.709418 -0.703436 -0.043497
1693731559.386705 2.330931 0.941298 0.121411 -0.007919 0.707053 -0.706145 -0.037060
1693731559.453370 2.332151 0.913400 0.125482 -0.012212 0.710336 -0.702687 -0.038791
1693731559.520048 2.334047 0.888701 0.126498 -0.008070 0.707610 -0.705422 -0.040024
1693731559.586721 2.339941 0.865123 0.124409 -0.016482 0.707216 -0.705909 -0.035594
1693731559.653378 2.345959 0.844207 0.116535 -0.041006 0.728335 -0.681753 -0.055322
1693731559.720038 2.350527 0.827007 0.113884 -0.026362 0.724063 -0.686804 -0.057782
1693731559.786696 2.354997 0.807310 0.116836 -0.025664 0.721210 -0.689206 -0.064754
1693731559.853348 2.360199 0.791283 0.118770 -0.024462 0.718416 -0.692251 -0.063789
1693731559.920019 2.362947 0.776724 0.117330 -0.021257 0.720524 -0.690051 -0.064988
1693731559.986676 2.364517 0.763469 0.115640 -0.014697 0.722169 -0.688179 -0.068302
1693731560.053361 2.366944 0.751364 0.114142 -0.007855 0.723211 -0.687117 -0.069098
1693731560.120039 2.370618 0.740584 0.115305 -0.000228 0.720297 -0.690130 -0.069948
1693731560.186709 2.375121 0.730097 0.114674 0.008322 0.721047 -0.689378 -0.069136
1693731560.253369 2.382952 0.718222 0.115030 0.013437 0.716935 -0.694169 -0.062874
1693731560.320034 2.388759 0.706205 0.116467 0.021376 0.710307 -0.700198 -0.068764
1693731560.386702 2.393061 0.695010 0.114202 0.029920 0.710643 -0.699365 -0.070569
1693731560.453363 2.396426 0.680767 0.111160 0.024202 0.711070 -0.700571 -0.054720
1693731560.520024 2.395420 0.660791 0.109808 -0.012892 -0.697528 0.715746 0.031548
1693731560.596697 2.386938 0.630218 0.104442 -0.017392 -0.705457 0.707485 0.038624
1693731560.663360 2.374178 0.596819 0.099126 0.036425 0.721140 -0.690666 -0.040125
1693731560.730025 2.360112 0.558745 0.096649 0.034865 0.720468 -0.691140 -0.045123
1693731560.801698 2.343371 0.513730 0.094340 0.028220 0.722704 -0.688881 -0.048434
1693731560.868366 2.327517 0.465418 0.093346 0.022884 0.724892 -0.686751 -0.048803
1693731560.935086 2.312041 0.413798 0.093733 0.020375 0.725581 -0.687253 -0.028287
1693731561.001756 2.296600 0.361351 0.094057 0.017266 0.740826 -0.671460 -0.004491
1693731561.068462 2.278739 0.308619 0.098610 0.019364 0.757291 -0.652778 -0.004054
1693731561.135135 2.262469 0.258819 0.111790 0.010477 0.769901 -0.638050 -0.005968
1693731561.201809 2.248433 0.208877 0.133743 0.001408 0.767925 -0.640384 0.014085
1693731561.268475 2.232966 0.159725 0.158030 0.011171 0.764610 -0.644207 0.015642
1693731561.335137 2.219405 0.111367 0.182403 0.018894 0.763259 -0.645691 0.012694
1693731561.401805 2.210073 0.059060 0.207260 0.013609 0.765166 -0.643615 0.009737
1693731561.468473 2.202701 0.004783 0.231064 0.017289 0.768700 -0.639280 0.011046
1693731561.535132 2.197263 -0.054015 0.254116 0.028318 0.765894 -0.642170 0.014898
1693731561.601802 2.192512 -0.116819 0.274599 0.039888 0.761553 -0.646849 0.005725
1693731561.668470 2.189845 -0.180941 0.293904 0.049244 0.759074 -0.649116 -0.005482
1693731561.735133 2.189197 -0.247638 0.313323 0.061365 0.755021 -0.652810 -0.004193
1693731561.801804 2.190903 -0.315478 0.334478 0.076459 0.755093 -0.651060 -0.010462
1693731561.868466 2.190730 -0.380030 0.359418 0.092927 0.750410 -0.654261 -0.013836
1693731561.935167 2.190784 -0.442204 0.384152 0.109641 0.746094 -0.656719 -0.006546
1693731562.001834 2.188656 -0.501477 0.406534 0.121034 0.740895 -0.660581 -0.007615
1693731562.068487 2.184636 -0.560459 0.427908 0.132436 0.728883 -0.671675 -0.006586
1693731562.135196 2.177566 -0.619284 0.445793 0.141829 0.716909 -0.682538 -0.008227
1693731562.201863 2.166308 -0.678445 0.460504 0.150668 0.708394 -0.689506 -0.007702
1693731562.268557 2.149716 -0.737014 0.474228 0.162916 0.698821 -0.696421 -0.010262
1693731562.335221 2.126317 -0.793842 0.488566 -0.182863 -0.691032 0.699263 0.008219
1693731562.401884 2.098507 -0.849697 0.504384 -0.211007 -0.683705 0.698586 0.001026
1693731562.468585 2.067748 -0.901797 0.520369 -0.235655 -0.676924 0.697289 0.005284
1693731562.535240 2.032727 -0.946811 0.535225 -0.264442 -0.661037 0.702035 0.015720
1693731562.601905 1.996378 -0.985579 0.541517 -0.295559 -0.656356 0.693769 0.022926
1693731562.668562 1.959736 -1.019184 0.541060 -0.323962 -0.654101 0.682930 0.028396
1693731562.735220 1.922332 -1.049474 0.533870 -0.349909 -0.648607 0.674619 0.041962
1693731562.801884 1.886376 -1.079081 0.519190 -0.377001 -0.644776 0.662638 0.055186
1693731562.868537 1.853232 -1.107391 0.497355 0.405082 0.646865 -0.642790 -0.065534
1693731562.935260 1.826246 -1.135462 0.472777 0.423145 0.655146 -0.621659 -0.072612
1693731563.001926 1.803516 -1.162133 0.450328 0.436446 0.658190 -0.608993 -0.073676
1693731563.068583 1.781685 -1.184938 0.426288 0.447535 0.665801 -0.590682 -0.086697
1693731563.135235 1.759238 -1.202050 0.404837 0.459895 0.666807 -0.577682 -0.100738
1693731563.201914 1.735481 -1.211802 0.383014 0.474994 0.663285 -0.567147 -0.113035
1693731563.268574 1.712332 -1.215990 0.358594 0.483215 0.664607 -0.554806 -0.130351
1693731563.335265 1.688202 -1.214693 0.331249 0.488276 0.669846 -0.538315 -0.152016
1693731563.401930 1.663357 -1.210102 0.302444 0.494885 0.674139 -0.522028 -0.167666
1693731563.468621 1.636492 -1.203825 0.271570 0.503894 0.674430 -0.511533 -0.171959
1693731563.535306 1.605693 -1.195953 0.240143 0.507679 0.675261 -0.502731 -0.183155
1693731563.601965 1.570573 -1.185428 0.208939 0.504564 0.679627 -0.494487 -0.197498
1693731563.668712 1.532947 -1.170048 0.178718 0.512184 0.685969 -0.472604 -0.209191
1693731563.735350 1.491096 -1.151075 0.156606 0.517071 0.681988 -0.462661 -0.231248
1693731563.802041 1.444139 -1.130483 0.144022 0.524781 0.671125 -0.457587 -0.254578
1693731563.868742 1.396374 -1.108322 0.139009 0.536792 0.652513 -0.459365 -0.273979
1693731563.935392 1.350467 -1.086408 0.135221 0.553404 0.636905 -0.450350 -0.292029
1693731564.002048 1.307225 -1.068532 0.131132 0.561513 0.632821 -0.437757 -0.304319
1693731564.135394 1.215676 -1.047787 0.128102 0.567015 0.626567 -0.420309 -0.330528
1693731564.202052 1.168803 -1.042992 0.126678 0.570031 0.631333 -0.412128 -0.326548
1693731564.268703 1.118768 -1.041974 0.125884 0.571843 0.633291 -0.416204 -0.314187
1693731564.335382 1.062063 -1.041599 0.124709 0.578575 0.628313 -0.419324 -0.307636
1693731564.402043 1.001737 -1.041650 0.123247 0.583636 0.621886 -0.418931 -0.311646
1693731564.468751 0.938989 -1.042010 0.123467 0.588033 0.612679 -0.418820 -0.321608
1693731564.535419 0.876768 -1.043266 0.126741 0.590791 0.607849 -0.414263 -0.331470
1693731564.602078 0.816724 -1.044974 0.135130 0.594618 0.605144 -0.412889 -0.331290
1693731564.668776 0.758424 -1.045359 0.147578 0.598127 0.604553 -0.409862 -0.329806
1693731564.735448 0.701971 -1.043949 0.162313 0.600235 0.601604 -0.408479 -0.333070
1693731564.802104 0.645616 -1.041274 0.177539 0.599733 0.594354 -0.416989 -0.336429
1693731564.868801 0.587801 -1.039121 0.188007 0.601011 0.587041 -0.424875 -0.337120
1693731564.935448 0.528548 -1.037571 0.192491 0.601375 0.579369 -0.431977 -0.340697
1693731565.002132 0.467038 -1.036117 0.192027 0.598660 0.576099 -0.436739 -0.344927
1693731565.068781 0.401791 -1.033289 0.190244 0.594088 0.573873 -0.442263 -0.349475
1693731565.135431 0.332476 -1.029142 0.189104 0.591280 0.567381 -0.451819 -0.352599
1693731565.202119 0.260954 -1.023261 0.189982 0.589265 0.561104 -0.459057 -0.356645
1693731565.268774 0.187924 -1.017017 0.193733 0.589074 0.562620 -0.453389 -0.361786
1693731565.335437 0.115457 -1.013719 0.202202 0.580383 0.560981 -0.454700 -0.376435
1693731565.402095 0.046526 -1.015494 0.207823 0.585916 0.557777 -0.450822 -0.377288
1693731565.468748 -0.019105 -1.021231 0.211426 0.583915 0.564202 -0.447325 -0.374993
1693731565.535421 -0.085249 -1.029112 0.211654 0.585042 0.568035 -0.450748 -0.363164
1693731565.602082 -0.152524 -1.038602 0.211746 0.592320 0.565430 -0.453268 -0.352127
1693731565.668783 -0.221560 -1.047975 0.212908 0.594052 0.560168 -0.457339 -0.352357
1693731565.735437 -0.290567 -1.055344 0.216861 0.601916 0.548167 -0.458650 -0.356160
1693731565.802100 -0.358081 -1.062787 0.223340 0.606718 0.545253 -0.460694 -0.349790
1693731565.868804 -0.423552 -1.066796 0.231756 0.622127 0.536912 -0.458354 -0.338518
1693731565.935473 -0.486491 -1.067090 0.242158 0.626090 0.527227 -0.463644 -0.339229
1693731566.002133 -0.547754 -1.064892 0.248846 0.639101 0.508428 -0.471254 -0.333121
1693731566.068804 -0.607497 -1.062502 0.249376 0.656728 0.495005 -0.467595 -0.324087
1693731566.135464 -0.666640 -1.060751 0.248456 0.665052 0.487508 -0.461531 -0.327156
1693731566.202152 -0.727406 -1.060767 0.246118 0.665196 0.481807 -0.466960 -0.327604
1693731566.268817 -0.790345 -1.061415 0.239608 0.667341 0.479503 -0.470785 -0.321082
1693731566.335462 -0.857804 -1.062674 0.231060 0.669028 0.479568 -0.474880 -0.311297
1693731566.402162 -0.928910 -1.064235 0.224514 0.670145 0.479380 -0.478759 -0.303133
1693731566.468818 -1.000506 -1.066784 0.222649 0.668877 0.482289 -0.483438 -0.293750
1693731566.535481 -1.071187 -1.069770 0.225680 0.667822 0.488559 -0.487211 -0.279192
1693731566.602145 -1.138079 -1.070677 0.234555 0.665484 0.484669 -0.495221 -0.277459
1693731566.668802 -1.200608 -1.072068 0.242794 0.674194 0.474220 -0.496029 -0.273008
1693731566.735461 -1.260355 -1.074924 0.247229 0.679133 0.469972 -0.492723 -0.274096
1693731566.802123 -1.319848 -1.081475 0.247891 0.677854 0.471163 -0.493206 -0.274350
1693731566.868780 -1.380212 -1.089634 0.243718 0.681460 0.468079 -0.490563 -0.275431
1693731566.935447 -1.441954 -1.098848 0.238404 0.687166 0.459742 -0.490742 -0.274977
1693731567.002117 -1.503624 -1.107419 0.233404 0.695330 0.449977 -0.491079 -0.269961
1693731567.068783 -1.565817 -1.115195 0.230414 0.697749 0.449348 -0.488554 -0.269346
1693731567.135443 -1.627489 -1.118577 0.232726 0.699263 0.445345 -0.485779 -0.276980
1693731567.202114 -1.684815 -1.115380 0.235416 0.710314 0.436803 -0.475215 -0.280765
1693731567.268767 -1.738365 -1.103037 0.238974 0.721348 0.416761 -0.462173 -0.303913
1693731567.335437 -1.788166 -1.086654 0.237131 0.733217 0.401276 -0.445047 -0.321409
1693731567.402135 -1.836397 -1.069760 0.230207 0.745032 0.392504 -0.425351 -0.331580
1693731567.468794 -1.885162 -1.053195 0.222403 0.753337 0.380334 -0.417010 -0.337539
1693731567.535454 -1.935052 -1.036986 0.212680 0.755471 0.377644 -0.407256 -0.347551
1693731567.602139 -1.987291 -1.020786 0.200977 0.757849 0.379089 -0.404666 -0.343805
1693731567.668799 -2.042600 -1.002197 0.190354 0.756668 0.379251 -0.409004 -0.341083
1693731567.735459 -2.104117 -0.981620 0.181979 0.750470 0.383127 -0.417139 -0.340592
1693731567.802130 -2.172425 -0.960169 0.178029 0.746341 0.384294 -0.425804 -0.337616
1693731567.868791 -2.242193 -0.937119 0.180291 0.746989 0.378548 -0.430221 -0.337073
1693731567.935446 -2.309153 -0.915493 0.189215 0.743424 0.378724 -0.433925 -0.339998
1693731568.002126 -2.372353 -0.897271 0.200449 0.729629 0.386831 -0.444054 -0.347592
1693731568.068795 -2.433830 -0.882463 0.207795 0.730726 0.389611 -0.439396 -0.348102
1693731568.135457 -2.494263 -0.871121 0.212971 0.737844 0.383509 -0.434837 -0.345579
1693731568.202129 -2.555889 -0.862937 0.216973 0.735461 0.382624 -0.432143 -0.354892
1693731568.268795 -2.619631 -0.856511 0.218102 0.728431 0.386628 -0.433659 -0.363106
1693731568.335458 -2.684693 -0.848001 0.215728 0.725977 0.390406 -0.429947 -0.368357
1693731568.402129 -2.751745 -0.836457 0.212918 0.723785 0.386139 -0.431206 -0.375624
1693731568.468796 -2.818734 -0.821187 0.210228 0.728014 0.375373 -0.430673 -0.378961
1693731568.535460 -2.884730 -0.804854 0.206570 0.738122 0.367948 -0.424698 -0.373391
1693731568.602136 -2.948657 -0.788284 0.201271 0.752590 0.376374 -0.403552 -0.359302
1693731568.668803 -3.011164 -0.771041 0.199750 0.755272 0.384799 -0.399081 -0.349611
1693731568.735458 -3.072432 -0.751130 0.199254 0.760011 0.379468 -0.398221 -0.346132
1693731568.802131 -3.133227 -0.732062 0.195948 0.767879 0.376020 -0.393978 -0.337272
1693731568.868808 -3.194981 -0.717319 0.189025 0.764933 0.394712 -0.393327 -0.323068
1693731568.935475 -3.258332 -0.702894 0.180061 0.745651 0.428493 -0.400603 -0.316093
1693731569.002140 -3.323634 -0.688382 0.172495 0.702996 0.471579 -0.418164 -0.329467
1693731569.068817 -3.389826 -0.672659 0.166079 0.664361 0.510728 -0.430593 -0.335217
1693731569.135483 -3.454878 -0.661852 0.162725 0.636107 0.554178 -0.430398 -0.320955
1693731569.202157 -3.518884 -0.655859 0.166627 0.613934 0.589028 -0.430408 -0.301462
1693731569.268820 -3.581044 -0.658356 0.175862 0.567180 0.627514 -0.445944 -0.292688
1693731569.335496 -3.640594 -0.667481 0.183418 0.536314 0.652817 -0.460272 -0.272667
1693731569.402181 -3.695246 -0.682102 0.188992 0.505153 0.677839 -0.474771 -0.244840
1693731569.468851 -3.747498 -0.700634 0.193607 0.462962 0.700377 -0.491747 -0.230918
1693731569.535518 -3.799442 -0.722648 0.195741 0.426241 0.715669 -0.511869 -0.210064
1693731569.602194 -3.852596 -0.748532 0.194301 0.400806 0.726777 -0.525556 -0.186922
1693731569.668862 -3.905663 -0.775845 0.192066 0.377388 0.733770 -0.538132 -0.171971
1693731569.735532 -3.955964 -0.804735 0.188722 0.348816 0.748379 -0.543267 -0.152043
1693731569.802212 -4.008209 -0.834273 0.186688 0.329829 0.766909 -0.535295 -0.128542
1693731569.868874 -4.062712 -0.864338 0.191197 0.305863 0.778868 -0.532905 -0.125794
1693731569.935544 -4.118292 -0.894877 0.199118 0.290562 0.780242 -0.540310 -0.121909
1693731570.002219 -4.170514 -0.927723 0.205194 0.280292 0.781512 -0.547588 -0.104035
1693731570.068888 -4.219221 -0.963542 0.209067 0.259971 0.783630 -0.557055 -0.089596
1693731570.135576 -4.266747 -1.002646 0.211906 0.239129 0.785337 -0.566063 -0.075070
1693731570.202250 -4.314199 -1.043805 0.214201 0.217764 0.785244 -0.575373 -0.070118
1693731570.268915 -4.359011 -1.086382 0.216833 0.188543 0.787631 -0.583544 -0.059708
1693731570.335584 -4.401573 -1.132075 0.221051 0.162515 0.792325 -0.586684 -0.040147
1693731570.402256 -4.441846 -1.181053 0.228073 0.146740 0.797152 -0.585358 -0.019309
1693731570.468922 -4.477115 -1.230797 0.240510 0.118133 0.801915 -0.585635 -0.002950
1693731570.535596 -4.506639 -1.284338 0.255284 0.090946 0.800947 -0.591364 0.022404
1693731570.602264 -4.530561 -1.340104 0.269204 0.072570 0.798366 -0.596837 0.033630
1693731570.668932 -4.546702 -1.392756 0.281320 0.043877 0.795520 -0.601970 0.053427
1693731570.735598 -4.557771 -1.442951 0.290788 0.007774 0.788760 -0.610270 0.073270
1693731570.802273 -4.564727 -1.490880 0.297698 -0.029998 0.780788 -0.616870 0.094557
1693731570.868942 -4.570561 -1.537842 0.303376 -0.058089 0.773578 -0.620545 0.114573
1693731570.935607 -4.573054 -1.580643 0.311050 -0.075285 0.765170 -0.621555 0.150055
1693731571.002284 -4.569655 -1.620756 0.317000 -0.103799 0.764932 -0.608789 0.182981
1693731571.068949 -4.564703 -1.655968 0.324571 -0.145663 0.754579 -0.607682 0.200288
1693731571.135606 -4.556008 -1.686171 0.332403 -0.182121 0.743649 -0.601236 0.228767
1693731571.202293 -4.544499 -1.710301 0.338402 -0.220650 0.730676 -0.590468 0.262248
1693731571.268962 -4.531087 -1.728880 0.344821 -0.262790 0.709430 -0.581073 0.300008
1693731571.335635 -4.518121 -1.740347 0.351450 -0.306505 0.681178 -0.570174 0.341982
1693731571.402301 -4.506977 -1.747635 0.355487 -0.350008 0.655249 -0.548728 0.383458
1693731571.468978 -4.496786 -1.751509 0.356375 -0.396600 0.629977 -0.524913 0.412680
1693731571.535647 -4.488776 -1.750794 0.357567 -0.439978 0.603355 -0.503321 0.434798
1693731571.602320 -4.482018 -1.742634 0.359289 -0.480669 0.574133 -0.475439 0.461829
1693731571.668988 -4.476909 -1.725456 0.361409 -0.516555 0.545050 -0.442090 0.490558
1693731571.735654 -4.473584 -1.699223 0.363117 -0.550883 0.514721 -0.413593 0.510422
1693731571.802331 -4.472505 -1.663489 0.364214 -0.587054 0.477740 -0.380075 0.531673
1693731571.868997 -4.472564 -1.621963 0.364266 -0.618370 0.443168 -0.341338 0.552005
1693731571.935663 -4.473298 -1.577038 0.364500 -0.646780 0.407410 -0.312258 0.564082
1693731572.002339 -4.473436 -1.528597 0.365069 -0.672145 0.369275 -0.283228 0.575880
1693731572.069008 -4.473098 -1.477478 0.365151 -0.691349 0.336193 -0.251754 0.587904
1693731572.135674 -4.471816 -1.423236 0.363515 -0.709025 0.305781 -0.222537 0.595196
1693731572.202352 -4.470093 -1.365445 0.360285 -0.724313 0.278234 -0.191759 0.600986
1693731572.269018 -4.469812 -1.303979 0.353991 -0.739781 0.253557 -0.162916 0.601574
1693731572.335685 -4.469350 -1.239511 0.344074 -0.755366 0.226466 -0.139513 0.598892
1693731572.402360 -4.469428 -1.172337 0.332500 -0.766040 0.204794 -0.116577 0.598040
1693731572.469029 -4.469190 -1.104088 0.318449 -0.771693 0.190977 -0.093765 0.599355
1693731572.535694 -4.469528 -1.034972 0.300649 -0.778952 0.186639 -0.064760 0.595152
1693731572.602370 -4.470010 -0.967207 0.280138 -0.786534 0.188814 -0.042740 0.586418
1693731572.669034 -4.472441 -0.903036 0.259068 -0.797244 0.181271 -0.029084 0.575063
1693731572.735704 -4.476096 -0.842110 0.237304 -0.811189 0.171963 -0.015170 0.558722
1693731572.802382 -4.479456 -0.783602 0.216656 -0.823528 0.158798 -0.012183 0.544459
1693731572.869050 -4.482675 -0.726027 0.196310 -0.834817 0.136798 -0.009882 0.533169
1693731572.935715 -4.484831 -0.668078 0.174291 -0.843740 0.121332 -0.003321 0.522848
1693731573.002384 -4.483866 -0.609851 0.150131 -0.852413 0.107718 0.000786 0.511652
1693731573.069060 -4.479568 -0.549668 0.123325 -0.860099 0.096276 0.000784 0.500960
1693731573.135727 -4.471598 -0.484960 0.095541 0.866236 -0.077991 0.010338 -0.493403
1693731573.202403 -4.460218 -0.416795 0.072407 0.868262 -0.069502 0.022757 -0.490686
1693731573.269069 -4.449943 -0.347702 0.060004 0.865937 -0.061887 0.020943 -0.495867
1693731573.335733 -4.442362 -0.276879 0.057176 0.863425 -0.069316 -0.002126 -0.499687
1693731573.402411 -4.438005 -0.201337 0.059000 -0.860038 0.083062 0.027181 0.502690
1693731573.469077 -4.436057 -0.125713 0.062491 -0.860936 0.086316 0.033312 0.500229
1693731573.535748 -4.436481 -0.050231 0.067537 -0.859760 0.083737 0.048295 0.501465
1693731573.602423 -4.437173 0.024110 0.071805 -0.856329 0.075162 0.066009 0.506649
1693731573.669092 -4.435607 0.100170 0.073591 -0.852288 0.072315 0.083832 0.511223
1693731573.735756 -4.429788 0.177133 0.072150 -0.849385 0.083559 0.098408 0.511741
1693731573.802429 -4.419061 0.252799 0.071175 -0.846985 0.101693 0.103505 0.511431
1693731573.869099 -4.403806 0.326477 0.070961 0.849823 -0.129637 -0.117161 -0.497262
1693731573.935767 -4.381648 0.396124 0.074874 0.852082 -0.166250 -0.122445 -0.480961
1693731574.002441 -4.353056 0.463179 0.083559 0.845194 -0.184257 -0.112821 -0.488843
1693731574.069111 -4.321901 0.527709 0.091267 0.837281 -0.200128 -0.111654 -0.496431
1693731574.135777 -4.289881 0.591765 0.094483 0.834734 -0.216026 -0.104758 -0.495558
1693731574.202453 -4.259180 0.656382 0.095946 -0.830168 0.221085 0.101046 0.501729
1693731574.269121 -4.229519 0.722442 0.095229 -0.828934 0.206491 0.091825 0.511662
1693731574.335789 -4.199781 0.791088 0.094362 -0.828470 0.182852 0.079858 0.523283
1693731574.402466 -4.171386 0.862288 0.096037 -0.825541 0.167146 0.074304 0.533875
1693731574.469126 -4.146956 0.935432 0.100686 -0.828511 0.147095 0.074968 0.535082
1693731574.535802 -4.125240 1.009768 0.110578 -0.829495 0.130255 0.071579 0.538375
1693731574.602479 -4.106771 1.082132 0.119762 -0.831673 0.107257 0.057621 0.541753
1693731574.669146 -4.092197 1.152519 0.127128 -0.834640 0.090192 0.045535 0.541450
1693731574.735811 -4.082518 1.219694 0.132155 -0.836000 0.065953 0.046480 0.542766
1693731574.802473 -4.074615 1.286716 0.133870 -0.835678 0.036229 0.054044 0.545353
1693731574.869142 -4.064186 1.355883 0.135182 -0.831489 0.016411 0.059995 0.552048
1693731574.935809 -4.050284 1.424321 0.137220 -0.824782 0.012361 0.062996 0.561795
1693731575.002484 -4.036844 1.489187 0.138875 -0.822335 0.002530 0.073683 0.564207
1693731575.069154 -4.021609 1.553592 0.141126 -0.830817 0.002894 0.081371 0.550557
1693731575.135823 -4.003565 1.619232 0.147445 -0.832819 -0.006226 0.069667 0.549108
1693731575.202498 -3.983885 1.684792 0.155202 -0.830591 -0.007861 0.067538 0.552716
1693731575.269166 -3.966186 1.750863 0.158414 -0.830465 -0.004371 0.075228 0.551951
1693731575.335833 -3.952013 1.817854 0.155606 -0.832016 -0.004253 0.076509 0.549434
1693731575.402513 -3.939987 1.885500 0.149594 -0.831833 -0.006042 0.082403 0.548841
1693731575.469181 -3.930119 1.954109 0.139845 -0.832607 -0.017437 0.092291 0.545842
1693731575.535850 -3.919282 2.024126 0.130702 -0.830948 -0.029366 0.099406 0.546608
1693731575.597533 -3.909721 2.091434 0.125686 -0.831429 -0.030277 0.107580 0.544275
1693731575.664196 -3.901719 2.164297 0.123220 -0.839837 -0.032974 0.121215 0.528103
1693731575.730872 -3.896428 2.238670 0.129500 -0.836866 -0.046355 0.116154 0.532930
1693731575.792548 -3.895250 2.307233 0.135743 -0.835362 -0.046500 0.113781 0.535781
1693731575.859214 -3.900574 2.375357 0.139468 -0.834942 -0.048315 0.116792 0.535628
1693731575.925883 -3.911425 2.436534 0.140018 -0.833460 -0.065842 0.129618 0.533112
1693731575.992558 -3.924719 2.496067 0.137234 -0.829114 -0.083601 0.145663 0.533257
1693731576.059226 -3.938018 2.556207 0.129623 -0.825249 -0.102498 0.153982 0.533618
1693731576.125892 -3.950528 2.617007 0.120503 -0.822804 -0.114536 0.157818 0.533824
1693731576.187570 -3.963035 2.673300 0.115488 -0.819379 -0.120482 0.163983 0.535921
1693731576.254234 -3.976770 2.732559 0.112402 -0.819432 -0.129975 0.177813 0.529169
1693731576.320902 -3.988959 2.793393 0.111322 -0.828534 -0.135699 0.176827 0.513663
1693731576.387593 -4.000117 2.855548 0.116199 -0.824728 -0.145971 0.166747 0.520300
1693731576.454260 -4.014783 2.916927 0.120679 -0.822250 -0.143523 0.176732 0.521605
1693731576.520926 -4.033602 2.976449 0.121386 -0.823244 -0.147739 0.180452 0.517570
1693731576.587603 -4.057936 3.035351 0.120582 -0.818839 -0.159804 0.186111 0.518968
1693731576.654273 -4.085494 3.095327 0.117597 -0.814744 -0.169992 0.194586 0.519067
1693731576.720941 -4.115284 3.156485 0.112445 -0.808342 -0.186691 0.200833 0.520957
1693731576.787620 -4.147741 3.218898 0.108557 -0.800960 -0.201527 0.213146 0.521938
1693731576.854291 -4.181483 3.282707 0.107749 -0.794607 -0.213305 0.225363 0.521835
1693731576.920956 -4.216306 3.346666 0.109544 -0.794514 -0.218898 0.238209 0.513895
1693731576.987633 -4.251960 3.408840 0.113616 -0.790220 -0.230954 0.239335 0.514715
1693731577.054302 -4.291146 3.467079 0.114621 -0.793010 -0.238436 0.242964 0.505224
1693731577.120971 -4.334691 3.520940 0.113002 0.795400 0.247342 -0.247434 -0.494912
1693731577.187644 -4.379457 3.570774 0.109820 0.792619 0.261737 -0.250738 -0.490284
1693731577.254314 -4.426934 3.617908 0.104402 0.788120 0.274267 -0.260200 -0.485736
1693731577.320972 -4.476984 3.664878 0.098715 0.780450 0.287748 -0.268301 -0.485914
1693731577.387650 -4.527314 3.712013 0.093726 0.775155 0.295154 -0.269448 -0.489302
1693731577.454315 -4.578115 3.756641 0.090368 0.773656 0.303141 -0.271558 -0.485611
1693731577.520983 -4.629728 3.800589 0.090219 0.778940 0.304904 -0.270451 -0.476594
1693731577.587658 -4.681976 3.841558 0.093351 0.771594 0.322531 -0.267993 -0.478326
1693731577.654329 -4.734012 3.879960 0.097119 0.766726 0.334528 -0.274355 -0.474290
1693731577.720996 -4.788004 3.914964 0.100585 0.761659 0.340770 -0.284185 -0.472218
1693731577.787673 -4.843587 3.945591 0.101186 0.753481 0.355049 -0.296310 -0.467340
1693731577.854343 -4.901611 3.976147 0.098719 0.744685 0.368631 -0.308621 -0.462934
1693731577.987691 -5.018878 4.042382 0.089954 0.722128 0.398487 -0.327306 -0.461096
1693731578.054366 -5.078803 4.075925 0.089065 0.711900 0.409365 -0.338510 -0.459379
1693731578.121030 -5.138703 4.107135 0.092077 0.697723 0.427308 -0.354248 -0.452879
1693731578.187706 -5.200149 4.136505 0.097012 0.683304 0.452850 -0.357364 -0.447563
1693731578.254372 -5.262900 4.160173 0.103339 0.661677 0.479101 -0.369143 -0.443147
1693731578.321028 -5.326052 4.176507 0.104907 0.651026 0.503082 -0.378210 -0.424300
1693731578.387713 -5.387969 4.187757 0.106943 0.635791 0.525024 -0.387147 -0.412598
1693731578.454383 -5.448269 4.194146 0.109340 0.616338 0.544119 -0.405203 -0.399840
1693731578.521053 -5.508299 4.197400 0.110759 0.594619 0.560296 -0.426728 -0.387815
1693731578.587731 -5.568710 4.199597 0.111581 0.574689 0.572688 -0.443224 -0.381201
1693731578.654397 -5.630092 4.201501 0.113107 0.560853 0.579987 -0.456672 -0.374846
1693731578.721066 -5.693041 4.202602 0.114808 0.560216 0.586721 -0.465075 -0.354432
1693731578.787741 -5.757005 4.206020 0.120709 0.547628 0.597515 -0.464156 -0.357266
1693731578.854414 -5.818985 4.211614 0.127943 0.546471 0.594947 -0.471281 -0.353979
1693731578.921077 -5.877063 4.215852 0.130668 0.544223 0.598073 -0.478551 -0.342227
1693731578.992752 -5.938274 4.217586 0.127253 0.537740 0.607676 -0.482729 -0.329451
1693731579.059417 -5.994319 4.217666 0.118828 0.526268 0.619700 -0.486200 -0.320349
1693731579.126084 -6.050658 4.217061 0.106144 0.521235 0.627859 -0.492006 -0.303376
1693731579.192759 -6.107914 4.216094 0.090494 0.510819 0.641357 -0.494470 -0.288486
1693731579.259425 -6.167190 4.216467 0.076423 0.496637 0.655723 -0.495385 -0.279235
1693731579.326090 -6.228895 4.219835 0.069823 0.491241 0.659245 -0.497422 -0.276857
1693731579.397770 -6.294898 4.223003 0.070067 0.496709 0.654600 -0.508178 -0.257942
1693731579.464435 -6.355648 4.226328 0.075652 0.504562 0.655460 -0.506290 -0.243845
1693731579.531090 -6.416085 4.228457 0.088035 0.488537 0.659828 -0.514531 -0.247419
1693731579.664638 -6.538346 4.231364 0.111134 0.501016 0.640079 -0.527155 -0.247769
1693731579.731287 -6.598687 4.230384 0.116266 0.513179 0.626002 -0.530516 -0.251638
1693731579.797948 -6.657986 4.226774 0.114902 0.518181 0.618774 -0.531059 -0.258038
1693731579.864598 -6.717425 4.222857 0.109834 0.523409 0.611161 -0.527245 -0.273017
1693731579.931252 -6.774451 4.219505 0.102525 0.530249 0.605342 -0.519975 -0.286396
1693731580.002914 -6.833752 4.215081 0.095869 0.532264 0.607581 -0.511361 -0.293343
1693731580.069569 -6.888630 4.212721 0.091826 0.543127 0.610349 -0.497233 -0.291969
1693731580.136224 -6.943071 4.212312 0.092472 0.555843 0.601548 -0.491109 -0.296632
1693731580.202888 -6.995571 4.214189 0.093584 0.565922 0.593729 -0.483780 -0.305245
1693731580.269545 -7.046554 4.218001 0.093728 0.582620 0.581484 -0.474322 -0.312169
1693731580.336206 -7.096088 4.223881 0.091427 0.604180 0.561097 -0.467823 -0.318244
1693731580.402875 -7.143675 4.232931 0.084145 0.626463 0.539546 -0.458098 -0.326467
1693731580.469538 -7.190898 4.244439 0.071382 0.646178 0.522990 -0.445080 -0.332925
1693731580.536200 -7.238519 4.259369 0.058386 0.667151 0.502598 -0.426294 -0.347244
1693731580.602870 -7.283922 4.277418 0.050443 0.687340 0.470216 -0.417021 -0.364080
1693731580.669529 -7.324380 4.296530 0.044784 0.716432 0.434836 -0.403294 -0.367419
1693731580.736198 -7.356667 4.314549 0.044931 0.730887 0.406837 -0.389665 -0.385291
1693731580.802867 -7.381988 4.329812 0.043624 0.744692 0.391153 -0.372883 -0.391652
1693731580.869532 -7.400563 4.345230 0.042682 0.757803 0.369611 -0.350677 -0.407613
1693731580.936199 -7.412604 4.359585 0.041116 0.775435 0.340885 -0.330521 -0.416237
1693731581.002864 -7.419840 4.373570 0.039031 0.794380 0.301721 -0.309574 -0.426718
1693731581.069539 -7.422695 4.385863 0.036234 0.809646 0.252584 -0.281129 -0.449046
1693731581.136204 -7.419905 4.391862 0.032414 0.821290 0.198329 -0.247137 -0.474417
1693731581.202877 -7.409764 4.388042 0.029068 0.830290 0.138429 -0.211220 -0.496833
1693731581.269543 -7.393208 4.372573 0.026194 -0.835734 -0.076569 0.176615 0.514289
1693731581.336209 -7.370961 4.345659 0.023927 -0.843796 -0.014376 0.133447 0.519609
1693731581.469560 -7.310277 4.272101 0.031814 -0.840610 0.097030 0.067983 0.528525
1693731581.536230 -7.271857 4.229576 0.038421 -0.831277 0.151424 0.021925 0.534386
1693731581.669588 -7.192071 4.131819 0.058315 -0.794708 0.257823 -0.056375 0.546615
1693731581.736252 -7.156700 4.076769 0.067268 -0.768079 0.309110 -0.093293 0.552993
1693731581.802925 -7.127281 4.018127 0.072007 -0.742904 0.356342 -0.129047 0.551780
1693731581.869588 -7.106739 3.957649 0.073641 -0.721456 0.394118 -0.163290 0.545444
1693731581.936257 -7.094454 3.895957 0.072184 -0.702862 0.428179 -0.191676 0.534704
1693731582.002928 -7.089723 3.836527 0.068242 -0.687566 0.456391 -0.213445 0.522878
1693731582.069594 -7.088831 3.781288 0.061843 -0.677904 0.478391 -0.232058 0.507678
1693731582.136262 -7.088064 3.730487 0.054925 0.671718 -0.495512 0.252965 -0.489155
1693731582.202935 -7.092301 3.687050 0.052022 0.660806 -0.510530 0.269727 -0.479522
1693731582.269599 -7.098191 3.649432 0.052414 0.650980 -0.520955 0.280830 -0.475359
1693731582.336267 -7.103667 3.617142 0.054558 0.638418 -0.532380 0.289647 -0.474444
1693731582.402938 -7.105749 3.589424 0.057239 0.624877 -0.548784 0.300610 -0.466903
1693731582.469606 -7.104008 3.569447 0.059398 0.616944 -0.559694 0.304321 -0.462073
1693731582.536272 -7.096558 3.556242 0.062559 0.608385 -0.565572 0.312758 -0.460628
1693731582.602947 -7.084781 3.549707 0.065541 0.602061 -0.568984 0.320268 -0.459574
1693731582.669612 -7.069355 3.548733 0.068532 0.596489 -0.573644 0.325345 -0.457476
1693731582.736282 -7.050266 3.552591 0.071915 0.590923 -0.573836 0.332063 -0.459626
1693731582.802957 -7.027387 3.559627 0.075999 0.585451 -0.572692 0.345404 -0.458222
1693731582.869624 -7.002858 3.569350 0.081542 -0.575913 0.577945 -0.353132 0.457822
1693731582.936291 -6.976504 3.580430 0.090375 -0.564829 0.587737 -0.356263 0.456738
1693731583.002966 -6.950075 3.591740 0.104080 -0.550652 0.600243 -0.356485 0.457611
1693731583.069632 -6.925615 3.605353 0.121685 -0.545147 0.598499 -0.355637 0.467051
1693731583.136303 -6.899919 3.618973 0.138833 -0.544480 0.591542 -0.351186 0.479883
1693731583.202979 -6.869987 3.631006 0.153044 -0.544156 0.578257 -0.354596 0.493736
1693731583.269645 -6.833603 3.640458 0.162311 -0.538030 0.566883 -0.364874 0.505998
1693731583.336314 -6.790696 3.647239 0.163871 -0.531833 0.567119 -0.370344 0.508306
1693731583.402989 -6.741818 3.652554 0.160647 -0.530752 0.563009 -0.379229 0.507454
1693731583.469656 -6.687972 3.658319 0.154172 -0.535517 0.556597 -0.380377 0.508660
1693731583.536327 -6.627842 3.664548 0.144456 -0.541965 0.560317 -0.368825 0.506248
1693731583.603000 -6.564538 3.670276 0.130922 -0.551448 0.576053 -0.356566 0.486753
1693731583.669661 -6.504728 3.675602 0.120428 -0.564126 0.579704 -0.359709 0.465097
1693731583.736340 -6.450323 3.682808 0.112369 -0.569468 0.585299 -0.352115 0.457325
1693731583.803014 -6.399173 3.690707 0.104669 -0.573380 0.591140 -0.344111 0.450973
1693731583.869680 -6.349671 3.699698 0.095569 -0.582425 0.589070 -0.336519 0.447809
1693731583.936350 -6.300021 3.708054 0.085521 0.595186 -0.578939 0.335723 -0.444829
1693731584.003022 -6.246058 3.715752 0.074822 0.600075 -0.571777 0.338004 -0.445796
1693731584.069688 -6.189119 3.721811 0.063136 0.596230 -0.574832 0.345448 -0.441298
1693731584.136357 -6.130922 3.729154 0.052678 0.589460 -0.573715 0.355024 -0.444236
1693731584.203024 -6.072023 3.739555 0.045892 0.584185 -0.565199 0.365624 -0.453428
1693731584.269693 -6.013144 3.748342 0.040782 0.577527 -0.573621 0.372932 -0.445358
1693731584.336364 -5.958401 3.754997 0.039940 0.576976 -0.573649 0.380020 -0.440012
1693731584.403038 -5.907059 3.760333 0.039812 -0.570600 0.577140 -0.375140 0.447878
1693731584.469706 -5.857917 3.763190 0.034860 -0.572881 0.576657 -0.372913 0.447447
1693731584.536387 -5.809521 3.765786 0.025943 0.580953 -0.572670 0.374716 -0.440603
1693731584.603061 -5.761150 3.767636 0.015415 0.584321 -0.574504 0.367608 -0.439749
1693731584.669725 -5.712688 3.768257 0.004818 0.584743 -0.577647 0.356196 -0.444436
1693731584.736394 -5.663423 3.767065 -0.003906 0.582740 -0.580439 0.352480 -0.446388
1693731584.803068 -5.614619 3.766442 -0.008365 0.581327 -0.579830 0.348534 -0.452084
1693731584.869736 -5.566766 3.766802 -0.007102 0.582478 -0.573014 0.352657 -0.456078
1693731584.936405 -5.520324 3.768911 -0.001537 0.580247 -0.563109 0.362970 -0.463113
1693731585.003080 -5.478780 3.772907 0.002971 0.576794 -0.563622 0.372790 -0.458985
1693731585.069746 -5.445175 3.779691 0.007104 0.575835 -0.560425 0.377087 -0.460590
1693731585.136405 -5.418107 3.788311 0.008246 0.583046 -0.547841 0.374175 -0.468957
1693731585.203089 -5.393017 3.797253 0.004366 0.591464 -0.532408 0.377948 -0.473146
1693731585.269757 -5.370051 3.806284 -0.004666 0.598845 -0.530419 0.389318 -0.456587
1693731585.336425 -5.353000 3.821563 -0.011916 0.601148 -0.541889 0.379671 -0.448137
1693731585.403152 -5.340845 3.842608 -0.009976 0.600741 -0.538697 0.375329 -0.456119
1693731585.469812 -5.329900 3.864029 -0.005777 0.596321 -0.533027 0.374149 -0.469357
1693731585.536478 -5.319275 3.882356 -0.004443 0.600257 -0.520556 0.381474 -0.472430
1693731585.603148 -5.311028 3.896219 -0.005962 0.605670 -0.514677 0.386416 -0.467926
1693731585.669811 -5.304940 3.905893 -0.007385 0.607487 -0.518010 0.383679 -0.464129
1693731585.736477 -5.300497 3.913807 -0.006706 0.603341 -0.523394 0.383746 -0.463441
1693731585.803139 -5.297263 3.922141 -0.006353 0.603872 -0.523825 0.382806 -0.463039
1693731585.869814 -5.294482 3.929594 -0.006313 0.605242 -0.523674 0.380906 -0.462989
1693731585.936482 -5.290030 3.932252 -0.006149 0.598994 -0.532093 0.379803 -0.462420
1693731586.003153 -5.282566 3.927365 -0.004124 0.582177 -0.548612 0.382521 -0.462356
1693731586.069819 -5.272639 3.915601 -0.000543 -0.558889 0.567355 -0.391759 0.460735
1693731586.136485 -5.260630 3.896475 0.004324 -0.528907 0.591141 -0.404697 0.455007
1693731586.203161 -5.248887 3.872399 0.009964 -0.495104 0.615853 -0.415798 0.450233
1693731586.269826 -5.238272 3.843499 0.015886 -0.460912 0.641128 -0.425530 0.442086
1693731586.336495 -5.227069 3.810171 0.021342 -0.430291 0.663382 -0.431784 0.433978
1693731586.403168 -5.212673 3.772361 0.025946 -0.400258 0.683165 -0.440339 0.423297
1693731586.469837 -5.195493 3.731229 0.029075 -0.366553 0.702812 -0.445450 0.416256
1693731586.536505 -5.174783 3.686186 0.029250 -0.334085 0.721484 -0.449694 0.406969
1693731586.603197 -5.149295 3.639644 0.027641 -0.307278 0.733215 -0.456682 0.399272
1693731586.669859 -5.118168 3.591893 0.025566 -0.289253 0.738747 -0.465716 0.392038
1693731586.736525 -5.082822 3.543220 0.024745 -0.273713 0.742144 -0.479181 0.380379
1693731586.803196 -5.044240 3.497200 0.026451 -0.262213 0.743247 -0.489311 0.373367
1693731586.869861 -5.005975 3.454840 0.026825 -0.257319 0.754764 -0.485236 0.358698
1693731587.003228 -4.937392 3.375590 0.038933 -0.236921 0.756994 -0.501659 0.345206
1693731587.069902 -4.908644 3.340180 0.040708 -0.231002 0.757771 -0.509246 0.336289
1693731587.136568 -4.877795 3.304860 0.037581 -0.237513 0.755291 -0.520168 0.320233
1693731587.203235 -4.844006 3.268501 0.032106 -0.234099 0.756588 -0.527597 0.307268
1693731587.269898 -4.805675 3.233389 0.025824 -0.234140 0.755085 -0.536967 0.294434
1693731587.336563 -4.763390 3.199764 0.019710 -0.235107 0.752696 -0.545259 0.284369
1693731587.403230 -4.720286 3.167102 0.016507 -0.225476 0.754382 -0.550548 0.277427
1693731587.469905 -4.676578 3.134113 0.014636 -0.220355 0.764043 -0.548853 0.257765
1693731587.603419 -4.596243 3.063100 0.029305 -0.213120 0.747725 -0.582430 0.237195
1693731587.670068 -4.562419 3.028829 0.030980 -0.229912 0.738550 -0.583868 0.246540
1693731587.736735 -4.534773 2.992351 0.025636 -0.239697 0.737336 -0.581728 0.245914
1693731587.803396 -4.507691 2.952132 0.016804 -0.278408 0.711064 -0.593730 0.253697
1693731587.870046 -4.486162 2.901878 0.003078 -0.280552 0.716596 -0.584400 0.257405
1693731587.936702 -4.464216 2.843383 -0.008408 -0.275526 0.711754 -0.608005 0.218681
1693731588.003367 -4.439088 2.786616 -0.017746 -0.260000 0.716127 -0.614700 0.204220
1693731588.070022 -4.414511 2.729403 -0.022365 -0.244286 0.715382 -0.625188 0.194147
1693731588.136696 -4.390340 2.671340 -0.020852 -0.214842 0.719405 -0.634634 0.183134
1693731588.270186 -4.348674 2.573175 0.001671 -0.144638 0.723032 -0.654588 0.166792
1693731588.336831 -4.331052 2.533014 0.011006 -0.121228 0.725813 -0.657462 0.161998
1693731588.403481 -4.312263 2.494093 0.014599 -0.117366 0.721791 -0.663697 0.157320
1693731588.470129 -4.294527 2.451169 0.011669 -0.106760 0.730278 -0.657430 0.151927
1693731588.536777 -4.278359 2.403703 0.007495 -0.089844 0.734154 -0.657674 0.142863
1693731588.603437 -4.260983 2.358523 0.004942 -0.088631 0.727577 -0.668998 0.123361
1693731588.670097 -4.244868 2.310113 0.009096 -0.070229 0.717335 -0.686099 0.098824
1693731588.736751 -4.230207 2.261013 0.017782 -0.044542 0.709531 -0.700949 0.057025
1693731588.803410 -4.211332 2.218465 0.029905 -0.015157 0.714849 -0.697498 0.047521
1693731588.870064 -4.190117 2.185698 0.041115 0.029425 -0.701944 0.708959 -0.061536
1693731588.936722 -4.177770 2.151674 0.045673 0.018321 -0.700779 0.710128 -0.065502
1693731589.003386 -4.172057 2.115684 0.044620 -0.017246 0.711482 -0.701645 0.034492
1693731589.070040 -4.165145 2.083032 0.053862 0.032357 -0.688373 0.724632 0.001982
1693731589.136696 -4.159350 2.048173 0.059682 0.025838 -0.666198 0.745227 0.012200
1693731589.203362 -4.152444 2.013463 0.058340 0.014763 -0.656887 0.753841 -0.002145
1693731589.270024 -4.147299 1.977669 0.052116 0.016344 -0.665910 0.745840 -0.004339
1693731589.336687 -4.144958 1.937088 0.042753 0.030093 -0.682886 0.729883 -0.005671
1693731589.403373 -4.143470 1.894348 0.041272 0.045161 -0.680652 0.730835 -0.023550
1693731589.470219 -4.144996 1.851031 0.056326 0.065213 -0.657609 0.749182 -0.044982
1693731589.536973 -4.151097 1.813760 0.070000 0.076929 -0.645942 0.757012 -0.061429
1693731589.603613 -4.158507 1.780526 0.075395 0.096210 -0.652325 0.748964 -0.065336
1693731589.670249 -4.167753 1.754712 0.078272 0.121682 -0.657497 0.739676 -0.075968
1693731589.736895 -4.173572 1.736529 0.081348 0.148988 -0.655399 0.734288 -0.095272
1693731589.803553 -4.178554 1.727559 0.086582 0.164883 -0.648970 0.733748 -0.115174
1693731589.870213 -4.183617 1.727318 0.092828 0.181157 -0.643714 0.731180 -0.134870
1693731589.936862 -4.189406 1.737213 0.101077 0.202996 -0.632705 0.729791 -0.160877
1693731590.003520 -4.197557 1.758271 0.114211 0.220591 -0.613363 0.731795 -0.199000
1693731590.070175 -4.209416 1.789339 0.131867 0.235266 -0.588016 0.734654 -0.243249
1693731590.136827 -4.225696 1.828616 0.154107 0.246792 -0.558414 0.737481 -0.288772
1693731590.203493 -4.247708 1.877481 0.179468 0.257181 -0.524386 0.735810 -0.342727
1693731590.270152 -4.276857 1.936305 0.206990 0.263600 -0.482520 0.729926 -0.406075
1693731590.336807 -4.314982 2.002840 0.234605 0.266417 -0.440662 0.716211 -0.471042
1693731590.403469 -4.362148 2.073468 0.259479 -0.279666 0.402458 -0.695018 0.526085
1693731590.470130 -4.416374 2.144911 0.280623 -0.296594 0.375880 -0.665451 0.572645
1693731590.536788 -4.475422 2.215471 0.299425 -0.316161 0.362390 -0.629167 0.610626
1693731590.593450 -4.530733 2.274891 0.314910 -0.331553 0.349769 -0.596755 0.641575
1693731590.660126 -4.602927 2.343500 0.331258 -0.348232 0.329714 -0.556316 0.678628
1693731590.726790 -4.682322 2.409135 0.343273 -0.373740 0.307867 -0.512623 0.709052
1693731590.788456 -4.762874 2.466713 0.351105 -0.398916 0.284455 -0.470125 0.734121
1693731590.855135 -4.857922 2.526729 0.356415 -0.426253 0.256207 -0.417925 0.760267
1693731590.921794 -4.960333 2.584810 0.358828 -0.456930 0.225750 -0.361233 0.780873
1693731590.988472 -5.068960 2.639887 0.361666 -0.481050 0.196427 -0.303648 0.798627
1693731591.055136 -5.180467 2.691607 0.366186 -0.499057 0.166482 -0.248108 0.813430
1693731591.121802 -5.292446 2.740390 0.373388 -0.511944 0.137423 -0.194623 0.825318
1693731591.188479 -5.405132 2.786489 0.385207 -0.519213 0.111806 -0.143082 0.835132
1693731591.255145 -5.521456 2.829779 0.402693 -0.526548 0.088982 -0.088769 0.840803
1693731591.321810 -5.647112 2.864521 0.424347 -0.531794 0.054572 -0.032051 0.844506
1693731591.388494 -5.781691 2.888655 0.443522 -0.528500 0.013327 0.026372 0.848419
1693731591.455160 -5.920008 2.902858 0.462195 -0.525617 -0.026085 0.088282 0.845726
1693731591.521816 -6.060478 2.914318 0.478327 -0.522050 -0.065974 0.136506 0.839332
1693731591.588505 -6.204343 2.921999 0.489892 -0.509612 -0.100499 0.188453 0.833475
1693731591.655175 -6.351129 2.927942 0.495629 -0.492529 -0.134625 0.235254 0.827011
1693731591.721835 -6.499532 2.939777 0.501799 -0.484026 -0.154601 0.270112 0.817837
1693731591.788510 -6.647707 2.957090 0.518351 -0.478816 -0.158182 0.286593 0.814603
1693731591.855182 -6.793723 2.970417 0.545230 -0.468370 -0.164259 0.308171 0.811591
1693731591.921847 -6.934749 2.974317 0.569182 -0.449196 -0.191468 0.327229 0.809002
1693731591.988521 -7.072590 2.973163 0.588093 -0.444205 -0.209168 0.351303 0.797193
1693731592.055189 -7.212662 2.973185 0.601761 -0.440754 -0.215443 0.368484 0.789645
1693731592.121850 -7.355338 2.973385 0.608509 -0.428995 -0.219382 0.396623 0.781361
1693731592.188523 -7.500122 2.977199 0.607665 -0.414894 -0.237797 0.417572 0.772625
1693731592.255198 -7.647509 2.987254 0.607783 -0.405563 -0.247267 0.433437 0.765840
1693731592.321869 -7.795686 3.001304 0.617143 -0.392041 -0.238543 0.451282 0.765340
1693731592.388545 -7.944672 3.014189 0.636786 -0.384321 -0.224077 0.473295 0.760315
1693731592.455223 -8.089084 3.018635 0.659950 -0.372806 -0.225379 0.494477 0.752138
1693731592.521880 -8.226449 3.013607 0.678919 -0.359634 -0.245990 0.512863 0.739678
1693731592.588556 -8.361887 3.007411 0.695358 -0.344066 -0.254165 0.530023 0.732185
1693731592.655221 -8.496520 3.001836 0.703736 -0.320097 -0.256791 0.556809 0.722191
1693731592.721879 -8.633251 2.998066 0.699318 -0.296183 -0.272237 0.573584 0.713557
1693731592.788562 -8.774593 2.996294 0.689197 -0.281788 -0.283654 0.584636 0.705929
1693731592.855233 -8.918994 2.998744 0.683722 -0.281182 -0.286373 0.584857 0.704890
1693731592.921900 -9.062050 3.001847 0.690107 -0.283785 -0.277615 0.582702 0.709123
1693731592.988576 -9.196722 3.002599 0.705718 -0.276612 -0.275575 0.583212 0.712326
1693731593.055243 -9.320573 3.003038 0.718586 -0.262610 -0.282408 0.584864 0.713594
1693731593.121906 -9.439542 3.004439 0.724353 -0.267182 -0.290654 0.591354 0.703160
1693731593.188583 -9.557729 3.006342 0.721320 -0.274088 -0.291832 0.597620 0.694666
1693731593.255253 -9.674581 3.009084 0.708980 -0.275028 -0.284932 0.612799 0.683850
1693731593.321912 -9.793193 3.014240 0.689154 -0.272530 -0.288403 0.624040 0.673146
1693731593.388589 -9.913486 3.021208 0.669287 -0.268668 -0.289520 0.635398 0.663525
1693731593.455256 -10.032648 3.029612 0.658901 -0.266389 -0.277660 0.648629 0.656675
1693731593.521916 -10.146783 3.037507 0.661872 -0.262279 -0.268936 0.661164 0.649420
1693731593.588592 -10.249575 3.045453 0.665706 -0.251366 -0.284127 0.666380 0.641892
1693731593.655272 -10.345931 3.054790 0.666040 -0.250248 -0.294842 0.667271 0.636548
1693731593.721933 -10.440268 3.065660 0.660640 -0.241257 -0.297445 0.670029 0.635911
1693731593.788610 -10.534785 3.077186 0.642888 -0.223551 -0.301652 0.673515 0.636717
1693731593.855276 -10.632432 3.087435 0.612728 -0.211727 -0.311902 0.675316 0.633907
1693731593.921931 -10.734369 3.097520 0.580541 -0.211021 -0.322038 0.672521 0.632043
1693731593.988607 -10.834409 3.110967 0.562158 -0.215515 -0.316773 0.669748 0.636117
1693731594.055277 -10.930184 3.125195 0.559541 -0.219841 -0.302358 0.664267 0.647301
1693731594.121942 -11.015327 3.143116 0.561887 -0.214652 -0.293314 0.657583 0.659906
1693731594.188617 -11.093296 3.164865 0.560515 -0.218799 -0.289842 0.652501 0.665102
1693731594.255293 -11.171755 3.187616 0.549617 -0.228917 -0.293455 0.644406 0.667999
1693731594.321956 -11.250055 3.208652 0.527062 -0.234361 -0.292904 0.639584 0.670981
1693731594.388632 -11.329107 3.228212 0.495828 -0.230451 -0.293855 0.639363 0.672128
1693731594.455296 -11.410554 3.247078 0.464513 -0.227869 -0.300502 0.640945 0.668553
1693731594.521959 -11.487343 3.266299 0.445521 -0.220094 -0.287705 0.650510 0.667548
1693731594.588637 -11.559903 3.283884 0.439760 -0.213210 -0.267652 0.665813 0.663021
1693731594.655301 -11.626851 3.299986 0.435025 -0.209253 -0.276060 0.666823 0.659811
1693731594.721968 -11.686971 3.315160 0.428419 -0.215038 -0.293097 0.664175 0.653241
1693731594.788647 -11.744236 3.329082 0.419323 -0.215324 -0.298342 0.666211 0.648683
1693731594.855306 -11.801970 3.342136 0.400456 -0.203274 -0.299617 0.670610 0.647450
1693731594.922011 -11.862939 3.354669 0.370634 -0.192620 -0.305618 0.675298 0.643015
1693731594.988684 -11.930101 3.368806 0.340680 -0.197081 -0.310961 0.669558 0.645100
1693731595.055340 -11.996282 3.383667 0.322844 -0.202051 -0.298831 0.666657 0.652260
1693731595.122005 -12.060433 3.396246 0.317373 -0.201619 -0.285723 0.659726 0.665187
1693731595.188683 -12.116689 3.410655 0.317090 -0.194956 -0.276981 0.651475 0.678862
1693731595.255349 -12.166238 3.428095 0.312414 -0.201109 -0.283645 0.640027 0.685176
1693731595.322015 -12.215537 3.446028 0.299660 -0.217525 -0.293630 0.628634 0.686501
1693731595.388690 -12.265843 3.461629 0.277619 -0.230016 -0.298356 0.622968 0.685556
1693731595.455365 -12.317436 3.475732 0.247466 -0.232676 -0.295537 0.625141 0.683900
1693731595.522023 -12.372260 3.488758 0.214759 -0.234905 -0.301133 0.625010 0.680809
1693731595.588696 -12.425267 3.500940 0.189993 -0.232279 -0.294993 0.630773 0.679081
1693731595.655362 -12.476939 3.511556 0.180868 -0.239373 -0.281234 0.635821 0.677746
1693731595.722039 -12.523375 3.519667 0.177018 -0.242417 -0.287756 0.634252 0.675392
1693731595.788715 -12.563338 3.525985 0.173942 -0.246188 -0.300914 0.630945 0.671380
1693731595.855378 -12.602811 3.531953 0.166309 -0.245533 -0.309112 0.625432 0.673051
1693731595.922042 -12.644073 3.537349 0.147626 -0.243157 -0.315991 0.623104 0.672879
1693731595.988715 -12.689358 3.540443 0.117188 -0.242723 -0.329334 0.618910 0.670503
1693731596.055382 -12.738504 3.543639 0.087156 -0.252597 -0.336509 0.608873 0.672480
1693731596.122055 -12.786451 3.548088 0.071759 -0.261499 -0.320791 0.601239 0.683537
1693731596.188719 -12.831110 3.554167 0.070590 -0.273410 -0.307456 0.587241 0.697041
1693731596.255393 -12.867024 3.565253 0.076000 -0.278918 -0.293923 0.572688 0.712631
1693731596.322050 -12.899059 3.579736 0.080065 -0.298849 -0.281695 0.562265 0.717771
1693731596.388730 -12.933379 3.594787 0.073411 -0.325771 -0.275287 0.547632 0.719853
1693731596.455395 -12.969495 3.608118 0.053968 -0.354278 -0.264282 0.539749 0.716459
1693731596.522060 -13.008953 3.619635 0.023249 -0.381143 -0.263016 0.528830 0.711261
1693731596.588741 -13.050253 3.629321 -0.005279 -0.404549 -0.259194 0.520878 0.705581
1693731596.655429 -13.089669 3.635348 -0.016175 -0.412214 -0.238568 0.526562 0.704200
1693731596.722100 -13.126954 3.635770 -0.015474 -0.418611 -0.233131 0.528727 0.700616
1693731596.788772 -13.156192 3.632314 -0.011431 -0.406868 -0.239738 0.529398 0.704785
1693731596.855457 -13.182625 3.628563 -0.008627 -0.393691 -0.242073 0.528004 0.712475
1693731596.922118 -13.211574 3.624727 -0.013798 -0.375363 -0.246497 0.531232 0.718425
1693731596.988790 -13.243935 3.620060 -0.032087 -0.355260 -0.259138 0.534185 0.722000
1693731597.055448 -13.281836 3.613652 -0.058907 -0.344349 -0.277298 0.533352 0.721155
1693731597.122104 -13.324158 3.608590 -0.080620 -0.349848 -0.279762 0.521427 0.726260
1693731597.188777 -13.367311 3.603213 -0.088330 -0.365612 -0.262036 0.511992 0.731799
1693731597.255445 -13.407129 3.596918 -0.084647 -0.387284 -0.246835 0.504079 0.731428
1693731597.322109 -13.439654 3.590395 -0.079207 -0.394792 -0.246230 0.491759 0.735991
1693731597.388786 -13.469614 3.583596 -0.076890 -0.401273 -0.246520 0.491664 0.732444
1693731597.455449 -13.502334 3.575565 -0.082782 -0.402131 -0.248154 0.493149 0.730420
1693731597.522118 -13.538637 3.566637 -0.098448 -0.401136 -0.247467 0.495638 0.729516
1693731597.588797 -13.579418 3.559295 -0.119712 -0.404765 -0.251203 0.497489 0.724960
1693731597.655462 -13.623239 3.551651 -0.135999 -0.407897 -0.249860 0.500919 0.721298
1693731597.722128 -13.668417 3.542020 -0.142519 -0.417691 -0.252132 0.499176 0.716092
1693731597.788807 -13.707482 3.528020 -0.136910 -0.415398 -0.257370 0.500598 0.714568
1693731597.855470 -13.744221 3.509624 -0.126095 -0.413257 -0.260177 0.499837 0.715325
1693731597.922138 -13.782180 3.492919 -0.118717 -0.421350 -0.258929 0.497655 0.712572
1693731597.988814 -13.822482 3.478611 -0.121679 -0.431445 -0.258480 0.492674 0.710152
1693731598.055479 -13.865331 3.466964 -0.133390 -0.439106 -0.253757 0.484944 0.712477
1693731598.122137 -13.911820 3.457700 -0.148777 -0.448028 -0.247180 0.465882 0.721892
1693731598.188815 -13.958000 3.448897 -0.155146 -0.456742 -0.227127 0.451226 0.732253
1693731598.255479 -14.004704 3.440187 -0.152282 -0.476198 -0.206738 0.423065 0.742638
1693731598.322146 -14.046720 3.434978 -0.142170 -0.485654 -0.177587 0.401783 0.755760
1693731598.388823 -14.083669 3.438798 -0.135347 -0.496509 -0.162234 0.374737 0.765984
1693731598.455494 -14.117048 3.449880 -0.135683 -0.509868 -0.145891 0.342579 0.775494
1693731598.522153 -14.147672 3.464115 -0.143859 -0.520783 -0.116626 0.308716 0.787323
1693731598.588845 -14.177161 3.480307 -0.159537 -0.530103 -0.088118 0.277331 0.796438
1693731598.655509 -14.205487 3.496792 -0.175941 -0.537821 -0.060086 0.244955 0.804447
1693731598.722179 -14.231002 3.513757 -0.184422 -0.547376 -0.028518 0.207433 0.810270
1693731598.788857 -14.248387 3.526450 -0.185631 -0.553002 -0.007122 0.160474 0.817549
1693731598.855516 -14.255556 3.533077 -0.183631 -0.556052 0.008941 0.109026 0.823917
1693731598.922185 -14.255225 3.538934 -0.177921 -0.560705 0.032893 0.055467 0.825500
1693731598.988853 -14.253179 3.544806 -0.174282 -0.561175 0.061411 0.001253 0.825415
1693731599.055528 -14.252041 3.545665 -0.174890 -0.550572 0.088882 -0.046669 0.828730
1693731599.122196 -14.252742 3.538464 -0.179283 -0.544678 0.109450 -0.099065 0.825550
1693731599.188874 -14.253834 3.522783 -0.182926 -0.540596 0.135798 -0.152480 0.816127
1693731599.255540 -14.254352 3.500652 -0.181243 -0.544552 0.167105 -0.207092 0.795394
1693731599.322206 -14.254137 3.475313 -0.170927 -0.542565 0.196893 -0.252039 0.776745
1693731599.388905 -14.253523 3.450739 -0.156436 -0.536659 0.210004 -0.285073 0.765917
1693731599.455561 -14.251006 3.429171 -0.145024 -0.528323 0.216560 -0.309824 0.760253
1693731599.522220 -14.244677 3.409920 -0.139501 -0.532345 0.231510 -0.329154 0.744762
1693731599.588892 -14.236069 3.392262 -0.136440 -0.548534 0.256475 -0.336225 0.721307
1693731599.655561 -14.229939 3.375983 -0.131953 -0.550643 0.285239 -0.344138 0.704982
1693731599.722225 -14.225465 3.359678 -0.127171 -0.538544 0.317834 -0.347167 0.698876
1693731599.788898 -14.217655 3.339454 -0.126740 -0.514569 0.362676 -0.376406 0.679709
1693731599.855559 -14.212400 3.328932 -0.126343 -0.494729 0.381086 -0.376509 0.684294
1693731599.922220 -14.206432 3.333798 -0.125533 -0.515489 0.360607 -0.386847 0.674228
1693731599.988901 -14.203570 3.333815 -0.125925 -0.524928 0.358312 -0.393868 0.664026
1693731600.055573 -14.201481 3.334025 -0.122329 -0.514030 0.362875 -0.397143 0.668111
1693731600.122243 -14.198552 3.334198 -0.119910 -0.513212 0.366418 -0.402246 0.663739
1693731600.188923 -14.194760 3.334870 -0.117454 -0.512666 0.368007 -0.412749 0.656797
1693731600.255592 -14.190584 3.337998 -0.113591 -0.506003 0.361735 -0.418620 0.661714
1693731600.322265 -14.183284 3.341416 -0.113184 -0.502487 0.355880 -0.419454 0.667019
1693731600.388940 -14.169958 3.346496 -0.116034 -0.528314 0.338285 -0.416374 0.658089
1693731600.455608 -14.150188 3.352020 -0.119425 -0.536567 0.341722 -0.402576 0.658221
1693731600.522272 -14.124651 3.357571 -0.123880 -0.545273 0.355274 -0.394049 0.648986
1693731600.588950 -14.096487 3.366753 -0.128121 -0.555047 0.346168 -0.400294 0.641760
1693731600.655620 -14.060489 3.375565 -0.131186 -0.556544 0.350263 -0.397916 0.639717
1693731600.722291 -14.017048 3.384754 -0.134228 -0.566602 0.362681 -0.386351 0.630997
1693731600.788968 -13.966118 3.393262 -0.135439 -0.559151 0.351557 -0.407088 0.630903
1693731600.855629 -13.909658 3.400370 -0.138077 -0.564763 0.362295 -0.405851 0.620540
1693731600.922295 -13.854087 3.405617 -0.140276 -0.585429 0.376987 -0.384580 0.606013
1693731600.988972 -13.801767 3.409887 -0.136052 -0.602956 0.380781 -0.357451 0.603058
1693731601.055640 -13.751342 3.414285 -0.128845 -0.613731 0.376521 -0.332393 0.609165
1693731601.122311 -13.702097 3.415096 -0.124841 -0.622065 0.385603 -0.323630 0.599674
1693731601.188985 -13.654952 3.412084 -0.122468 -0.624141 0.405435 -0.321790 0.585254
1693731601.255655 -13.609170 3.409429 -0.123457 -0.627946 0.421437 -0.313158 0.574462
1693731601.322322 -13.561729 3.408369 -0.128439 -0.634198 0.438387 -0.309718 0.556493
1693731601.389007 -13.511860 3.408347 -0.132969 -0.636249 0.455073 -0.312316 0.539031
1693731601.455667 -13.460276 3.410392 -0.135192 -0.632912 0.468250 -0.323647 0.524801
1693731601.522331 -13.410122 3.415289 -0.132566 -0.628254 0.473947 -0.340338 0.514628
1693731601.589005 -13.362358 3.421727 -0.124562 -0.626423 0.474473 -0.350776 0.509339
1693731601.655666 -13.316456 3.426130 -0.113983 -0.618404 0.492369 -0.345717 0.505597
1693731601.794013 -13.222482 3.433219 -0.091945 0.609778 -0.523549 0.337927 -0.489768
1693731601.860686 -13.173491 3.434900 -0.084391 0.601396 -0.534366 0.342858 -0.484999
1693731601.927354 -13.122451 3.435195 -0.081195 0.592610 -0.545412 0.347188 -0.480416
1693731601.999024 -13.064565 3.435268 -0.084074 0.585926 -0.558169 0.346451 -0.474458
1693731602.065700 -13.006784 3.434734 -0.090385 0.584505 -0.564313 0.349341 -0.466761
1693731602.132372 -12.944411 3.434114 -0.096444 0.587112 -0.564353 0.353794 -0.460039
1693731602.204053 -12.873859 3.431326 -0.099375 0.585081 -0.567122 0.357621 -0.456245
1693731602.270721 -12.805877 3.426988 -0.096921 0.579872 -0.577607 0.355670 -0.451240
1693731602.337394 -12.738587 3.422372 -0.088208 -0.574583 0.582338 -0.364976 0.444443
1693731602.404068 -12.672092 3.421095 -0.078400 -0.568124 0.583240 -0.368245 0.448845
1693731602.470736 -12.606489 3.421763 -0.071758 -0.563765 0.589018 -0.374467 0.441590
1693731602.537406 -12.542302 3.425037 -0.066007 -0.561935 0.590419 -0.376567 0.440264
1693731602.604085 -12.476398 3.429734 -0.062558 -0.564679 0.584063 -0.381628 0.440872
1693731602.670753 -12.407591 3.434335 -0.062180 -0.564034 0.580647 -0.382000 0.445860
1693731602.737420 -12.334541 3.438311 -0.064029 -0.560892 0.579653 -0.382411 0.450738
1693731602.804098 -12.260444 3.440796 -0.064650 -0.555840 0.585219 -0.386570 0.446233
1693731602.870765 -12.187608 3.444345 -0.060394 -0.561395 0.588561 -0.388506 0.433006
1693731602.937435 -12.115598 3.444911 -0.049258 -0.557612 0.593063 -0.398831 0.422232
1693731603.004113 -12.046168 3.444120 -0.036289 -0.549053 0.598368 -0.404326 0.420733
1693731603.070779 -11.978628 3.442844 -0.027045 -0.545706 0.605456 -0.399166 0.419875
1693731603.137441 -11.910638 3.442450 -0.024058 -0.543231 0.613797 -0.389089 0.420432
1693731603.204129 -11.839509 3.444846 -0.025194 -0.550751 0.606102 -0.375430 0.434011
1693731603.270794 -11.765011 3.447150 -0.027387 -0.550208 0.595673 -0.372685 0.451167
1693731603.337462 -11.688635 3.447450 -0.031554 -0.550597 0.591043 -0.373061 0.456439
1693731603.404141 -11.611000 3.448973 -0.030047 -0.548832 0.586111 -0.372927 0.464955
1693731603.470807 -11.533696 3.451536 -0.020862 -0.546242 0.581157 -0.366210 0.479340
1693731603.537478 -11.454396 3.456337 -0.009876 -0.552214 0.565497 -0.372996 0.485949
1693731603.604151 -11.371949 3.461720 -0.000554 -0.550279 0.565857 -0.385272 0.478084
1693731603.670822 -11.291222 3.468425 0.007408 -0.543127 0.568272 -0.383692 0.484624
1693731603.737486 -11.214300 3.475317 0.011476 -0.542115 0.575571 -0.364887 0.491617
1693731603.804164 -11.136235 3.482679 0.011563 -0.550964 0.574153 -0.350833 0.493663
1693731603.870831 -11.056868 3.489190 0.011544 -0.557382 0.569910 -0.345967 0.494808
1693731603.937497 -10.977474 3.493419 0.014902 -0.553366 0.572698 -0.348623 0.494232
1693731604.004173 -10.898409 3.498391 0.022293 -0.552919 0.576615 -0.353888 0.486374
1693731604.070845 -10.821365 3.502151 0.034769 -0.548517 0.583155 -0.363994 0.475990
1693731604.137533 -10.746943 3.506144 0.047180 -0.544078 0.591732 -0.360319 0.473288
1693731604.204204 -10.674925 3.511644 0.054782 -0.548101 0.593474 -0.356372 0.469439
1693731604.270866 -10.603520 3.518370 0.056704 -0.554959 0.590381 -0.349568 0.470397
1693731604.337528 -10.530232 3.525340 0.051992 -0.559041 0.589818 -0.343314 0.470875
1693731604.404198 -10.452769 3.531263 0.040639 -0.564444 0.591130 -0.336874 0.467423
1693731604.470864 -10.373545 3.535351 0.029764 -0.569227 0.587254 -0.338467 0.465353
1693731604.537528 -10.294183 3.538255 0.026124 -0.562285 0.593310 -0.336268 0.467699
1693731604.604200 -10.214814 3.541936 0.031301 -0.560456 0.590718 -0.328151 0.478810
1693731604.670866 -10.133823 3.545886 0.038691 -0.555519 0.595104 -0.317576 0.486205
1693731604.737531 -10.052518 3.550991 0.042865 -0.554984 0.603489 -0.319567 0.475048
1693731604.799205 -9.979586 3.557618 0.043840 -0.561291 0.603521 -0.315539 0.470266
1693731604.865878 -9.903124 3.565257 0.040937 -0.566450 0.602851 -0.308877 0.469361
1693731604.932544 -9.827384 3.572947 0.032257 -0.577255 0.595610 -0.305432 0.467693
1693731604.999275 -9.750774 3.579600 0.021186 -0.587674 0.590139 -0.305405 0.461631
1693731605.065938 -9.674764 3.584657 0.013831 0.593651 -0.582730 0.319960 -0.453464
1693731605.132601 -9.599278 3.590972 0.012085 0.598469 -0.580298 0.319766 -0.450377
1693731605.194278 -9.529761 3.595656 0.016801 0.599583 -0.582105 0.318395 -0.447525
1693731605.260951 -9.455936 3.599463 0.023378 0.600722 -0.585283 0.307919 -0.449179
1693731605.327616 -9.384002 3.599938 0.026702 0.608035 -0.584385 0.306395 -0.441486
1693731605.394294 -9.312105 3.598465 0.026077 0.614300 -0.581142 0.309543 -0.434848
1693731605.460959 -9.240143 3.596106 0.019816 0.618881 -0.578270 0.304913 -0.435452
1693731605.527627 -9.164599 3.592077 0.009603 0.621750 -0.578149 0.303251 -0.432678
1693731605.594301 -9.086193 3.585299 -0.000721 0.624431 -0.574925 0.304411 -0.432296
1693731605.660969 -9.005004 3.576476 -0.007618 0.625551 -0.576257 0.304186 -0.429051
1693731605.727637 -8.923744 3.567860 -0.005962 0.628806 -0.574196 0.303245 -0.427719
1693731605.789312 -8.850215 3.560795 0.001100 0.625957 -0.577986 0.296907 -0.431227
1693731605.855974 -8.772359 3.556440 0.007228 0.627731 -0.581795 0.292251 -0.426683
1693731605.922634 -8.698060 3.556893 0.011564 0.636069 -0.577959 0.289968 -0.421067
1693731605.989306 -8.624953 3.559740 0.014674 0.644141 -0.569058 0.285636 -0.423873
1693731606.055971 -8.550130 3.562361 0.014431 0.645925 -0.564388 0.285267 -0.427632
1693731606.122633 -8.473320 3.564795 0.010967 0.644284 -0.561543 0.286856 -0.432760
1693731606.189310 -8.395584 3.565862 0.006561 0.639642 -0.562000 0.295403 -0.433302
1693731606.255973 -8.319169 3.565809 0.004905 0.634589 -0.567450 0.302206 -0.428917
1693731606.322638 -8.242285 3.564400 0.009782 0.625682 -0.583092 0.304712 -0.419138
1693731606.394317 -8.161283 3.562353 0.021676 0.613276 -0.594130 0.311011 -0.417342
1693731606.460989 -8.089369 3.562704 0.032179 0.604421 -0.602140 0.302736 -0.424798
1693731606.527654 -8.018267 3.563816 0.038630 -0.601215 0.602474 -0.299466 0.431144
1693731606.594321 -7.946276 3.565700 0.039635 0.600132 -0.598994 0.298287 -0.438261
1693731606.661002 -7.871617 3.567942 0.034579 0.600755 -0.594084 0.296169 -0.445468
1693731606.727671 -7.794670 3.567952 0.027672 0.600650 -0.587103 0.297699 -0.453768
1693731606.794344 -7.715684 3.567040 0.022395 0.598459 -0.582275 0.298304 -0.462404
1693731606.861015 -7.636048 3.567367 0.021979 0.598441 -0.577618 0.300769 -0.466652
1693731606.927680 -7.555605 3.569793 0.026052 0.595470 -0.582046 0.301212 -0.464661
1693731606.994358 -7.475860 3.575156 0.032333 0.590237 -0.584079 0.303854 -0.467061
1693731607.061028 -7.397980 3.583122 0.035692 0.590960 -0.589221 0.301752 -0.461010
1693731607.127697 -7.322696 3.592940 0.038556 0.594869 -0.585703 0.307910 -0.456371
1693731607.194371 -7.248835 3.604769 0.039549 0.598550 -0.579199 0.306149 -0.461020
1693731607.261041 -7.172717 3.618188 0.037693 0.601391 -0.572530 0.303919 -0.467087
1693731607.327709 -7.096945 3.630827 0.035093 0.603099 -0.564246 0.306802 -0.473044
1693731607.399385 -7.016232 3.643189 0.036024 0.597146 -0.560838 0.312121 -0.481101
1693731607.466052 -6.941640 3.654701 0.039247 0.597060 -0.560391 0.308270 -0.484201
1693731607.532719 -6.868241 3.664382 0.047156 0.594920 -0.566253 0.307068 -0.480766
1693731607.599387 -6.796342 3.671284 0.058052 0.589484 -0.570212 0.309377 -0.481303
1693731607.666054 -6.726445 3.675947 0.066067 0.588228 -0.569968 0.312278 -0.481255
1693731607.732719 -6.655424 3.678767 0.070095 0.583420 -0.572477 0.315664 -0.481921
1693731607.799394 -6.582211 3.680975 0.069078 -0.575607 0.575959 -0.320007 0.484298
1693731607.866060 -6.506414 3.682075 0.063359 -0.569392 0.580348 -0.321617 0.485337
1693731607.932727 -6.428184 3.680704 0.057755 -0.562823 0.583406 -0.326292 0.486211
1693731608.004403 -6.343614 3.676878 0.056114 -0.552624 0.588164 -0.329503 0.489998
1693731608.071070 -6.265149 3.670921 0.059203 -0.541256 0.599021 -0.324328 0.492978
1693731608.137739 -6.188692 3.663577 0.066798 -0.529207 0.610621 -0.327917 0.489440
1693731608.204417 -6.115090 3.656088 0.075809 -0.516239 0.623084 -0.333961 0.483460
1693731608.271084 -6.044976 3.653181 0.082754 -0.515220 0.624497 -0.343030 0.476322
1693731608.337755 -5.977581 3.653964 0.086863 -0.525861 0.611080 -0.351232 0.476117
1693731608.404481 -5.909316 3.657039 0.085193 -0.544746 0.589968 -0.360522 0.474567
1693731608.471145 -5.837979 3.660207 0.078777 -0.557788 0.578412 -0.364177 0.470837
1693731608.537806 -5.763881 3.663418 0.071435 -0.564987 0.573164 -0.365239 0.467838
1693731608.604478 -5.687620 3.667158 0.065512 0.571071 -0.571011 0.364848 -0.463367
1693731608.671142 -5.609446 3.670988 0.063284 0.577593 -0.572941 0.360197 -0.456489
1693731608.737806 -5.531099 3.672705 0.066703 0.582587 -0.575150 0.356762 -0.450017
1693731608.804534 -5.452878 3.670649 0.074870 -0.575562 0.584160 -0.362243 0.443019
1693731608.871195 -5.377806 3.669386 0.082700 -0.574813 0.581957 -0.364032 0.445418
1693731608.937852 -5.302134 3.669596 0.086588 -0.576439 0.579613 -0.361420 0.448489
1693731609.004524 -5.224200 3.670818 0.086351 0.576093 -0.574155 0.361388 -0.455919
1693731609.071190 -5.144309 3.672065 0.082206 0.575907 -0.569224 0.362784 -0.461197
1693731609.137851 -5.063546 3.673506 0.076468 0.577824 -0.559670 0.359577 -0.472857
1693731609.204518 -4.981679 3.673175 0.072023 0.578854 -0.558592 0.353674 -0.477303
1693731609.271179 -4.900897 3.672523 0.073793 0.585042 -0.550022 0.350261 -0.482202
1693731609.337840 -4.819583 3.670641 0.079772 0.592786 -0.540804 0.348175 -0.484675
1693731609.404513 -4.738895 3.667648 0.085176 0.595016 -0.548996 0.351537 -0.470085
1693731609.471179 -4.661017 3.667402 0.091607 0.600715 -0.547417 0.354070 -0.462720
1693731609.537843 -4.584186 3.670218 0.097452 0.605031 -0.538561 0.351252 -0.469587
1693731609.604516 -4.505052 3.673456 0.101074 0.609640 -0.522591 0.356706 -0.477492
1693731609.671183 -4.421296 3.677107 0.101698 0.612480 -0.508987 0.364516 -0.482626
1693731609.737844 -4.339436 3.679451 0.102435 0.609946 -0.511530 0.369128 -0.479632
1693731609.804517 -4.261918 3.683592 0.105891 0.608695 -0.513417 0.361523 -0.484969
1693731609.871181 -4.185313 3.685782 0.111058 0.609149 -0.519341 0.357755 -0.480867
1693731609.937849 -4.108817 3.685190 0.117018 0.604949 -0.534307 0.354021 -0.472463
1693731610.004591 -4.033545 3.683890 0.123036 0.607654 -0.540054 0.354076 -0.462308
1693731610.071251 -3.958177 3.682712 0.128271 0.606853 -0.540739 0.357656 -0.459797
1693731610.137912 -3.882195 3.681580 0.130520 0.602111 -0.540607 0.361182 -0.463415
1693731610.204584 -3.805093 3.679799 0.127807 0.601750 -0.540196 0.358580 -0.466375
1693731610.271247 -3.725553 3.677287 0.122753 0.606690 -0.535962 0.358659 -0.464796
1693731610.337915 -3.643844 3.673538 0.119330 0.607590 -0.536893 0.359610 -0.461802
1693731610.404583 -3.561730 3.669579 0.119757 0.610596 -0.538671 0.356126 -0.458454
1693731610.471244 -3.479328 3.665328 0.125725 0.611419 -0.542654 0.352216 -0.455672
1693731610.537908 -3.397934 3.662200 0.134027 0.606435 -0.549904 0.359339 -0.448016
1693731610.604581 -3.321170 3.663302 0.141331 0.608827 -0.549001 0.361003 -0.444527
1693731610.671244 -3.246369 3.667971 0.145726 0.616105 -0.538509 0.357278 -0.450307
1693731610.737910 -3.171257 3.672377 0.145595 0.626063 -0.522909 0.359660 -0.453051
1693731610.804583 -3.093825 3.675295 0.143155 0.629080 -0.513092 0.364711 -0.456050
1693731610.871251 -3.016571 3.675711 0.141006 0.622695 -0.516117 0.363805 -0.462083
1693731610.937913 -2.941988 3.675349 0.142208 0.618932 -0.516114 0.364698 -0.466417
1693731611.004585 -2.867153 3.674624 0.144993 0.622053 -0.519253 0.361208 -0.461471
1693731611.071252 -2.790534 3.673094 0.151815 0.622422 -0.523832 0.361322 -0.455674
1693731611.137918 -2.713628 3.671487 0.158640 0.621770 -0.529310 0.359423 -0.451716
1693731611.204591 -2.638597 3.669812 0.161528 0.624838 -0.532709 0.352720 -0.448761
1693731611.271260 -2.563057 3.667952 0.160981 0.627556 -0.530201 0.348693 -0.451079
1693731611.337925 -2.485859 3.665715 0.156408 0.628901 -0.527859 0.343102 -0.456213
1693731611.404593 -2.407222 3.662654 0.148938 0.634976 -0.522190 0.343555 -0.453975
1693731611.471272 -2.327321 3.659358 0.141935 0.640923 -0.516183 0.338980 -0.455922
1693731611.537941 -2.246692 3.655257 0.139265 0.643372 -0.513990 0.332637 -0.459609
1693731611.604612 -2.165390 3.651012 0.142284 0.645682 -0.514919 0.320346 -0.464038
1693731611.671279 -2.084224 3.646548 0.147035 0.647689 -0.519994 0.312031 -0.461240
1693731611.737943 -2.006357 3.643562 0.148928 0.652895 -0.529383 0.302925 -0.449130
1693731611.804624 -1.930271 3.643097 0.147394 0.659821 -0.537657 0.287526 -0.439193
1693731611.871292 -1.857819 3.642242 0.142545 0.671000 -0.533922 0.282341 -0.430082
1693731611.937958 -1.783569 3.642134 0.135875 0.679422 -0.529368 0.278657 -0.424861
1693731612.004636 -1.708813 3.640734 0.128856 0.684444 -0.525497 0.277591 -0.422294
1693731612.071306 -1.633802 3.636823 0.125442 0.679558 -0.527471 0.285007 -0.422784
1693731612.137974 -1.559569 3.633792 0.127439 0.677427 -0.528936 0.283166 -0.425601
1693731612.204651 -1.483589 3.629437 0.138969 0.670128 -0.529018 0.284968 -0.435730
1693731612.271318 -1.406324 3.625404 0.154279 0.660234 -0.531843 0.281748 -0.449279
1693731612.337986 -1.330860 3.621760 0.167813 0.658165 -0.530922 0.283922 -0.452027
1693731612.404655 -1.256275 3.619267 0.178277 0.657593 -0.524898 0.284359 -0.459557
1693731612.471309 -1.181423 3.617310 0.183181 0.657784 -0.515701 0.276403 -0.474314
1693731612.537984 -1.103727 3.613488 0.180244 0.658628 -0.508486 0.271396 -0.483731
1693731612.604656 -1.024464 3.607553 0.170658 0.667020 -0.498345 0.271227 -0.482879
1693731612.671321 -0.944978 3.600975 0.159518 0.675280 -0.495466 0.264440 -0.478102
1693731612.737985 -0.865846 3.594344 0.151993 0.686044 -0.491966 0.250378 -0.473945
1693731612.804657 -0.786478 3.587756 0.150657 0.697663 -0.488306 0.235709 -0.468258
1693731612.871314 -0.706370 3.581339 0.153727 0.700259 -0.491172 0.227908 -0.465237
1693731612.937990 -0.629384 3.578055 0.157284 0.701002 -0.492330 0.222582 -0.465473
1693731613.004658 -0.557281 3.576796 0.158361 0.705274 -0.487873 0.213347 -0.468030
1693731613.071333 -0.486028 3.577338 0.157118 0.709900 -0.478122 0.205825 -0.474423
1693731613.138000 -0.412745 3.579017 0.153237 0.712989 -0.468201 0.200328 -0.481979
1693731613.204673 -0.337549 3.579232 0.149321 0.712449 -0.462344 0.206993 -0.485601
1693731613.271341 -0.262265 3.580536 0.147303 0.709160 -0.458258 0.210373 -0.492782
1693731613.338008 -0.187959 3.582483 0.146677 0.708798 -0.465531 0.199558 -0.490981
1693731613.404685 -0.112736 3.585436 0.151081 0.705957 -0.467759 0.195119 -0.494726
1693731613.471350 -0.039392 3.588022 0.155519 0.704851 -0.474703 0.188188 -0.492369
1693731613.538017 0.030708 3.590675 0.158194 0.707923 -0.473992 0.183898 -0.490263
1693731613.604692 0.100652 3.594353 0.159178 0.710394 -0.469031 0.184724 -0.491149
1693731613.671359 0.171222 3.600315 0.158585 0.710524 -0.462483 0.179842 -0.498920
1693731613.738026 0.243203 3.607041 0.154145 -0.714934 0.451998 -0.176927 0.503253
1693731613.804702 0.317662 3.614279 0.149539 -0.719576 0.439574 -0.174157 0.508581
1693731613.871367 0.393352 3.620848 0.147249 -0.718097 0.437383 -0.170250 0.513856
1693731613.938033 0.467591 3.628971 0.147977 -0.723462 0.431054 -0.158137 0.515547
1693731614.004707 0.541412 3.638742 0.151851 -0.730560 0.424675 -0.153321 0.512275
1693731614.071365 0.614059 3.652113 0.156181 -0.734321 0.421583 -0.151557 0.509972
1693731614.138041 0.682782 3.668168 0.157116 -0.741863 0.417124 -0.149435 0.503305
1693731614.204707 0.747086 3.686721 0.155497 -0.751035 0.405855 -0.140889 0.501376
1693731614.271384 0.811025 3.707744 0.151844 -0.756818 0.397636 -0.125409 0.503373
1693731614.338053 0.875222 3.731428 0.147155 -0.762227 0.383689 -0.118524 0.507686
1693731614.404727 0.941125 3.756515 0.142228 -0.764122 0.375012 -0.117693 0.511500
1693731614.471395 1.005897 3.783839 0.139675 -0.766619 0.364039 -0.114809 0.516323
1693731614.538064 1.068020 3.811653 0.140665 -0.770932 0.356237 -0.105079 0.517414
1693731614.604742 1.130749 3.840271 0.146103 -0.774059 0.347438 -0.098810 0.519957
1693731614.671410 1.193573 3.867778 0.150777 -0.780056 0.345437 -0.091684 0.513596
1693731614.738068 1.255752 3.894243 0.155021 -0.786666 0.338252 -0.093102 0.508010
1693731614.804754 1.316897 3.921671 0.158838 -0.789761 0.329259 -0.088477 0.509939
1693731614.871424 1.377334 3.951392 0.159606 -0.792457 0.316189 -0.083793 0.514795
1693731614.938093 1.438973 3.982287 0.156161 -0.797164 0.302583 -0.081152 0.516128
1693731615.004823 1.502493 4.013850 0.151140 -0.803263 0.285206 -0.081745 0.516472
1693731615.071501 1.567329 4.045775 0.147418 -0.808339 0.272226 -0.078169 0.516112
1693731615.138172 1.631483 4.079285 0.147879 -0.811940 0.260279 -0.069832 0.517814
1693731615.204902 1.692746 4.115440 0.151200 -0.820212 0.246954 -0.057854 0.512756
1693731615.271562 1.750496 4.154734 0.157931 -0.827302 0.225828 -0.057081 0.511189
1693731615.338221 1.802087 4.197981 0.163402 -0.832541 0.212376 -0.047528 0.509425
1693731615.471685 1.886246 4.288283 0.164556 -0.847522 0.170025 -0.023848 0.502224
1693731615.538326 1.925549 4.335895 0.163022 -0.849072 0.151245 -0.015938 0.505913
1693731615.604990 1.964368 4.384824 0.160357 -0.848685 0.136608 -0.006561 0.510910
1693731615.671691 2.004779 4.432360 0.159392 -0.847431 0.126369 -0.006188 0.515609
1693731615.738330 2.044682 4.479204 0.161474 -0.846222 0.116369 0.005619 0.519938
1693731615.805002 2.086929 4.527006 0.163737 -0.853785 0.113042 0.012017 0.508063
1693731615.871654 2.131119 4.577195 0.171684 -0.856222 0.101660 -0.001002 0.506505
1693731615.938310 2.173457 4.627909 0.182293 -0.853684 0.098342 -0.005926 0.511387
1693731616.004988 2.209661 4.678782 0.190283 -0.850836 0.095242 0.003959 0.516712
1693731616.071645 2.240157 4.729779 0.192301 -0.851970 0.084018 0.013653 0.516625
1693731616.138304 2.266921 4.782647 0.190931 -0.851677 0.074066 0.025180 0.518195
1693731616.204970 2.290375 4.836403 0.186573 -0.852124 0.056223 0.038016 0.518920
1693731616.271630 2.310971 4.891365 0.181056 -0.853331 0.032506 0.053001 0.517649
1693731616.338293 2.330655 4.947236 0.177664 -0.854130 0.014400 0.062636 0.516073
1693731616.404958 2.347120 5.003216 0.176705 -0.856041 -0.009712 0.072511 0.511704
1693731616.471626 2.359896 5.059888 0.176905 0.861485 0.031214 -0.085815 -0.499504
1693731616.538286 2.367086 5.120422 0.178898 0.859739 0.052077 -0.099514 -0.498230
1693731616.604961 2.368151 5.181397 0.177118 0.862759 0.060376 -0.114290 -0.488814
1693731616.671627 2.365442 5.239698 0.172106 0.865106 0.073919 -0.120974 -0.481137
1693731616.738279 2.362183 5.298240 0.164102 0.865717 0.086358 -0.113546 -0.479774
1693731616.804965 2.356706 5.357357 0.153573 0.866537 0.096903 -0.112729 -0.476461
1693731616.871661 2.350119 5.417349 0.141233 0.868447 0.104472 -0.118706 -0.469887
1693731616.938320 2.342327 5.478120 0.128987 0.869878 0.107936 -0.122489 -0.465467
1693731617.004992 2.331954 5.540043 0.116128 0.876191 0.109465 -0.121326 -0.453417
1693731617.071651 2.322437 5.603419 0.107363 0.883764 0.104470 -0.113664 -0.441733
1693731617.138316 2.311980 5.669448 0.104338 0.889194 0.093562 -0.113996 -0.433111
1693731617.204988 2.301245 5.737397 0.105521 0.888762 0.081005 -0.113862 -0.436549
1693731617.271648 2.290641 5.803732 0.105582 0.889705 0.068413 -0.113319 -0.436926
1693731617.338313 2.279507 5.869013 0.102309 0.892609 0.061464 -0.112794 -0.432144
1693731617.404983 2.267912 5.937389 0.096933 0.893551 0.051453 -0.113181 -0.431404
1693731617.471646 2.257068 6.008711 0.089743 0.891805 0.046723 -0.106948 -0.437107
1693731617.538319 2.246911 6.082313 0.082361 0.888607 0.049514 -0.098671 -0.445185
1693731617.604987 2.237359 6.157242 0.078053 0.886482 0.047809 -0.098797 -0.449559
1693731617.671688 2.229235 6.232665 0.078886 0.884288 0.047494 -0.101097 -0.453386
1693731617.738429 2.221669 6.309410 0.084851 0.884447 0.049697 -0.099050 -0.453292
1693731617.805083 2.216072 6.387581 0.098552 0.879897 0.049925 -0.086765 -0.464501
1693731617.871770 2.210785 6.463501 0.113273 0.875306 0.034037 -0.076334 -0.476291
1693731617.938440 2.203380 6.531962 0.125081 0.877129 0.026952 -0.071638 -0.474116
1693731618.005142 2.194267 6.597862 0.134896 0.875785 0.031595 -0.073375 -0.476044
1693731618.071830 2.185923 6.664368 0.143457 0.871783 0.037093 -0.072021 -0.483148
1693731618.138531 2.177724 6.730939 0.147704 0.868425 0.040374 -0.070402 -0.489133
1693731618.205220 2.168962 6.797428 0.151085 0.865043 0.040354 -0.077207 -0.494075
1693731618.271876 2.158615 6.860905 0.155640 0.861588 0.047144 -0.086082 -0.498030
1693731618.338562 2.150542 6.922043 0.163759 -0.859341 -0.052692 0.089616 0.500725
1693731618.405214 2.144916 6.981853 0.175156 -0.858271 -0.059611 0.084430 0.502682
1693731618.471863 2.141707 7.041395 0.187729 -0.858006 -0.055993 0.080910 0.504128
1693731618.538601 2.141083 7.100819 0.198604 -0.859326 -0.045173 0.076697 0.503622
1693731618.605253 2.141683 7.160258 0.207731 -0.857153 -0.039384 0.065198 0.509398
1693731618.671940 2.140757 7.220524 0.212782 -0.855623 -0.033061 0.058410 0.513230
1693731618.738585 2.137711 7.282959 0.212823 -0.856986 -0.032534 0.052986 0.511574
1693731618.805236 2.133720 7.347758 0.211622 -0.858082 -0.031090 0.053309 0.509791
1693731618.871882 2.129687 7.414478 0.211982 -0.858016 -0.032214 0.055591 0.509589
1693731618.938526 2.130987 7.479670 0.216701 -0.859164 -0.032509 0.060955 0.507015
1693731619.005185 2.130861 7.542146 0.224867 -0.861447 -0.039877 0.065791 0.501986
1693731619.071837 2.125228 7.600559 0.240421 -0.862083 -0.042013 0.067761 0.500456
1693731619.138487 2.118016 7.656218 0.255593 -0.860475 -0.048434 0.065841 0.502893
1693731619.205149 2.108572 7.711060 0.271425 -0.859410 -0.051170 0.069798 0.503909
1693731619.271806 2.101010 7.761684 0.286555 -0.858694 -0.059451 0.072812 0.503794
1693731619.338463 2.080220 7.816993 0.300357 -0.857065 -0.063880 0.079435 0.505024
1693731619.405130 2.067812 7.871333 0.305230 -0.857372 -0.067772 0.082491 0.503503
1693731619.471783 2.054942 7.927089 0.308346 -0.859020 -0.071787 0.074130 0.501433
1693731619.538435 2.052612 7.982850 0.313715 0.860414 0.069900 -0.071139 -0.499741
1693731619.605115 2.037632 8.038288 0.324918 0.860516 0.065655 -0.076975 -0.499275
1693731619.671778 2.028978 8.090689 0.339149 0.859898 0.067001 -0.083650 -0.499088
1693731619.738440 2.017570 8.143759 0.354903 0.862534 0.064394 -0.078469 -0.495713
1693731619.871807 2.000094 8.245086 0.397262 -0.860776 -0.062416 0.064923 0.500953
1693731619.938469 1.993462 8.293526 0.419163 -0.859876 -0.060669 0.067271 0.502402
1693731620.005136 1.988658 8.341540 0.436902 -0.860478 -0.057163 0.067048 0.501811
1693731620.071799 1.987668 8.390182 0.453363 -0.859113 -0.050997 0.063033 0.505323
1693731620.138461 1.989617 8.438562 0.467684 -0.856870 -0.048536 0.057848 0.509972
1693731620.205133 1.991879 8.487950 0.481490 -0.854369 -0.047785 0.054534 0.514584
1693731620.271793 1.996117 8.537689 0.494701 -0.850142 -0.048755 0.049612 0.521938
1693731620.338455 1.998173 8.589543 0.514826 -0.842463 -0.050805 0.049152 0.534097
1693731620.405127 1.996515 8.640666 0.540819 -0.832878 -0.056376 0.058596 0.547451
1693731620.471793 1.988810 8.691337 0.569568 -0.823896 -0.065427 0.067754 0.558860
1693731620.538457 1.975706 8.739522 0.599682 -0.817516 -0.077133 0.075783 0.565663
1693731620.605131 1.960554 8.782803 0.633124 -0.809010 -0.089687 0.079602 0.575433
1693731620.671795 1.942405 8.820606 0.668107 -0.797537 -0.102858 0.089188 0.587708
1693731620.738462 1.927301 8.850193 0.701212 -0.787383 -0.110600 0.108107 0.596748
1693731620.805137 1.912224 8.875056 0.731861 -0.778349 -0.114383 0.121388 0.605272
1693731620.871804 1.895933 8.894155 0.758923 -0.769920 -0.115598 0.134849 0.612924
1693731620.938471 1.877740 8.907673 0.782141 -0.761362 -0.115958 0.149131 0.620194
1693731621.005148 1.855893 8.913395 0.803885 -0.750075 -0.122837 0.165971 0.628294
1693731621.138480 1.801037 8.900829 0.842263 -0.725810 -0.153270 0.215738 0.634953
1693731621.205155 1.767744 8.883665 0.858432 -0.711716 -0.176748 0.243060 0.634935
1693731621.271823 1.732749 8.859694 0.873335 -0.695995 -0.197218 0.275566 0.633056
1693731621.338489 1.696304 8.828494 0.886124 -0.679152 -0.221451 0.311093 0.626843
1693731621.405163 1.659482 8.791587 0.896894 -0.662070 -0.249250 0.350501 0.613749
1693731621.471830 1.622468 8.749077 0.904468 -0.646018 -0.277950 0.395630 0.590661
1693731621.538489 1.586922 8.703548 0.909449 -0.626996 -0.306250 0.436687 0.567795
1693731621.605176 1.552166 8.656151 0.908085 -0.609489 -0.339074 0.469451 0.541450
1693731621.671845 1.517553 8.608664 0.902073 -0.592050 -0.376416 0.490932 0.516501
1693731621.738511 1.486501 8.562585 0.892338 0.575209 0.412536 -0.507078 -0.491753
1693731621.871853 1.432207 8.478424 0.869204 0.539557 0.480325 -0.529722 -0.444478
1693731621.938525 1.409782 8.437893 0.855776 -0.520947 -0.509347 0.539401 0.422170
1693731622.005199 1.391477 8.399278 0.841866 -0.502580 -0.534601 0.549690 0.399319
1693731622.071865 1.374685 8.362322 0.825590 -0.486029 -0.556828 0.557441 0.378124
1693731622.205206 1.342975 8.298192 0.785647 0.461627 0.598066 -0.558944 -0.341759
1693731622.271876 1.328287 8.269212 0.760611 0.452612 0.619709 -0.556500 -0.318450
1693731622.338545 1.317650 8.241776 0.734320 0.442811 0.641414 -0.553002 -0.294441
1693731622.405221 1.311472 8.214848 0.707655 0.430265 0.663857 -0.548767 -0.270224
1693731622.471893 1.310870 8.188613 0.682117 0.414602 0.684966 -0.546144 -0.246278
1693731622.538558 1.313864 8.164528 0.658924 0.395287 0.704664 -0.545725 -0.222218
1693731622.605237 1.319544 8.140609 0.636302 0.374154 0.725361 -0.542816 -0.198018
1693731622.671905 1.327576 8.119529 0.614366 0.350135 0.746137 -0.537291 -0.178893
1693731622.738572 1.337435 8.097797 0.593622 0.322439 0.766636 -0.532700 -0.156630
1693731622.805249 1.350386 8.076991 0.575506 0.288905 0.789835 -0.525293 -0.129465
1693731622.871919 1.365850 8.053818 0.558214 0.249154 0.812108 -0.516892 -0.105949
1693731622.938586 1.382601 8.031476 0.545159 0.208109 0.829499 -0.511091 -0.086072
1693731623.005264 1.401609 8.005508 0.536159 0.165428 0.840961 -0.510879 -0.066487
1693731623.071932 1.423589 7.978533 0.528954 0.125741 0.848845 -0.511772 -0.041734
1693731623.138602 1.447658 7.950377 0.521380 0.091947 0.856798 -0.507113 -0.016704
1693731623.205276 1.473346 7.920372 0.513824 0.059610 0.863314 -0.501123 0.003320
1693731623.271945 1.500209 7.888028 0.504436 0.030872 0.866266 -0.498335 0.017112
1693731623.338611 1.529264 7.854252 0.493470 0.002538 0.867682 -0.496039 0.032681
1693731623.405288 1.558298 7.819432 0.478811 -0.023216 0.868028 -0.494184 0.042082
1693731623.471953 1.588124 7.783650 0.465431 -0.046800 0.866250 -0.494576 0.053050
1693731623.538619 1.617761 7.748048 0.451673 -0.062335 0.866321 -0.490215 0.072742
1693731623.605297 1.645915 7.712536 0.437958 -0.078511 0.866239 -0.484940 0.091104
1693731623.671969 1.672244 7.678433 0.425353 -0.081724 0.869878 -0.473278 0.112431
1693731623.738635 1.695676 7.641423 0.413115 -0.084993 0.873798 -0.462582 0.123577
1693731623.805315 1.714543 7.601619 0.402484 -0.085386 0.876001 -0.458306 0.123643
1693731623.871984 1.732451 7.559975 0.392067 -0.092826 0.875260 -0.457826 0.125295
1693731623.938651 1.748278 7.516328 0.380072 -0.099324 0.875769 -0.453834 0.131144
1693731624.005326 1.763081 7.470203 0.366387 -0.109522 0.874714 -0.451436 0.138150
1693731624.071989 1.776622 7.421804 0.351205 -0.113883 0.871255 -0.454368 0.146610
1693731624.138654 1.788211 7.370489 0.335071 -0.118362 0.867374 -0.458534 0.152968
1693731624.205331 1.797716 7.317582 0.319290 -0.114840 0.865418 -0.460225 0.161419
1693731624.272000 1.806134 7.264044 0.306547 -0.112261 0.863969 -0.461591 0.166999
1693731624.338668 1.814595 7.211315 0.294485 -0.116613 0.866266 -0.456991 0.164754
1693731624.405342 1.822521 7.159161 0.283594 -0.124564 0.869495 -0.450954 0.158440
1693731624.471998 1.831059 7.107482 0.274006 -0.124748 0.874012 -0.442179 0.158172
1693731624.538673 1.838224 7.052748 0.262597 -0.117596 0.878929 -0.436993 0.150637
1693731624.605350 1.844420 6.995125 0.250805 -0.113209 0.880091 -0.440075 0.137690
1693731624.672015 1.852217 6.934560 0.236130 -0.117105 0.877877 -0.445720 0.130202
1693731624.738680 1.863126 6.871854 0.221356 -0.122076 0.870904 -0.458433 0.128304
1693731624.805357 1.875551 6.809182 0.208251 -0.123596 0.863223 -0.470608 0.134525
1693731624.872031 1.888527 6.744481 0.195853 -0.116754 0.859987 -0.477852 0.135824
1693731624.938699 1.900111 6.678738 0.188674 -0.110199 0.856572 -0.485746 0.134877
1693731625.005381 1.910399 6.616188 0.183696 -0.108396 0.853557 -0.489992 0.139999
1693731625.072039 1.916361 6.554126 0.178657 -0.092001 0.860009 -0.481074 0.143138
1693731625.138704 1.920536 6.490500 0.172377 -0.076377 0.866528 -0.471427 0.145095
1693731625.205386 1.925700 6.423170 0.166389 -0.067036 0.864808 -0.473890 0.151794
1693731625.272048 1.930685 6.352272 0.158318 -0.061531 0.861690 -0.479741 0.153469
1693731625.338715 1.936457 6.277273 0.147078 -0.063150 0.859038 -0.484701 0.152089
1693731625.405391 1.942976 6.201214 0.134407 -0.064436 0.859108 -0.484501 0.151787
1693731625.472055 1.951407 6.124883 0.127264 -0.063796 0.853521 -0.491547 0.160663
1693731625.538722 1.960448 6.050884 0.125993 -0.059110 0.848729 -0.498103 0.167507
1693731625.605394 1.967603 5.978875 0.123223 -0.040210 0.851471 -0.494214 0.170685
1693731625.672059 1.973891 5.909294 0.116380 -0.028131 0.858981 -0.481250 0.172508
1693731625.738724 1.981592 5.839399 0.113190 -0.024436 0.857661 -0.481466 0.178918
1693731625.805403 1.989370 5.767019 0.111010 -0.020029 0.850259 -0.493444 0.182132
1693731625.872072 1.996143 5.692006 0.105586 -0.014344 0.844607 -0.505131 0.176850
1693731625.938734 2.001757 5.616378 0.099359 -0.007146 0.841977 -0.513267 0.166074
1693731626.005412 2.011329 5.541361 0.095810 -0.010395 0.840737 -0.517360 0.159346
1693731626.072086 2.019095 5.467835 0.097897 -0.007837 0.846872 -0.509421 0.152433
1693731626.138745 2.023754 5.394509 0.105116 0.006468 0.848243 -0.507737 0.150483
1693731626.205414 2.025183 5.322011 0.113627 0.017949 0.848367 -0.508057 0.147748
1693731626.272088 2.027987 5.249924 0.121208 0.023639 0.845083 -0.512463 0.150526
1693731626.338747 2.031640 5.175013 0.125671 0.030998 0.836173 -0.524811 0.156293
1693731626.405437 2.034972 5.098120 0.125856 0.033388 0.828227 -0.536024 0.160009
1693731626.472103 2.039471 5.019518 0.120931 0.032454 0.827212 -0.537919 0.159093
1693731626.538767 2.043983 4.939234 0.117722 0.026419 0.825781 -0.541768 0.154518
1693731626.605446 2.051997 4.857958 0.122307 0.025047 0.824172 -0.542359 0.161118
1693731626.672113 2.063529 4.777214 0.133615 0.022340 0.819551 -0.547726 0.166832
1693731626.738776 2.073798 4.697831 0.143150 0.025997 0.818452 -0.549930 0.164432
1693731626.805449 2.084905 4.620673 0.148119 0.026201 0.820094 -0.547093 0.165678
1693731626.872119 2.096925 4.543696 0.146587 0.022176 0.820210 -0.546636 0.167191
1693731626.938782 2.108413 4.465169 0.138972 0.019765 0.821734 -0.544242 0.167815
1693731627.005460 2.120278 4.384272 0.128339 0.020703 0.823223 -0.541484 0.169322
1693731627.072133 2.130939 4.303527 0.121121 0.029648 0.824890 -0.541233 0.160450
1693731627.138796 2.142087 4.223015 0.117704 0.028970 0.824946 -0.542755 0.155054
1693731627.205474 2.150109 4.146202 0.119262 0.032609 0.834591 -0.531718 0.140252
1693731627.272147 2.152867 4.070931 0.123908 0.038897 0.838331 -0.529416 0.124125
1693731627.338807 2.152003 3.997541 0.130603 0.037750 0.834167 -0.537637 0.116990
1693731627.405486 2.149274 3.923582 0.133787 0.048504 0.829892 -0.543148 0.117969
1693731627.472154 2.146022 3.848344 0.130812 0.061043 0.825510 -0.548903 0.116241
1693731627.538823 2.143293 3.772853 0.123045 0.066205 0.823381 -0.551275 0.117289
1693731627.605501 2.140834 3.698463 0.114492 0.058267 0.824725 -0.551408 0.111274
1693731627.672170 2.137734 3.626615 0.113633 0.052587 0.820241 -0.558576 0.111503
1693731627.738835 2.137220 3.555564 0.116807 0.050297 0.821206 -0.555780 0.119161
1693731627.805505 2.137219 3.484648 0.121274 0.052504 0.826740 -0.548280 0.114606
1693731627.872183 2.136157 3.416353 0.124921 0.060316 0.833081 -0.539085 0.108284
1693731627.938853 2.135781 3.350277 0.126846 0.057688 0.838439 -0.531185 0.107400
1693731628.005533 2.135287 3.282453 0.126821 0.054671 0.838217 -0.531829 0.107524
1693731628.072202 2.134161 3.210799 0.122687 0.053644 0.838039 -0.532804 0.104559
1693731628.138868 2.132480 3.134577 0.117817 0.055953 0.835561 -0.537970 0.096412
1693731628.205547 2.128854 3.058104 0.115159 0.063915 0.832169 -0.544364 0.084125
1693731628.272217 2.128015 2.981651 0.114313 0.067820 0.833167 -0.542575 0.082745
1693731628.338883 2.123881 2.909449 0.114481 0.068736 0.844849 -0.526394 0.066449
1693731628.405561 2.114746 2.840720 0.119216 0.079608 0.845296 -0.524912 0.060048
1693731628.472231 2.104713 2.775677 0.122624 0.086463 0.845717 -0.522402 0.066203
1693731628.538897 2.093132 2.709473 0.121205 0.096006 0.847173 -0.518296 0.066705
1693731628.605576 2.080805 2.640058 0.116399 0.108185 0.842463 -0.522666 0.073302
1693731628.672246 2.068479 2.566603 0.106522 0.116395 0.842557 -0.520440 0.075445
1693731628.738914 2.058340 2.489573 0.094983 0.120455 0.845891 -0.513638 0.078326
1693731628.805584 2.049590 2.411836 0.088598 0.123806 0.847885 -0.508784 0.083080
1693731628.872253 2.043139 2.333300 0.089342 0.130628 0.853359 -0.497023 0.087658
1693731628.938920 2.038803 2.254578 0.096383 0.126680 0.852206 -0.499797 0.088881
1693731629.005598 2.038577 2.176399 0.108189 0.129985 0.846292 -0.507635 0.095913
1693731629.072266 2.042099 2.099942 0.117040 0.128299 0.845153 -0.508652 0.102613
1693731629.138935 2.047294 2.023202 0.124688 0.121770 0.840284 -0.516272 0.112059
1693731629.205610 2.051234 1.944495 0.131065 0.117026 0.832596 -0.528449 0.117601
1693731629.272279 2.054038 1.863374 0.135010 0.123446 0.826234 -0.535983 0.121737
1693731629.338945 2.053859 1.785028 0.140421 0.135354 0.819266 -0.544734 0.117248
1693731629.405623 2.053723 1.707994 0.148621 0.140123 0.816625 -0.548129 0.114204
1693731629.472290 2.050598 1.630722 0.160601 0.151973 0.815973 -0.547169 0.108160
1693731629.538959 2.043241 1.556959 0.175234 0.175291 0.809947 -0.550920 0.098725
1693731629.605637 2.038367 1.487341 0.187285 0.177175 0.808398 -0.553781 0.091808
1693731629.672307 2.035230 1.416272 0.194952 0.178999 0.807081 -0.554536 0.095236
1693731629.738971 2.031648 1.342298 0.197192 0.183018 0.803572 -0.558297 0.095298
1693731629.805644 2.028119 1.265952 0.194621 0.183989 0.802184 -0.559922 0.095585
1693731629.872311 2.024209 1.184821 0.190508 0.189927 0.803027 -0.555123 0.104471
1693731629.938980 2.019001 1.101547 0.191568 0.197685 0.798670 -0.557629 0.109986
1693731630.005651 2.015953 1.018358 0.197257 0.202063 0.802134 -0.549598 0.117020
1693731630.072322 2.012678 0.935572 0.208343 0.204078 0.802762 -0.548151 0.116001
1693731630.138985 2.010667 0.857521 0.222730 0.203218 0.797646 -0.556191 0.114521
1693731630.205659 2.009397 0.781510 0.229906 0.202516 0.802948 -0.549003 0.113392
1693731630.272356 2.007780 0.705546 0.234016 0.202382 0.802785 -0.548322 0.117987
1693731630.339017 2.004743 0.628825 0.233799 0.204951 0.801877 -0.548348 0.119591
1693731630.405689 1.999657 0.551192 0.229754 0.217185 0.797758 -0.549933 0.118265
1693731630.472384 1.990727 0.476503 0.224202 0.231300 0.795050 -0.550769 0.105115
1693731630.539045 1.981679 0.402726 0.220253 0.246286 0.797352 -0.542696 0.095154
1693731630.605718 1.971348 0.330056 0.219841 0.261034 0.802874 -0.529321 0.084104
1693731630.672381 1.959102 0.262314 0.224545 0.273735 0.802306 -0.525283 0.073834
1693731630.739043 1.946192 0.197464 0.229719 0.280685 0.801390 -0.523523 0.070098
1693731630.805714 1.929059 0.133346 0.232180 0.296754 0.793811 -0.526579 0.067194
1693731630.872379 1.909325 0.068589 0.229029 0.314364 0.783760 -0.532051 0.061789
1693731631.005777 1.860002 -0.065883 0.212220 0.350717 0.770656 -0.530121 0.045385
1693731631.072435 1.830162 -0.131024 0.208580 0.366878 0.759307 -0.536170 0.037073
1693731631.139095 1.800006 -0.193400 0.209246 0.382247 0.752363 -0.535365 0.034952
1693731631.205767 1.768582 -0.251939 0.213268 0.394524 0.746228 -0.535912 0.017121
1693731631.272432 1.737835 -0.303832 0.217557 0.409731 0.738755 -0.535127 0.000378
1693731631.339095 1.708629 -0.350752 0.220576 0.419629 0.732615 -0.535780 -0.011244
1693731631.605762 1.571236 -0.530896 0.204403 0.457690 0.700457 -0.542089 -0.077586
1693731631.739092 1.498503 -0.619965 0.191638 0.478067 0.698432 -0.517228 -0.126967
1693731631.805765 1.463399 -0.659466 0.192393 0.483326 0.696735 -0.511278 -0.139829
1693731631.872432 1.427756 -0.693048 0.196534 0.488809 0.687955 -0.514697 -0.151232
1693731631.939098 1.391542 -0.720402 0.196869 0.495362 0.683160 -0.510384 -0.165580
1693731632.072441 1.310696 -0.772896 0.187800 0.505881 0.668105 -0.510687 -0.192143
1693731632.139107 1.267231 -0.798964 0.177511 0.508479 0.663004 -0.508972 -0.206933
1693731632.205783 1.221506 -0.827695 0.166316 0.508331 0.662100 -0.506156 -0.216863
1693731632.272451 1.174637 -0.855928 0.159114 0.504155 0.660619 -0.506778 -0.229317
1693731632.339119 1.130014 -0.883918 0.153409 0.513193 0.664266 -0.492939 -0.228901
1693731632.405795 1.086150 -0.910822 0.152955 0.514644 0.663359 -0.490029 -0.234453
1693731632.472464 1.044735 -0.934334 0.153525 0.510257 0.661485 -0.489369 -0.250186
1693731632.605795 0.964257 -0.978067 0.146105 0.476290 0.659290 -0.506821 -0.285685
1693731632.672473 0.920945 -0.999108 0.130257 0.473644 0.652045 -0.509234 -0.301961
1693731632.739141 0.873820 -1.016889 0.108785 0.469116 0.648440 -0.493948 -0.339812
1693731632.805816 0.829693 -1.034836 0.088617 0.475968 0.638438 -0.480270 -0.367685
1693731632.872486 0.790707 -1.055863 0.075361 0.488544 0.619003 -0.482395 -0.381387
1693731632.939153 0.757998 -1.073333 0.068918 0.519542 0.581836 -0.478502 -0.403211
1693731633.005828 0.733132 -1.087851 0.067771 0.527291 0.568343 -0.459038 -0.433861
1693731633.072496 0.713660 -1.098637 0.071520 0.531016 0.553302 -0.448338 -0.459208
1693731633.139164 0.696164 -1.107976 0.078652 0.521168 0.532475 -0.452034 -0.490428
1693731633.205838 0.680217 -1.115483 0.085863 -0.509184 -0.514216 0.454516 0.519353
1693731633.272495 0.668168 -1.126107 0.090723 -0.504471 -0.510063 0.456795 0.526007
1693731633.339172 0.657458 -1.140949 0.096014 -0.513412 -0.503427 0.471113 0.510903
1693731633.405848 0.649315 -1.157010 0.101685 0.511868 0.499324 -0.493457 -0.495143
1693731633.472514 0.645560 -1.173516 0.105614 -0.510988 -0.502045 0.513746 0.472129
1693731633.539183 0.647513 -1.185788 0.105157 -0.519751 -0.502101 0.523802 0.450982
1693731633.605848 0.655838 -1.196131 0.105204 -0.503880 -0.508931 0.528616 0.455696
1693731633.672527 0.659535 -1.198719 0.109829 -0.485948 -0.507851 0.543414 0.458959
1693731633.739197 0.656770 -1.191616 0.112904 -0.513387 -0.501242 0.528484 0.453756
1693731633.805871 0.656921 -1.190845 0.117650 -0.506284 -0.501751 0.520097 0.470554
1693731633.872536 0.657951 -1.191723 0.125156 -0.506856 -0.473867 0.528411 0.489213
1693731633.939205 0.660200 -1.188390 0.128685 -0.523673 -0.442401 0.524474 0.504951
1693731634.005878 0.660877 -1.187284 0.122241 -0.533762 -0.474768 0.471240 0.517326
1693731634.072533 0.658427 -1.192093 0.115167 -0.526676 -0.512625 0.450253 0.507051
1693731634.139215 0.657586 -1.197409 0.115724 -0.494683 -0.547057 0.441533 0.510945
1693731634.205891 0.657280 -1.200775 0.119071 -0.474741 -0.551985 0.450138 0.517020
1693731634.272557 0.657757 -1.197219 0.121501 -0.469941 -0.543288 0.457720 0.523914
1693731634.339227 0.657827 -1.185169 0.117260 -0.474913 -0.535848 0.458945 0.526016
1693731634.405902 0.657306 -1.168671 0.114854 -0.480609 -0.524914 0.458168 0.532506
1693731634.472570 0.656559 -1.153381 0.111139 -0.484469 -0.523423 0.452440 0.535366
1693731634.539243 0.648712 -1.137384 0.112508 -0.482114 -0.511544 0.463197 0.539757
1693731634.605920 0.637240 -1.113611 0.110576 -0.486002 -0.504286 0.458672 0.546917
1693731634.672586 0.622832 -1.086787 0.105371 -0.491790 -0.502896 0.456073 0.545193
1693731634.739259 0.608558 -1.055241 0.098625 -0.498042 -0.498162 0.452419 0.546906
1693731634.805932 0.596213 -1.018555 0.094277 -0.502294 -0.488710 0.447354 0.555641
1693731634.872600 0.585918 -0.976183 0.093218 -0.505420 -0.475587 0.442021 0.568318
1693731634.939268 0.578200 -0.926317 0.093235 -0.515733 -0.462241 0.427156 0.581284
1693731635.005942 0.574888 -0.868063 0.094891 -0.531131 -0.437714 0.412600 0.596714
1693731635.072608 0.577065 -0.802360 0.095650 -0.546136 -0.411481 0.393503 0.614470
1693731635.139281 0.586730 -0.731429 0.094020 -0.560475 -0.383721 0.369024 0.634387
1693731635.205954 0.605448 -0.656414 0.090544 -0.578106 -0.356538 0.334229 0.653425
1693731635.272619 0.634376 -0.579330 0.088226 -0.597620 -0.325328 0.300543 0.668346
1693731635.339290 0.674628 -0.500938 0.086719 -0.616576 -0.288485 0.265638 0.682676
1693731635.405970 0.727038 -0.422434 0.086187 -0.630797 -0.247179 0.228657 0.699080
1693731635.472636 0.790953 -0.345253 0.084740 -0.641785 -0.205452 0.188529 0.714394
1693731635.539303 0.864408 -0.270923 0.081246 -0.651239 -0.163076 0.148446 0.726125
1693731635.605978 0.945355 -0.201508 0.076074 -0.659489 -0.123302 0.104921 0.734073
1693731635.672647 1.030758 -0.137633 0.070600 -0.663269 -0.085223 0.058513 0.741206
1693731635.739314 1.115786 -0.077976 0.066899 -0.661193 -0.046366 0.010595 0.748706
1693731635.800991 1.190817 -0.026738 0.064686 -0.662503 -0.016801 -0.031496 0.748208
1693731635.867657 1.265779 0.025717 0.063797 -0.659518 0.014545 -0.074286 0.747868
1693731635.934328 1.332891 0.076458 0.062006 -0.656663 0.047715 -0.110723 0.744485
1693731635.991004 1.383260 0.120513 0.056585 -0.655302 0.074980 -0.138269 0.738809
1693731636.057674 1.434725 0.176199 0.046311 -0.658215 0.101020 -0.157480 0.729211
1693731636.124341 1.479394 0.238213 0.035507 -0.660294 0.116149 -0.167576 0.722800
1693731636.191015 1.519206 0.307771 0.026533 -0.661089 0.117528 -0.176137 0.719809
1693731636.257684 1.556703 0.383423 0.022680 -0.659244 0.114319 -0.184505 0.719921
1693731636.324353 1.593753 0.463154 0.026433 -0.655180 0.119809 -0.193501 0.720377
1693731636.391026 1.628687 0.539264 0.036912 -0.655178 0.128568 -0.199249 0.717295
1693731636.457695 1.662488 0.609002 0.049327 -0.649123 0.128091 -0.199523 0.722788
1693731636.524363 1.695147 0.673685 0.056938 -0.643677 0.126101 -0.194335 0.729392
1693731636.591039 1.729139 0.739187 0.055542 -0.645384 0.123070 -0.192334 0.728931
1693731636.657707 1.765085 0.806816 0.047151 -0.643761 0.125338 -0.190320 0.730507
1693731636.724377 1.804020 0.876811 0.032466 -0.646339 0.123860 -0.186281 0.729523
1693731636.791051 1.847033 0.950397 0.015184 -0.654374 0.120572 -0.181689 0.724049
1693731636.857720 1.891904 1.026782 0.006012 -0.650500 0.116838 -0.175850 0.729572
1693731636.924383 1.936643 1.105256 0.006620 -0.647805 0.115234 -0.163680 0.735037
1693731636.991059 1.976143 1.181402 0.012201 -0.660321 0.113213 -0.153008 0.726462
1693731637.057727 2.006997 1.249761 0.021584 -0.663042 0.099615 -0.135983 0.729357
1693731637.124396 2.034405 1.314872 0.027454 -0.669147 0.084958 -0.121167 0.728247
1693731637.191071 2.063359 1.380938 0.028869 -0.672571 0.077506 -0.112253 0.727351
1693731637.257741 2.093130 1.447552 0.023394 -0.669958 0.064439 -0.099656 0.732852
1693731637.324410 2.123967 1.516931 0.012010 -0.668495 0.053040 -0.088967 0.736469
1693731637.391086 2.158617 1.590552 0.002191 -0.672403 0.049546 -0.088231 0.733235
1693731637.457754 2.195788 1.663815 0.002391 -0.668321 0.063701 -0.091249 0.735502
1693731637.524422 2.230466 1.733165 0.010514 -0.672275 0.074658 -0.097741 0.730013
1693731637.591096 2.263447 1.792571 0.024392 -0.666014 0.075531 -0.095856 0.735889
1693731637.657767 2.295156 1.843039 0.032635 -0.676055 0.070245 -0.088076 0.728188
1693731637.724434 2.326314 1.890962 0.033093 -0.686251 0.068860 -0.085639 0.719016
1693731637.791110 2.357138 1.938785 0.026617 -0.685992 0.072868 -0.083968 0.719065
1693731637.857778 2.388412 1.988431 0.015100 -0.685287 0.070033 -0.078260 0.720662
1693731637.924443 2.420388 2.040059 0.002392 -0.688254 0.062600 -0.070145 0.719352
1693731637.991118 2.452961 2.089725 -0.003148 -0.688355 0.059661 -0.061945 0.720257
1693731638.057783 2.485379 2.136816 -0.001025 -0.687215 0.060581 -0.053911 0.721913
1693731638.124461 2.514609 2.177764 0.006242 -0.684620 0.056079 -0.045724 0.725300
1693731638.191135 2.540708 2.214442 0.015538 -0.685528 0.054135 -0.044037 0.724694
1693731638.257803 2.565595 2.252448 0.022029 -0.682555 0.056044 -0.043108 0.727406
1693731638.324470 2.590592 2.292483 0.019860 -0.677176 0.049681 -0.043668 0.732842
1693731638.391144 2.616449 2.334961 0.006451 -0.675423 0.045736 -0.047500 0.734476
1693731638.457809 2.642353 2.381521 -0.012513 -0.683013 0.051726 -0.055471 0.726458
1693731638.524487 2.666854 2.431129 -0.024996 -0.687844 0.060682 -0.063068 0.720563
1693731638.591161 2.688980 2.483552 -0.026486 -0.689331 0.065837 -0.073566 0.717688
1693731638.657835 2.709190 2.535465 -0.016115 -0.689984 0.071201 -0.083699 0.715434
1693731638.724503 2.729816 2.580978 -0.000576 -0.678998 0.075339 -0.086305 0.725147
1693731638.791174 2.750420 2.621036 0.008719 -0.679348 0.078193 -0.084607 0.724717
1693731638.857847 2.769483 2.661537 0.007096 -0.682632 0.077725 -0.087046 0.721384
1693731638.924514 2.787645 2.704759 -0.003656 -0.683669 0.085233 -0.093580 0.718731
1693731638.991188 2.807851 2.751917 -0.020171 -0.687164 0.091897 -0.101594 0.713470
1693731639.057859 2.830458 2.803696 -0.034555 -0.688746 0.097771 -0.104122 0.710794
1693731639.124526 2.855911 2.858150 -0.037928 -0.680338 0.110950 -0.110242 0.716014
1693731639.191198 2.882655 2.912694 -0.032506 -0.678587 0.128119 -0.120551 0.713143
1693731639.324535 2.933283 3.006324 -0.004888 -0.661376 0.147167 -0.141900 0.721656
1693731639.391210 2.959355 3.051958 0.004659 -0.652133 0.155333 -0.160673 0.724416
1693731639.457878 2.986685 3.100004 0.003873 -0.643798 0.162119 -0.177577 0.726435
1693731639.524542 3.015568 3.151206 -0.007779 -0.638789 0.174775 -0.195956 0.723190
1693731639.591215 3.047585 3.204196 -0.023105 -0.635801 0.198150 -0.221618 0.712305
1693731639.657888 3.082259 3.255788 -0.031695 -0.625176 0.230998 -0.251232 0.701910
1693731639.724556 3.116858 3.304406 -0.031836 -0.628621 0.264225 -0.280480 0.675538
1693731639.791231 3.149960 3.346247 -0.020070 -0.619319 0.293053 -0.306705 0.660679
1693731639.857899 3.184516 3.379107 -0.008074 -0.610562 0.317429 -0.325466 0.648479
1693731639.924567 3.220151 3.406381 -0.002291 -0.607510 0.338494 -0.340683 0.632684
1693731639.991240 3.257378 3.432001 -0.003821 -0.598036 0.354665 -0.361837 0.620998
1693731640.057909 3.295256 3.456888 -0.011975 -0.589972 0.370857 -0.378200 0.609396
1693731640.124574 3.333380 3.484878 -0.022498 -0.589436 0.382685 -0.385107 0.598173
1693731640.191249 3.372475 3.515669 -0.025152 -0.576337 0.388448 -0.392756 0.602234
1693731640.257919 3.412113 3.544905 -0.017651 -0.564193 0.394349 -0.400081 0.605070
1693731640.324587 3.447482 3.564366 -0.004546 -0.557925 0.398632 -0.412066 0.600012
1693731640.391260 3.481846 3.574307 0.011326 -0.554151 0.406684 -0.432568 0.583446
1693731640.457927 3.518906 3.579374 0.024529 -0.548727 0.418972 -0.451696 0.565094
1693731640.524593 3.557110 3.581292 0.031543 -0.539595 0.424547 -0.464543 0.559283
1693731640.591268 3.596446 3.583607 0.030003 -0.534632 0.432975 -0.471954 0.551325
1693731640.724605 3.683757 3.596937 0.024385 -0.517936 0.463714 -0.489151 0.526728
1693731640.791279 3.728940 3.606645 0.028541 -0.504979 0.473775 -0.503871 0.516379
1693731640.924625 3.809837 3.616725 0.047947 0.504888 -0.484299 0.525195 -0.484471
1693731641.057966 3.877842 3.623685 0.061898 0.510405 -0.497449 0.513775 -0.477562
1693731641.191304 3.949187 3.632811 0.054864 0.514844 -0.491292 0.516060 -0.476707
1693731641.257973 3.990116 3.635311 0.044819 0.526932 -0.487184 0.509545 -0.474720
1693731641.324639 4.038702 3.635480 0.037342 0.532125 -0.488199 0.502549 -0.475341
1693731641.391315 4.092279 3.633694 0.035938 0.538788 -0.483758 0.496563 -0.478655
1693731641.524654 4.207880 3.622202 0.054345 0.543321 -0.477297 0.495341 -0.481276
1693731641.591324 4.259569 3.617117 0.069041 0.551375 -0.465678 0.493548 -0.485325
1693731641.657992 4.308101 3.613967 0.082619 0.556015 -0.461740 0.490629 -0.486751
1693731641.724659 4.358535 3.609468 0.093780 0.550251 -0.466107 0.494887 -0.484824
1693731641.791337 4.410584 3.608263 0.100035 0.552292 -0.462762 0.493116 -0.487506
1693731641.858004 4.465276 3.611434 0.102067 -0.558132 0.447252 -0.485591 0.502649
1693731641.924673 4.524849 3.611397 0.100892 -0.558590 0.443435 -0.483765 0.507262
1693731641.991348 4.587285 3.612041 0.105404 -0.554102 0.433697 -0.489015 0.515502
1693731642.058014 4.650471 3.613645 0.110663 -0.559278 0.423181 -0.487050 0.520488
1693731642.124680 4.706017 3.612114 0.109925 -0.567478 0.427715 -0.480195 0.514238
1693731642.191345 4.753621 3.608621 0.107030 0.579245 -0.444895 0.474101 -0.491703
1693731642.258023 4.798291 3.603063 0.097306 0.600794 -0.472769 0.451877 -0.459720
1693731642.324691 4.844455 3.604503 0.084556 0.616209 -0.490285 0.417978 -0.452991
1693731642.391366 4.898682 3.608163 0.072168 0.618061 -0.494743 0.398410 -0.463142
1693731642.458022 4.961260 3.602498 0.063118 0.597490 -0.503181 0.412869 -0.468353
1693731642.524680 5.027019 3.593796 0.053758 0.588381 -0.515361 0.408054 -0.470853
1693731642.591369 5.094149 3.590037 0.041810 0.604747 -0.529454 0.372492 -0.463906
1693731642.658036 5.163342 3.584674 0.038066 0.606612 -0.514779 0.382807 -0.469557
1693731642.724705 5.231938 3.582097 0.045042 0.602578 -0.493553 0.388641 -0.492202
1693731642.791381 5.296931 3.583787 0.054055 0.615049 -0.480709 0.381932 -0.494735
1693731642.858042 5.359162 3.587210 0.064152 0.622259 -0.480513 0.377423 -0.489339
1693731642.924709 5.418727 3.589078 0.075762 0.626848 -0.482559 0.388637 -0.472397
1693731643.001389 5.481938 3.593094 0.085542 0.633654 -0.484055 0.384262 -0.465313
1693731643.068060 5.540986 3.597184 0.091192 0.628827 -0.491514 0.389312 -0.459813
1693731643.134721 5.601928 3.607161 0.091801 0.640754 -0.484449 0.361615 -0.473264
1693731643.206410 5.670008 3.622141 0.084719 0.668142 -0.492348 0.307383 -0.465505
1693731643.273079 5.733588 3.628259 0.085536 0.670004 -0.486500 0.328649 -0.454315
1693731643.339745 5.799360 3.634914 0.099437 0.652324 -0.493849 0.338909 -0.464464
1693731643.406424 5.861400 3.639507 0.113715 0.649700 -0.519741 0.324011 -0.450307
1693731643.473091 5.919059 3.643954 0.137446 0.640870 -0.526656 0.325038 -0.454169
1693731643.539750 5.973217 3.649164 0.167417 0.626230 -0.529579 0.328701 -0.468334
1693731643.606436 6.020215 3.654868 0.192656 0.622249 -0.535139 0.325279 -0.469709
1693731643.673106 6.061309 3.662766 0.217721 0.620544 -0.528783 0.319048 -0.483241
1693731643.739768 6.096731 3.671429 0.240985 0.623160 -0.518392 0.306631 -0.498918
1693731643.806434 6.127703 3.679069 0.259735 -0.631083 0.505729 -0.288573 0.512540
1693731643.873111 6.157331 3.686016 0.277570 -0.637715 0.487773 -0.270400 0.531301
1693731643.939779 6.186220 3.693585 0.293206 -0.648918 0.465352 -0.252235 0.546562
1693731644.006455 6.212023 3.702665 0.308257 -0.663617 0.438524 -0.219775 0.564808
1693731644.139794 6.260550 3.723904 0.331847 -0.692344 0.386524 -0.181622 0.581612
1693731644.206473 6.280321 3.736862 0.342547 -0.700533 0.363828 -0.161996 0.592148
1693731644.339798 6.296088 3.769407 0.365048 -0.703589 0.316766 -0.095444 0.628898
1693731644.406484 6.291077 3.788334 0.375149 -0.705446 0.294845 -0.059699 0.641754
1693731644.473152 6.277084 3.807857 0.385985 -0.705941 0.271359 -0.019827 0.653926
1693731644.539818 6.255353 3.826988 0.395905 -0.709101 0.237730 0.014900 0.663655
1693731644.606493 6.226729 3.846814 0.406320 -0.711493 0.200744 0.051310 0.671451
1693731644.673159 6.193485 3.867865 0.416469 -0.713785 0.168871 0.081328 0.674818
1693731644.739828 6.155290 3.890488 0.426577 -0.714647 0.138051 0.108665 0.677062
1693731644.806504 6.113004 3.913989 0.435530 -0.716178 0.104486 0.132957 0.677122
1693731644.939840 6.014995 3.958365 0.448633 -0.713082 0.037598 0.187006 0.674632
1693731645.006517 5.957919 3.978622 0.452981 -0.711260 0.001693 0.220173 0.667555
1693731645.073184 5.896937 3.996873 0.454380 -0.711582 -0.038390 0.244053 0.657735
1693731645.139853 5.834874 4.012377 0.453597 -0.710072 -0.076207 0.268094 0.646619
1693731645.206528 5.771967 4.023935 0.449896 -0.708262 -0.111881 0.296059 0.631028
1693731645.273196 5.708203 4.032852 0.441489 -0.708677 -0.149460 0.316213 0.612738
1693731645.339862 5.645043 4.039370 0.429844 -0.707420 -0.191594 0.330650 0.594575
1693731645.406539 5.584000 4.043210 0.416000 -0.703683 -0.233589 0.349933 0.572550
1693731645.539867 5.470257 4.049711 0.383156 -0.695758 -0.303805 0.390995 0.520333
1693731645.601556 5.420988 4.054325 0.364644 0.695321 0.331049 -0.401479 -0.495733
1693731645.734897 5.318412 4.067930 0.316371 0.693538 0.389526 -0.414059 -0.442526
1693731645.801573 5.267921 4.075499 0.291153 0.688302 0.417668 -0.421694 -0.417095
1693731645.934913 5.160588 4.103290 0.244903 0.675834 0.451207 -0.429182 -0.394288
1693731646.001590 5.106617 4.121310 0.227221 0.672019 0.455316 -0.436733 -0.387739
1693731646.068261 5.052942 4.139207 0.215030 0.666150 0.460640 -0.445281 -0.381812
1693731646.134928 4.999673 4.155398 0.209883 0.662468 0.463988 -0.459737 -0.366732
1693731646.206605 4.941644 4.172786 0.211486 0.656261 0.464531 -0.472287 -0.361216
1693731646.339940 4.827158 4.195289 0.218953 0.644297 0.470718 -0.489962 -0.351060
1693731646.406613 4.768579 4.201852 0.218558 0.645789 0.475043 -0.489825 -0.342582
1693731646.539947 4.646089 4.207605 0.209456 0.650104 0.479251 -0.490629 -0.327058
1693731646.606622 4.582499 4.208377 0.200316 0.649193 0.484723 -0.490691 -0.320648
1693731646.739957 4.451047 4.217301 0.188005 0.653577 0.474161 -0.487341 -0.332425
1693731646.806628 4.387515 4.222976 0.187432 0.659245 0.470634 -0.483271 -0.332189
1693731646.873296 4.327064 4.232443 0.190549 0.674278 0.462324 -0.472634 -0.328973
1693731647.006627 4.212356 4.257724 0.208150 0.662246 0.455952 -0.477547 -0.354242
1693731647.073296 4.155747 4.271234 0.203487 0.678236 0.452556 -0.460698 -0.350637
1693731647.139965 4.098251 4.283262 0.195297 0.691726 0.443935 -0.451454 -0.347312
1693731647.206642 4.039155 4.291360 0.185704 0.693535 0.439413 -0.456847 -0.342368
1693731647.273311 3.976554 4.299788 0.169480 0.699696 0.438307 -0.452771 -0.336616
1693731647.339977 3.910376 4.310268 0.152660 0.700060 0.441987 -0.445841 -0.340280
1693731647.406655 3.841916 4.324504 0.141895 0.706248 0.431576 -0.442213 -0.345549
1693731647.473322 3.773107 4.339410 0.138734 0.714679 0.417698 -0.443672 -0.343390
1693731647.539989 3.705106 4.353603 0.140617 0.723126 0.404998 -0.443232 -0.341483
1693731647.606652 3.636152 4.367471 0.146755 0.723103 0.396561 -0.443269 -0.351247
1693731647.673330 3.569704 4.382476 0.149277 0.732315 0.389676 -0.430225 -0.356054
1693731647.739998 3.505043 4.399742 0.153733 0.735345 0.377975 -0.431861 -0.360414
1693731647.806675 3.439828 4.420576 0.156529 0.738595 0.360406 -0.435530 -0.367284
1693731647.873342 3.372910 4.443570 0.155025 0.744180 0.340938 -0.436058 -0.373913
1693731647.940009 3.305706 4.468313 0.151445 0.753604 0.317358 -0.431548 -0.380961
1693731648.006685 3.241493 4.492997 0.150247 0.763116 0.293917 -0.426962 -0.385966
1693731648.073355 3.179500 4.517112 0.149511 0.781651 0.277999 -0.405504 -0.383802
1693731648.140021 3.124021 4.544675 0.152751 0.793924 0.262629 -0.387847 -0.387666
1693731648.206688 3.072276 4.575884 0.164216 0.795707 0.234504 -0.388098 -0.401546
1693731648.273349 3.024907 4.609510 0.169314 0.800665 0.209387 -0.383894 -0.409534
1693731648.340021 2.979197 4.644906 0.164977 0.813006 0.185963 -0.371540 -0.407918
1693731648.406699 2.933186 4.682875 0.157510 0.819511 0.166598 -0.361431 -0.412328
1693731648.473370 2.887090 4.723750 0.146916 0.822532 0.159305 -0.352248 -0.417115
1693731648.540036 2.838781 4.768050 0.136257 0.820940 0.155692 -0.346297 -0.426491
1693731648.606715 2.791996 4.816989 0.127391 0.822755 0.142848 -0.338961 -0.433330
1693731648.673382 2.746480 4.866612 0.118606 0.838215 0.125668 -0.321128 -0.422470
1693731648.740054 2.704819 4.916497 0.109798 0.848786 0.113821 -0.299916 -0.420307
1693731648.806731 2.667825 4.965386 0.114638 0.848598 0.093164 -0.291559 -0.431504
1693731648.873403 2.634424 5.010992 0.117519 0.851637 0.083452 -0.284044 -0.432515
1693731648.940068 2.598272 5.055773 0.118007 0.853821 0.079227 -0.279513 -0.431955
1693731649.006744 2.561102 5.103233 0.117226 0.852541 0.080137 -0.268937 -0.440935
1693731649.073410 2.523528 5.153998 0.116440 0.849063 0.076722 -0.263056 -0.451672
1693731649.140078 2.487844 5.206123 0.117305 0.844125 0.063819 -0.257053 -0.466159
1693731649.273418 2.428417 5.307570 0.119206 0.848513 0.050842 -0.218286 -0.479367
1693731649.340075 2.407042 5.356332 0.123905 0.846758 0.066891 -0.186748 -0.493610
1693731649.406765 2.389517 5.405744 0.135163 -0.832964 -0.067158 0.180932 0.518579
1693731649.473433 2.376151 5.455223 0.140120 -0.832229 -0.050168 0.172374 0.524561
1693731649.540101 2.363741 5.504347 0.135537 -0.839071 -0.034900 0.159905 0.518818
1693731649.606778 2.349209 5.555375 0.129830 -0.839684 -0.029552 0.157705 0.518831
1693731649.673444 2.332071 5.607802 0.121770 -0.841694 -0.028702 0.163018 0.513957
1693731649.740112 2.312234 5.663578 0.113316 -0.841915 -0.030973 0.171526 0.510685
1693731649.806790 2.293000 5.722334 0.106247 -0.841911 -0.031388 0.176045 0.509126
1693731649.873456 2.273399 5.781040 0.100764 -0.844564 -0.028657 0.180394 0.503338
1693731649.940126 2.256564 5.838424 0.092222 0.853692 0.025535 -0.173917 -0.490214
1693731650.006802 2.242731 5.892717 0.087072 0.861471 0.019297 -0.156931 -0.482565
1693731650.073464 2.231369 5.942619 0.083428 0.867402 0.021985 -0.147624 -0.474697
1693731650.140130 2.220091 5.991745 0.080478 0.871686 0.024319 -0.150163 -0.465857
1693731650.206804 2.209205 6.042985 0.074640 0.875319 0.027280 -0.144151 -0.460753
1693731650.273472 2.199624 6.098101 0.066646 0.878868 0.023791 -0.134831 -0.456996
1693731650.340141 2.191232 6.155627 0.058161 0.880986 0.010971 -0.123376 -0.456642
1693731650.406816 2.183934 6.214252 0.055265 0.879136 -0.005470 -0.115234 -0.462397
1693731650.473484 2.175383 6.273994 0.057924 0.879651 -0.023720 -0.110359 -0.462031
1693731650.540154 2.169450 6.333299 0.059545 0.886392 -0.048910 -0.090750 -0.451310
1693731650.606833 2.162704 6.390886 0.068496 0.882656 -0.061080 -0.080874 -0.458962
1693731650.673501 2.154493 6.444792 0.079225 0.878579 -0.073247 -0.086824 -0.463892
1693731650.740171 2.147018 6.495510 0.084376 0.878984 -0.077214 -0.087726 -0.462308
1693731650.806844 2.140491 6.547581 0.084555 0.879064 -0.077654 -0.087366 -0.462151
1693731650.873513 2.134912 6.603011 0.081306 0.878476 -0.078198 -0.092742 -0.462130
1693731651.006852 2.128641 6.727551 0.066473 0.875985 -0.069392 -0.099482 -0.466839
1693731651.073521 2.127769 6.796601 0.062761 0.872815 -0.072681 -0.105427 -0.470952
1693731651.140191 2.127308 6.867279 0.065293 0.867450 -0.065817 -0.110541 -0.480603
1693731651.206868 2.128348 6.937755 0.073076 0.864702 -0.070455 -0.115012 -0.483838
1693731651.273529 2.129650 7.005837 0.083681 0.861575 -0.077911 -0.111325 -0.489106
1693731651.340198 2.129944 7.069851 0.094426 0.862599 -0.075433 -0.105682 -0.488943
1693731651.406875 2.127886 7.132997 0.104472 0.862110 -0.071394 -0.105486 -0.490451
1693731651.473542 2.125193 7.197844 0.113622 0.859048 -0.062455 -0.100064 -0.498119
1693731651.540205 2.120630 7.263746 0.122691 -0.855331 0.054664 0.096405 0.506089
1693731651.606870 2.116249 7.328660 0.132398 -0.853636 0.050366 0.090264 0.510511
1693731651.673538 2.112996 7.389821 0.145689 -0.850105 0.052964 0.087799 0.516535
1693731651.806871 2.104130 7.505092 0.178866 -0.858094 0.058938 0.100820 0.500036
1693731651.873537 2.101116 7.560967 0.198256 0.860872 -0.058510 -0.101212 -0.495208
1693731651.940202 2.100167 7.613179 0.218300 0.866800 -0.065425 -0.105567 -0.482942
1693731652.006879 2.096946 7.662694 0.236356 0.874344 -0.054814 -0.114835 -0.468327
1693731652.073551 2.094740 7.710643 0.251471 0.877530 -0.050341 -0.125067 -0.460180
1693731652.206892 2.096789 7.812115 0.275021 0.877606 -0.046838 -0.133901 -0.457913
1693731652.273560 2.104167 7.867383 0.282946 0.879552 -0.049018 -0.124883 -0.456498
1693731652.340231 2.113994 7.925756 0.294210 0.876267 -0.048962 -0.117661 -0.464666
1693731652.406910 2.122730 7.985624 0.307800 0.874275 -0.045855 -0.111692 -0.470176
1693731652.473568 2.130430 8.044026 0.323774 0.874574 -0.043628 -0.108304 -0.470624
1693731652.540238 2.134852 8.101622 0.342147 0.877855 -0.034892 -0.105489 -0.465860
1693731652.606915 2.136426 8.157798 0.364398 0.878192 -0.027701 -0.105128 -0.465790
1693731652.673575 2.138528 8.211443 0.389234 0.875482 -0.029665 -0.103363 -0.471134
1693731652.740239 2.140617 8.262915 0.411870 0.873466 -0.029176 -0.093383 -0.476954
1693731652.806906 2.144028 8.314966 0.430792 0.872758 -0.038676 -0.083901 -0.479331
1693731652.873576 2.150475 8.365641 0.445236 0.872662 -0.043093 -0.062168 -0.482430
1693731652.940245 2.154536 8.416794 0.459360 0.870504 -0.047695 -0.054369 -0.486817
1693731653.006913 2.156387 8.468542 0.473932 0.868081 -0.053826 -0.054535 -0.490474
1693731653.073586 2.155712 8.521961 0.488024 0.866584 -0.056348 -0.052163 -0.493089
1693731653.140248 2.154751 8.574811 0.503670 0.867623 -0.065012 -0.047831 -0.490628
1693731653.206927 2.152709 8.625672 0.523203 0.864668 -0.069276 -0.046317 -0.495384
1693731653.273599 2.149412 8.673824 0.546923 0.862691 -0.075354 -0.053014 -0.497268
1693731653.340264 2.145635 8.718442 0.570187 0.864399 -0.069193 -0.047310 -0.495771
1693731653.406945 2.142824 8.761717 0.594873 0.862220 -0.073625 -0.041300 -0.499451
1693731653.473614 2.142180 8.802533 0.617674 -0.859047 0.079933 0.032519 0.504571
1693731653.540280 2.142560 8.841639 0.637695 -0.856618 0.094302 0.042686 0.505461
1693731653.606968 2.144953 8.879111 0.654133 -0.856665 0.110099 0.053836 0.501104
1693731653.673632 2.151159 8.916584 0.669240 0.853288 -0.132941 -0.071398 -0.499129
1693731653.740301 2.160718 8.953472 0.682654 0.849932 -0.152826 -0.076000 -0.498481
1693731653.806978 2.172967 8.990441 0.696420 -0.843947 0.167203 0.072046 0.504585
1693731653.873641 2.185078 9.027196 0.711895 -0.837457 0.172382 0.070207 0.513831
1693731653.940305 2.194769 9.064717 0.729209 -0.830677 0.173713 0.071989 0.524039
1693731654.006971 2.201616 9.102143 0.748711 -0.824067 0.167855 0.072607 0.536159
1693731654.073646 2.203523 9.140746 0.764847 -0.816202 0.160737 0.078637 0.549358
1693731654.140315 2.203275 9.176782 0.784893 -0.809785 0.149904 0.080896 0.561455
1693731654.206983 2.198924 9.211109 0.803636 -0.804936 0.138659 0.088922 0.570040
1693731654.273655 2.188579 9.242252 0.819335 -0.803234 0.124168 0.101374 0.573690
1693731654.340325 2.173637 9.269701 0.834397 -0.800225 0.106619 0.114446 0.578943
1693731654.407000 2.152720 9.292494 0.848822 -0.796140 0.086631 0.128993 0.584822
1693731654.473674 2.126165 9.310036 0.863011 -0.791058 0.062554 0.143777 0.591305
1693731654.540344 2.093408 9.320330 0.876096 -0.787126 0.034522 0.161609 0.594241
1693731654.607021 2.055441 9.323694 0.889667 -0.782439 0.004237 0.185735 0.594368
1693731654.673689 2.013646 9.320211 0.902791 -0.775921 -0.027291 0.212025 0.593504
1693731654.740363 1.970691 9.310926 0.914782 -0.768538 -0.051825 0.238043 0.591607
1693731654.807043 1.927821 9.294942 0.925713 -0.758545 -0.073845 0.260310 0.592786
1693731654.873713 1.884638 9.270670 0.935086 -0.752736 -0.093524 0.281381 0.587764
1693731654.940381 1.841039 9.237955 0.942714 -0.746835 -0.116661 0.299275 0.582291
1693731655.007064 1.797911 9.195031 0.950675 -0.739044 -0.143375 0.320583 0.574877
1693731655.073728 1.756323 9.143989 0.956925 -0.731882 -0.175376 0.336503 0.566002
1693731655.140395 1.714815 9.089200 0.961582 -0.723620 -0.204694 0.346670 0.560620
1693731655.207071 1.674297 9.032417 0.964155 -0.716579 -0.229448 0.359748 0.551769
1693731655.273742 1.633964 8.973416 0.963186 -0.711559 -0.252594 0.375809 0.537259
1693731655.340407 1.595711 8.914197 0.960459 -0.705013 -0.277985 0.389931 0.523101
1693731655.407085 1.560026 8.856618 0.956943 -0.696308 -0.298463 0.408207 0.509354
1693731655.473792 1.524371 8.800146 0.951021 0.686671 0.321290 -0.426600 -0.493223
1693731655.540453 1.489243 8.746021 0.940323 0.680729 0.347734 -0.435700 -0.475242
1693731655.607131 1.455610 8.695578 0.926848 0.675782 0.378089 -0.439289 -0.455404
1693731655.673795 1.423722 8.650515 0.914044 0.670531 0.400743 -0.441186 -0.441757
1693731655.740453 1.392923 8.610279 0.905390 0.661383 0.416688 -0.447857 -0.434014
1693731655.807129 1.363135 8.571568 0.896876 0.651550 0.433368 -0.455296 -0.424712
1693731655.873796 1.333460 8.532041 0.887543 0.641146 0.450107 -0.463746 -0.413855
1693731655.940456 1.303998 8.488826 0.875869 0.630070 0.472351 -0.470954 -0.397617
1693731656.007128 1.274318 8.441617 0.864227 0.611888 0.498852 -0.481484 -0.380674
1693731656.073796 1.243650 8.392417 0.851670 0.592371 0.525710 -0.493231 -0.359790
1693731656.140462 1.213664 8.344027 0.837934 0.574198 0.548771 -0.505918 -0.336445
1693731656.207142 1.182994 8.296350 0.822747 0.552121 0.572454 -0.517920 -0.314990
1693731656.273810 1.155758 8.248962 0.805517 0.523235 0.598165 -0.534619 -0.287413
1693731656.340477 1.133537 8.197701 0.786803 0.476022 0.633119 -0.552406 -0.259636
1693731656.407152 1.117722 8.147016 0.764866 0.424974 0.669453 -0.563726 -0.231176
1693731656.473822 1.109681 8.099089 0.743325 0.366246 0.700727 -0.575851 -0.207947
1693731656.540488 1.108555 8.053200 0.721166 0.308371 0.727971 -0.586841 -0.174880
1693731656.607161 1.116013 8.008382 0.699035 0.236142 0.753514 -0.596414 -0.144030
1693731656.673827 1.133116 7.967579 0.676372 0.154712 0.776275 -0.600527 -0.113264
1693731656.740498 1.158069 7.930208 0.651410 0.071217 0.796462 -0.595881 -0.074179
1693731656.807176 1.186806 7.896632 0.625714 -0.004806 0.813805 -0.579839 -0.038521
1693731656.873846 1.215927 7.865775 0.600404 -0.072038 0.821861 -0.564997 -0.011557
1693731656.940508 1.246163 7.835474 0.574558 -0.127007 0.824671 -0.550876 0.017966
1693731657.007186 1.278755 7.804926 0.544973 -0.170537 0.827670 -0.532423 0.049049
1693731657.073846 1.313180 7.772900 0.511908 -0.204750 0.828553 -0.516718 0.067680
1693731657.140510 1.349784 7.739089 0.478098 -0.219233 0.834948 -0.498168 0.081411
1693731657.207184 1.389312 7.705782 0.443524 -0.219674 0.845794 -0.475732 0.100274
1693731657.340555 1.471573 7.644929 0.377763 -0.209886 0.864457 -0.438687 0.127336
1693731657.407230 1.512359 7.614877 0.349262 -0.194637 0.873373 -0.422328 0.144829
1693731657.473897 1.550676 7.582806 0.322172 -0.179735 0.883233 -0.404375 0.155160
1693731657.540565 1.584636 7.549097 0.297858 -0.173084 0.890511 -0.390935 0.155570
1693731657.673908 1.642269 7.472730 0.259550 -0.148542 0.904664 -0.366925 0.157751
1693731657.740575 1.667837 7.430758 0.245496 -0.133043 0.908567 -0.357681 0.169910
1693731657.807251 1.693463 7.388283 0.233178 -0.126786 0.908991 -0.349943 0.187617
1693731657.873921 1.717356 7.343197 0.221747 -0.119064 0.909763 -0.341818 0.203260
1693731657.940589 1.738666 7.292967 0.210980 -0.110188 0.907124 -0.344550 0.215104
1693731658.007265 1.757358 7.239196 0.203763 -0.098988 0.900810 -0.355670 0.228565
1693731658.073934 1.773147 7.180656 0.195003 -0.086720 0.897104 -0.365235 0.232998
1693731658.140596 1.788107 7.121099 0.189851 -0.080259 0.887017 -0.391069 0.231999
1693731658.207269 1.799727 7.059135 0.185357 -0.061008 0.880686 -0.411042 0.227407
1693731658.273937 1.811446 7.002733 0.183250 -0.059947 0.876679 -0.422083 0.222904
1693731658.340604 1.822618 6.947238 0.176165 -0.056518 0.882356 -0.413967 0.216529
1693731658.407277 1.833613 6.892233 0.169195 -0.056842 0.886691 -0.407549 0.210834
1693731658.473944 1.843174 6.834396 0.159538 -0.056734 0.889090 -0.404825 0.205955
1693731658.540609 1.853994 6.774978 0.148178 -0.054104 0.887875 -0.406387 0.208809
1693731658.607276 1.866325 6.712588 0.132725 -0.058235 0.882969 -0.416374 0.208824
1693731658.673955 1.878068 6.649451 0.116266 -0.051652 0.879458 -0.424909 0.208180
1693731658.740621 1.888765 6.587974 0.100648 -0.067705 0.874251 -0.434087 0.206566
1693731658.807295 1.896774 6.529871 0.089296 -0.054051 0.882280 -0.416435 0.212703
1693731658.873962 1.899939 6.472969 0.079515 -0.065655 0.893570 -0.397349 0.198332
1693731658.940631 1.900387 6.414703 0.073751 -0.068085 0.901003 -0.381115 0.195729
1693731659.007305 1.900766 6.351450 0.071313 -0.071680 0.900529 -0.380636 0.197547
1693731659.073974 1.902667 6.282721 0.067531 -0.070329 0.895431 -0.386360 0.209723
1693731659.140645 1.907323 6.212454 0.061099 -0.085884 0.885434 -0.397732 0.224587
1693731659.207320 1.914031 6.140514 0.058324 -0.113214 0.865907 -0.428679 0.231565
1693731659.273990 1.920709 6.071251 0.063085 -0.137939 0.844373 -0.457870 0.241581
1693731659.340645 1.926486 6.005569 0.071855 -0.155965 0.831031 -0.468129 0.256745
1693731659.407322 1.934417 5.941973 0.084484 -0.169087 0.817693 -0.478226 0.272190
1693731659.473992 1.944573 5.880456 0.096048 -0.169217 0.815916 -0.476229 0.280806
1693731659.540651 1.957608 5.821154 0.109114 -0.185861 0.801083 -0.488312 0.292015
1693731659.607326 1.973266 5.763319 0.120809 -0.189499 0.784564 -0.501748 0.311125
1693731659.673995 1.993272 5.707156 0.130029 -0.198007 0.766171 -0.517612 0.325351
1693731659.740661 2.018154 5.654298 0.132298 -0.221194 0.757879 -0.519403 0.326976
1693731659.807339 2.046023 5.602929 0.133198 -0.261346 0.746075 -0.521414 0.321245
1693731659.874010 2.073862 5.550983 0.135847 -0.301381 0.729445 -0.524436 0.319446
1693731659.940681 2.099945 5.497102 0.140132 -0.330642 0.713029 -0.526876 0.323524
1693731660.007357 2.125914 5.440450 0.143950 -0.338911 0.710224 -0.525105 0.324016
1693731660.074018 2.147657 5.384930 0.147626 -0.345558 0.705543 -0.532586 0.314883
1693731660.140698 2.167195 5.332848 0.150493 -0.348487 0.704077 -0.532242 0.315517
1693731660.207377 2.189796 5.284403 0.150364 -0.347972 0.705540 -0.518936 0.334416
1693731660.274048 2.217017 5.236384 0.147596 -0.351587 0.702317 -0.512598 0.346960
1693731660.340717 2.246952 5.188869 0.141434 -0.360073 0.696378 -0.508195 0.356572
1693731660.407394 2.278636 5.141237 0.130371 -0.376458 0.692748 -0.497893 0.361222
1693731660.474064 2.311161 5.093383 0.119086 -0.407921 0.676804 -0.496211 0.359598
1693731660.540726 2.344848 5.042755 0.114017 -0.428614 0.662405 -0.499388 0.357941
1693731660.607400 2.381834 4.993239 0.114822 -0.442338 0.648746 -0.499254 0.366347
1693731660.674068 2.424454 4.946985 0.115982 -0.452472 0.644510 -0.488477 0.375853
1693731660.740735 2.471141 4.907367 0.118518 -0.458580 0.641404 -0.476871 0.388457
1693731660.807407 2.519528 4.873221 0.117696 -0.465289 0.640059 -0.467578 0.393957
1693731660.874075 2.566656 4.844939 0.115035 -0.477345 0.633981 -0.453303 0.405864
1693731660.940744 2.614905 4.816983 0.108941 -0.483898 0.631208 -0.440026 0.416888
1693731661.007422 2.665303 4.788301 0.103058 -0.491705 0.624736 -0.434056 0.423707
1693731661.074094 2.716879 4.758004 0.097276 -0.502634 0.615150 -0.435505 0.423420
1693731661.140763 2.768665 4.727192 0.096467 -0.506529 0.606206 -0.438592 0.428463
1693731661.207437 2.821464 4.697367 0.099065 -0.514956 0.596134 -0.440448 0.430639
1693731661.274108 2.875483 4.666563 0.105914 -0.508365 0.598359 -0.437518 0.438304
1693731661.340776 2.929213 4.639472 0.111460 -0.518069 0.589297 -0.438825 0.437911
1693731661.407452 2.982887 4.614930 0.117128 -0.523612 0.579197 -0.440630 0.442952
1693731661.474116 3.037454 4.594580 0.119079 -0.524453 0.575784 -0.431776 0.454963
1693731661.540818 3.094390 4.576189 0.113275 -0.530067 0.573357 -0.423652 0.459139
1693731661.607489 3.155067 4.559269 0.102496 -0.535628 0.568452 -0.418473 0.463515
1693731661.674164 3.218792 4.542059 0.087544 -0.537659 0.568846 -0.416600 0.462365
1693731661.740823 3.281642 4.526413 0.074567 -0.546409 0.559151 -0.418492 0.462226
1693731661.807494 3.346069 4.511505 0.065622 -0.551006 0.554587 -0.416734 0.463852
1693731661.874197 3.410073 4.499821 0.064510 0.553897 -0.547041 0.410145 -0.475106
1693731661.940838 3.476511 4.491552 0.065685 0.563475 -0.536705 0.412287 -0.473775
1693731662.007518 3.542910 4.485387 0.070552 0.561802 -0.530497 0.422685 -0.473590
1693731662.074171 3.608145 4.480887 0.071769 0.550447 -0.537515 0.439371 -0.463722
1693731662.140843 3.670201 4.475079 0.068096 -0.543847 0.545919 -0.455733 0.445545
1693731662.207515 3.728327 4.472016 0.058514 -0.543675 0.561772 -0.447229 0.434529
1693731662.274183 3.785160 4.472762 0.047350 -0.550992 0.571368 -0.434283 0.425846
1693731662.340850 3.842639 4.476237 0.037160 -0.561907 0.570151 -0.426908 0.420640
1693731662.407521 3.902043 4.480290 0.033108 0.568576 -0.564513 0.423677 -0.422545
1693731662.474190 3.962636 4.486189 0.034015 0.570548 -0.561125 0.414702 -0.433171
1693731662.540855 4.021340 4.492130 0.037591 0.573836 -0.561843 0.409553 -0.432795
1693731662.607528 4.077110 4.498851 0.047329 0.575704 -0.548776 0.413760 -0.442958
1693731662.674202 4.127643 4.502946 0.061217 0.566146 -0.544621 0.414716 -0.459215
1693731662.740870 4.174307 4.507876 0.069624 0.560303 -0.547707 0.405549 -0.470752
1693731662.807541 4.220422 4.515684 0.072387 0.566239 -0.535598 0.403942 -0.478894
1693731662.874212 4.267351 4.525643 0.072241 0.572918 -0.518027 0.402575 -0.491269
1693731662.940876 4.315675 4.532256 0.066996 0.580048 -0.508550 0.397484 -0.496919
1693731663.007551 4.365914 4.539436 0.059455 -0.589381 0.498178 -0.388341 0.503628
1693731663.074223 4.418123 4.544894 0.053046 -0.596880 0.489326 -0.382627 0.507830
1693731663.140888 4.469680 4.547718 0.051528 -0.602709 0.478421 -0.378704 0.514236
1693731663.207562 4.520040 4.550714 0.054717 -0.600594 0.493227 -0.353442 0.520665
1693731663.274221 4.568486 4.550702 0.062744 -0.601804 0.489112 -0.355496 0.521751
1693731663.340898 4.611300 4.551536 0.080508 -0.594769 0.469790 -0.382552 0.528395
1693731663.407574 4.643937 4.551688 0.092184 -0.596667 0.444918 -0.408494 0.528364
1693731663.474247 4.673310 4.551211 0.097602 -0.607293 0.439438 -0.405527 0.523103
1693731663.540912 4.707491 4.542921 0.093518 -0.606290 0.456315 -0.412651 0.503894
1693731663.607585 4.742121 4.532793 0.088079 0.581156 -0.488163 0.432380 -0.486829
1693731663.674260 4.774564 4.518019 0.079468 0.569061 -0.516591 0.428155 -0.475381
1693731663.740925 4.807824 4.514911 0.073154 0.576322 -0.498762 0.427086 -0.486505
1693731663.807600 4.848089 4.501373 0.070541 0.569832 -0.503325 0.449989 -0.468472
1693731663.874269 4.888308 4.489898 0.062602 0.567498 -0.525190 0.461091 -0.435335
1693731663.940937 4.923052 4.475763 0.055237 -0.536628 0.566585 -0.469103 0.413466
1693731664.007610 4.954829 4.462997 0.061311 -0.487335 0.585654 -0.495779 0.416794
1693731664.074283 4.979054 4.446666 0.075454 -0.457650 0.592010 -0.517913 0.414545
1693731664.140948 4.997409 4.438825 0.074884 -0.465544 0.604178 -0.504392 0.404753
1693731664.207623 5.015158 4.436507 0.072795 -0.477284 0.600395 -0.499567 0.402688
1693731664.274296 5.032165 4.432121 0.073585 -0.492298 0.586997 -0.510473 0.390505
1693731664.340961 5.046486 4.428811 0.076018 -0.500522 0.556601 -0.536320 0.389916
1693731664.407633 5.056614 4.426422 0.084380 -0.491495 0.546399 -0.539853 0.410414
1693731664.474304 5.065235 4.424294 0.085296 0.505450 -0.541516 0.543237 -0.395188
1693731664.540969 5.073796 4.421378 0.086590 0.507066 -0.537682 0.544347 -0.396824
1693731664.607643 5.081995 4.424925 0.090655 0.504187 -0.523616 0.546312 -0.416130
1693731664.674313 5.090398 4.433112 0.090775 0.516833 -0.504051 0.546203 -0.424827
1693731664.740978 5.094871 4.435617 0.083973 0.525710 -0.497783 0.541739 -0.427035
1693731664.807651 5.096610 4.433114 0.079172 0.525107 -0.494881 0.542557 -0.430100
1693731664.874323 5.094773 4.423804 0.071272 0.526116 -0.499024 0.544476 -0.421572
1693731664.940988 5.090558 4.410656 0.059649 0.529908 -0.510931 0.543780 -0.403051
1693731665.007663 5.086006 4.400899 0.054243 0.522928 -0.520112 0.544251 -0.399775
1693731665.074332 5.084381 4.393654 0.052315 0.519331 -0.526708 0.543751 -0.396495
1693731665.140999 5.085082 4.390505 0.050112 0.521815 -0.527813 0.542612 -0.393311
1693731665.207669 5.087243 4.390002 0.050327 0.522941 -0.524183 0.541246 -0.398519
1693731665.274340 5.089050 4.392430 0.048113 0.532116 -0.519403 0.535742 -0.400068
1693731665.341004 5.090386 4.393755 0.047259 0.530742 -0.518086 0.537322 -0.401479
1693731665.407677 5.089986 4.391563 0.047584 0.526738 -0.520162 0.539489 -0.401160
1693731665.474348 5.088992 4.388291 0.049032 0.522458 -0.522645 0.541606 -0.400678
1693731665.541015 5.087876 4.384712 0.049648 0.518408 -0.527846 0.542919 -0.397329
