timestamp_us,x_m,y_m,z_m,yaw_rad
1693731518666691,4.0315,3.6846,0.0443,0.78037
1693731518733333,4.0216,3.687,0.0449,0.77885
1693731518799985,4.015,3.6882,0.0456,0.77701
1693731518866631,4.0134,3.6889,0.046,0.77462
1693731518933280,4.0127,3.6896,0.047,0.77139
1693731518999934,4.0129,3.6903,0.0477,0.76854
1693731519066598,4.0135,3.6912,0.0484,0.76547
1693731519133256,4.0143,3.6921,0.0491,0.76239
1693731519199904,4.0142,3.6929,0.0495,0.76208
1693731519266571,4.0131,3.6935,0.0499,0.76433
1693731519333257,4.0121,3.6942,0.0502,0.76575
1693731519399917,4.0119,3.6951,0.0501,0.7653
1693731519466570,4.0113,3.6964,0.0501,0.76558
1693731519533234,4.0107,3.6976,0.0503,0.76638
1693731519599898,4.0103,3.6987,0.0504,0.76725
1693731519666510,4.01,3.7,0.0502,0.76932
1693731519733127,4.01,3.7014,0.0502,0.77208
1693731519799757,4.01,3.7028,0.0512,0.77302
1693731519866382,4.0102,3.704,0.0524,0.77454
1693731519933011,4.0101,3.7051,0.0529,0.77731
1693731519999651,4.0102,3.7059,0.0534,0.78095
1693731520066293,4.0102,3.7065,0.0539,0.78493
1693731520132927,4.0102,3.707,0.0545,0.78946
1693731520199572,4.0104,3.7076,0.0551,0.79412
1693731520266219,4.0103,3.7082,0.0555,0.79889
1693731520332861,4.0105,3.7088,0.0557,0.80329
1693731520399531,4.0105,3.7093,0.0556,0.80882
1693731520466174,4.0105,3.7098,0.0555,0.81408
1693731520532829,4.0105,3.7103,0.0553,0.8183
1693731520599495,4.0105,3.711,0.0551,0.82288
1693731520666143,4.01,3.7118,0.0549,0.82759
1693731520732814,4.0122,3.7374,0.0501,0.86086
1693731520799480,3.9988,3.7664,0.0486,0.86002
1693731520866143,3.9865,3.793,0.0481,0.83181
1693731520932803,3.9813,3.8157,0.0498,0.81635
1693731520999474,3.9715,3.8399,0.0534,0.82824
1693731521066140,3.959,3.8638,0.0573,0.83233
1693731521132804,3.9308,3.8813,0.0725,0.88935
1693731521199474,3.8908,3.9049,0.0775,1.04285
1693731521266127,3.86,3.9128,0.0972,1.13356
1693731521332790,3.8476,3.924,0.1023,1.1361
1693731521399462,3.8348,3.9212,0.1057,1.20952
1693731521466126,3.8132,3.9137,0.1168,1.25505
1693731521532792,3.7893,3.9211,0.1363,1.30976
1693731521599466,3.7493,3.9229,0.1398,1.36463
1693731521666124,3.715,3.9175,0.1485,1.41768
1693731521732798,3.6751,3.9326,0.1518,1.44029
1693731521799472,3.6333,3.9427,0.1576,1.44509
1693731521866139,3.5924,3.9594,0.1615,1.43472
1693731521932795,3.5559,3.9828,0.171,1.4086
1693731521999482,3.5243,4.0099,0.1774,1.37739
1693731522066152,3.4834,4.0365,0.1777,1.35428
1693731522132816,3.4409,4.0514,0.1762,1.35986
1693731522199489,3.392,4.063,0.1662,1.37263
1693731522266158,3.3348,4.0729,0.1537,1.39504
1693731522332822,3.2627,4.0968,0.1372,1.43703
1693731522399496,3.1999,4.1158,0.1256,1.44524
1693731522466155,3.1208,4.1408,0.1225,1.44517
1693731522532832,3.0477,4.1658,0.126,1.42491
1693731522599505,2.9799,4.1901,0.1314,1.42889
1693731522666176,2.9122,4.2089,0.1352,1.41138
1693731522732839,2.8438,4.2314,0.1406,1.39118
1693731522799505,2.7733,4.2409,0.1464,1.40847
1693731522866176,2.6978,4.2538,0.152,1.44709
1693731522932844,2.6302,4.2689,0.1564,1.46664
1693731522999521,2.5504,4.2814,0.1628,1.45705
1693731523066189,2.483,4.2892,0.1717,1.44293
1693731523132860,2.3962,4.2943,0.1898,1.40018
1693731523199535,2.3482,4.3209,0.2083,1.39059
1693731523266208,2.2921,4.3509,0.2216,1.37164
1693731523332873,2.2325,4.3636,0.2296,1.3523
1693731523399547,2.1697,4.3805,0.2262,1.34969
1693731523466219,2.0723,4.3919,0.2161,1.3579
1693731523532888,1.978,4.404,0.193,1.3941
1693731523599560,1.9156,4.4078,0.1727,1.40291
1693731523666229,1.8475,4.4155,0.1605,1.42093
1693731523732886,1.7787,4.417,0.1555,1.42429
1693731523799577,1.6784,4.4183,0.155,1.42508
1693731523866244,1.5921,4.418,0.149,1.41773
1693731523932902,1.5274,4.4095,0.1392,1.43821
1693731523999588,1.4471,4.4002,0.1248,1.45875
1693731524066248,1.3757,4.3927,0.1054,1.46796
1693731524132927,1.2636,4.3858,0.0894,1.46839
1693731524199603,1.1696,4.3799,0.0792,1.46152
1693731524266268,1.072,4.3687,0.0787,1.41952
1693731524332935,1.0074,4.3736,0.0901,1.40727
1693731524399610,0.9796,4.3726,0.1009,1.41322
1693731524466283,0.9263,4.3646,0.1045,1.41007
1693731524532948,0.8712,4.3624,0.1048,1.40279
1693731524599616,0.8032,4.3597,0.0946,1.39551
1693731524666288,0.7367,4.3501,0.0745,1.38417
1693731524732954,0.6756,4.333,0.0585,1.3875
1693731524799629,0.5874,4.3179,0.0538,1.38659
1693731524866293,0.5156,4.3102,0.0629,1.40403
1693731524932955,0.4265,4.2944,0.0778,1.42743
1693731524999634,0.3433,4.286,0.0905,1.44057
1693731525132982,0.1805,4.2554,0.0991,1.48652
1693731525199655,0.0928,4.2318,0.0983,1.51628
1693731525266324,0.0241,4.2135,0.0973,1.54364
1693731525332992,-0.0577,4.2001,0.0989,1.5691
1693731525399668,-0.1396,4.1831,0.1083,1.51974
1693731525466337,-0.2041,4.1865,0.1247,1.51363
1693731525533014,-0.2776,4.2005,0.1351,1.49348
1693731525599687,-0.3466,4.2151,0.1353,1.44151
1693731525666357,-0.4322,4.2412,0.1246,1.40224
1693731525733019,-0.5138,4.2558,0.1072,1.36293
1693731525799686,-0.6004,4.2681,0.0906,1.35546
1693731525866354,-0.6827,4.294,0.0827,1.34824
1693731525933022,-0.7809,4.3039,0.0838,1.36671
1693731525999700,-0.8694,4.3142,0.0951,1.39732
1693731526066371,-0.9541,4.3178,0.1092,1.43217
1693731526133041,-1.0278,4.3101,0.1278,1.47177
1693731526199719,-1.0952,4.3128,0.1334,1.54641
1693731526266388,-1.1835,4.3228,0.1355,1.57424
1693731526333056,-1.2632,4.3268,0.1295,1.58201
1693731526399730,-1.3394,4.3337,0.1219,1.57431
1693731526466399,-1.4183,4.347,0.1192,1.55864
1693731526533068,-1.491,4.3588,0.1181,1.51844
1693731526599743,-1.5594,4.3777,0.1185,1.5117
1693731526666409,-1.6216,4.3938,0.1118,1.509
1693731526733067,-1.6831,4.4129,0.1039,1.49769
1693731526799750,-1.7639,4.4411,0.0866,1.49498
1693731526866423,-1.8572,4.4708,0.0684,1.49782
1693731526933090,-1.9463,4.4971,0.057,1.52644
1693731526999762,-2.0304,4.5045,0.0539,1.54631
1693731527066429,-2.1091,4.5225,0.0615,1.58503
1693731527133088,-2.1944,4.5381,0.0673,1.62006
1693731527199773,-2.2799,4.5356,0.073,1.64976
1693731527266439,-2.3688,4.5337,0.0722,1.70536
1693731527333102,-2.4693,4.5322,0.0699,1.76153
1693731527399778,-2.5567,4.518,0.0643,1.80557
1693731527466444,-2.6531,4.5029,0.057,1.84939
1693731527533108,-2.7455,4.5027,0.0551,1.90503
1693731527599786,-2.8354,4.4863,0.0581,1.92882
1693731527666456,-2.9215,4.4831,0.0681,1.98067
1693731527733121,-3.0008,4.4808,0.0739,2.04771
1693731527799794,-3.1232,4.5196,0.0808,2.11836
1693731527866462,-3.2128,4.5121,0.0813,2.17166
1693731527933133,-3.3071,4.5017,0.0763,2.22514
1693731527999806,-3.3958,4.4899,0.0706,2.2972
1693731528066475,-3.4699,4.4572,0.0675,2.3406
1693731528133141,-3.55,4.4242,0.0717,2.39393
1693731528199817,-3.6224,4.3868,0.0792,2.45796
1693731528266474,-3.6955,4.3388,0.0894,2.52946
1693731528333154,-3.7579,4.2771,0.0991,2.60497
1693731528399826,-3.789,4.1765,0.1118,2.68585
1693731528466494,-3.8266,4.1016,0.1162,2.77228
1693731528533161,-3.8724,4.0464,0.119,2.84995
1693731528599839,-3.9179,3.9888,0.1131,2.89406
1693731528666507,-3.9582,3.9477,0.1025,2.93747
1693731528733176,-3.998,3.8926,0.0935,2.94066
1693731528799888,-4.0284,3.8362,0.086,2.96888
1693731528866541,-4.0519,3.7844,0.0838,3.00795
1693731528933217,-4.0686,3.7308,0.0792,3.04567
1693731529066564,-4.0941,3.6108,0.0613,-3.12624
1693731529133229,-4.115,3.5474,0.0488,-3.10237
1693731529199899,-4.1538,3.4844,0.0397,-3.08557
1693731529266565,-4.1675,3.4263,0.0342,-3.06907
1693731529333228,-4.1901,3.3608,0.0301,-3.03996
1693731529399901,-4.1993,3.2975,0.0316,-3.03128
1693731529466567,-4.1916,3.2288,0.0297,-3.03202
1693731529533233,-4.1867,3.1625,0.0311,-3.00122
1693731529599905,-4.1933,3.1007,0.0292,-2.97986
1693731529666575,-4.1952,3.0352,0.0231,-2.95406
1693731529733238,-4.2114,2.9734,0.0225,-2.92666
1693731529799913,-4.223,2.9161,0.02,-2.91631
1693731529866579,-4.2361,2.8516,0.0222,-2.96859
1693731529933249,-4.2211,2.7919,0.0304,-2.96169
1693731529999921,-4.232,2.7229,0.0439,-2.95526
1693731530066590,-4.2367,2.6568,0.0571,-2.97593
1693731530133258,-4.2238,2.5966,0.0628,-2.98783
1693731530199932,-4.1771,2.5418,0.0657,-2.9919
1693731530333259,-4.1645,2.4081,0.0577,-2.96576
1693731530399933,-4.1818,2.327,0.0527,-3.00974
1693731530466605,-4.2087,2.2391,0.0562,-3.02457
1693731530533274,-4.2238,2.1698,0.0647,-3.05949
1693731530599949,-4.2608,2.0802,0.071,-3.12411
1693731530666609,-4.2901,1.9974,0.0792,3.14159
1693731530733290,-4.3113,1.9286,0.0862,-3.1304
1693731530799964,-4.3496,1.8421,0.0894,-3.12271
1693731530866634,-4.3854,1.7545,0.0902,-3.13977
1693731530933299,-4.4184,1.665,0.0901,3.13378
1693731530999977,-4.4291,1.5982,0.0944,-3.10633
1693731531066644,-4.4497,1.5321,0.103,-3.08252
1693731531133310,-4.477,1.4694,0.1133,-3.0821
1693731531199989,-4.494,1.4142,0.1265,-3.06577
1693731531266660,-4.5187,1.3571,0.134,-3.02584
1693731531333330,-4.5446,1.3028,0.1365,-2.9951
1693731531400005,-4.5665,1.2423,0.1356,-2.95129
1693731531466672,-4.5852,1.1844,0.1331,-2.90227
1693731531533341,-4.6059,1.1186,0.1346,-2.87413
1693731531600016,-4.6215,1.0497,0.1438,-2.82536
1693731531666686,-4.6534,0.9699,0.1531,-2.80098
1693731531733354,-4.6905,0.8981,0.1615,-2.79726
1693731531800031,-4.7051,0.8289,0.168,-2.79984
1693731531866698,-4.7085,0.7658,0.1729,-2.77747
1693731531933369,-4.6982,0.7106,0.1714,-2.75378
1693731532000043,-4.7027,0.6459,0.1682,-2.7075
1693731532066720,-4.6927,0.5784,0.1665,-2.67268
1693731532133387,-4.6894,0.519,0.1642,-2.64024
1693731532200051,-4.6959,0.4542,0.1677,-2.61719
1693731532266730,-4.6828,0.3911,0.1773,-2.60497
1693731532333396,-4.6632,0.3248,0.1855,-2.57769
1693731532400068,-4.6506,0.265,0.1942,-2.54684
1693731532466738,-4.6219,0.2003,0.1967,-2.51838
1693731532533406,-4.569,0.1366,0.2005,-2.4744
1693731532600084,-4.5457,0.0736,0.1997,-2.43328
1693731532666751,-4.4975,0.0075,0.2017,-2.365
1693731532733416,-4.4577,-0.0665,0.2108,-2.32915
1693731532800092,-4.4286,-0.1416,0.226,-2.26564
1693731532866761,-4.3993,-0.2024,0.2429,-2.22555
1693731532933426,-4.3621,-0.2736,0.2609,-2.20148
1693731533000103,-4.3276,-0.3316,0.2735,-2.1763
1693731533066767,-4.2772,-0.3813,0.2862,-2.14004
1693731533133432,-4.2266,-0.3791,0.2983,-2.12487
1693731533200107,-4.1744,-0.4446,0.3009,-2.06759
1693731533266778,-4.1285,-0.5238,0.3024,-2.03921
1693731533333444,-4.0767,-0.5566,0.3077,-2.04196
1693731533400119,-4.0249,-0.5759,0.3144,-2.03595
1693731533466787,-3.9583,-0.6503,0.3251,-1.99569
1693731533533457,-3.9113,-0.6573,0.3306,-1.97288
1693731533600131,-3.8531,-0.6531,0.3348,-1.93886
1693731533666792,-3.7983,-0.6806,0.336,-1.91211
1693731533733471,-3.7355,-0.7112,0.3339,-1.88299
1693731533800148,-3.6677,-0.7373,0.3247,-1.86202
1693731533866816,-3.5981,-0.7576,0.3178,-1.8365
1693731533933486,-3.532,-0.7905,0.3166,-1.81465
1693731534000160,-3.4567,-0.8181,0.3194,-1.78759
1693731534066820,-3.3818,-0.8535,0.32,-1.77277
1693731534133505,-3.3165,-0.8913,0.3179,-1.75747
1693731534200180,-3.2493,-0.8857,0.3079,-1.75725
1693731534266845,-3.1755,-0.8914,0.2958,-1.74094
1693731534333514,-3.1285,-0.885,0.2771,-1.73602
1693731534400188,-3.0643,-0.897,0.2575,-1.71528
1693731534466861,-3.0062,-0.8733,0.2341,-1.75241
1693731534533526,-2.9611,-0.8944,0.2149,-1.75377
1693731534600201,-2.9126,-0.9323,0.1907,-1.77051
1693731534666865,-2.8598,-0.9622,0.1785,-1.78318
1693731534733532,-2.8112,-0.9816,0.1649,-1.81168
1693731534800207,-2.7788,-1.0108,0.1526,-1.82595
1693731534866869,-2.738,-1.0171,0.1368,-1.84528
1693731534933548,-2.6993,-1.0266,0.121,-1.85598
1693731535000222,-2.6607,-1.0624,0.1038,-1.85375
1693731535066888,-2.6081,-1.0966,0.0895,-1.84496
1693731535133556,-2.5352,-1.1168,0.0762,-1.85416
1693731535200228,-2.4902,-1.139,0.0663,-1.84388
1693731535266900,-2.4259,-1.1459,0.0683,-1.84669
1693731535333565,-2.365,-1.1726,0.0774,-1.84154
1693731535400241,-2.3084,-1.1917,0.0866,-1.82818
1693731535466906,-2.2529,-1.2171,0.0984,-1.7877
1693731535533570,-2.1997,-1.2336,0.1075,-1.75613
1693731535600235,-2.1575,-1.2691,0.1087,-1.69505
1693731535666913,-2.1039,-1.299,0.1166,-1.67415
1693731535733583,-2.0408,-1.3184,0.122,-1.66364
1693731535800250,-1.98,-1.3341,0.1302,-1.65726
1693731535866927,-1.9337,-1.3517,0.143,-1.6529
1693731535933585,-1.8744,-1.3603,0.1553,-1.64093
1693731536000270,-1.832,-1.3763,0.1646,-1.61653
1693731536066938,-1.7832,-1.3992,0.1672,-1.60146
1693731536133604,-1.7378,-1.4285,0.165,-1.55693
1693731536200280,-1.6865,-1.4298,0.1582,-1.52003
1693731536266946,-1.6075,-1.4361,0.1526,-1.49135
1693731536333611,-1.5451,-1.4209,0.1505,-1.47658
1693731536400287,-1.4644,-1.4294,0.1552,-1.45428
1693731536466956,-1.392,-1.4451,0.1602,-1.43388
1693731536533621,-1.3127,-1.4548,0.1664,-1.42285
1693731536600296,-1.2398,-1.4474,0.1678,-1.41575
1693731536666963,-1.1768,-1.4286,0.1696,-1.39008
1693731536733633,-1.1081,-1.4302,0.1713,-1.362
1693731536800307,-1.0399,-1.4203,0.165,-1.33923
1693731536866965,-0.9648,-1.4138,0.1606,-1.30692
1693731536933642,-0.8965,-1.408,0.1559,-1.28914
1693731537000319,-0.8309,-1.4154,0.1488,-1.27653
1693731537066987,-0.7626,-1.4283,0.1563,-1.24916
1693731537133657,-0.7011,-1.4219,0.1633,-1.23096
1693731537200333,-0.6469,-1.4157,0.1691,-1.22888
1693731537267002,-0.5893,-1.4113,0.1713,-1.21596
1693731537333659,-0.5281,-1.4059,0.1693,-1.20012
1693731537400346,-0.4649,-1.3968,0.1646,-1.18087
1693731537467014,-0.3995,-1.3905,0.1569,-1.14504
1693731537533675,-0.3315,-1.3797,0.1484,-1.12659
1693731537600359,-0.2617,-1.3703,0.1463,-1.09036
1693731537667028,-0.1931,-1.358,0.1498,-1.06002
1693731537733694,-0.1164,-1.3503,0.1569,-1.01968
1693731537800369,-0.0385,-1.3397,0.1633,-1.01012
1693731537867032,0.0289,-1.3219,0.1647,-1.00344
1693731537933702,0.0909,-1.3068,0.1716,-0.95122
1693731538000376,0.1575,-1.286,0.1692,-0.92509
1693731538067043,0.2198,-1.2619,0.1695,-0.89846
1693731538133709,0.2914,-1.25,0.1714,-0.87812
1693731538200387,0.358,-1.2353,0.1773,-0.85995
1693731538267053,0.4239,-1.2184,0.1841,-0.85461
1693731538333721,0.4907,-1.2062,0.1938,-0.82278
1693731538400394,0.5573,-1.2005,0.2012,-0.78681
1693731538467060,0.6251,-1.185,0.1995,-0.75761
1693731538533731,0.6985,-1.1646,0.192,-0.75095
1693731538600407,0.7684,-1.1418,0.1837,-0.74877
1693731538667071,0.8352,-1.1144,0.1728,-0.74107
1693731538733739,0.9032,-1.0889,0.1627,-0.71521
1693731538800412,0.9678,-1.0589,0.1615,-0.70185
1693731538867084,1.042,-1.0274,0.1626,-0.64515
1693731538933753,1.1186,-0.9953,0.1707,-0.63828
1693731539000417,1.1833,-0.9543,0.1774,-0.62985
1693731539067098,1.2481,-0.9153,0.1802,-0.57531
1693731539133768,1.3114,-0.8785,0.1806,-0.51797
1693731539200441,1.3621,-0.8387,0.1811,-0.49228
1693731539267112,1.4217,-0.7987,0.179,-0.45008
1693731539333781,1.4796,-0.7586,0.1776,-0.42387
1693731539400458,1.5279,-0.718,0.1788,-0.39454
1693731539467126,1.5735,-0.6732,0.1741,-0.39656
1693731539533796,1.6026,-0.6273,0.1623,-0.36801
1693731539600468,1.6623,-0.5979,0.1433,-0.35031
1693731539667134,1.6945,-0.5531,0.1286,-0.36782
1693731539733814,1.7431,-0.5167,0.1092,-0.358
1693731539800490,1.7812,-0.4773,0.0874,-0.35572
1693731539867159,1.8212,-0.4321,0.0693,-0.34166
1693731539933826,1.8557,-0.3861,0.0605,-0.34268
1693731540000498,1.8769,-0.325,0.06,-0.32168
1693731540067161,1.9461,-0.2664,0.078,-0.23513
1693731540133837,1.9857,-0.2025,0.095,-0.21078
1693731540200511,2.0156,-0.134,0.1084,-0.17181
1693731540267181,2.0366,-0.0657,0.1242,-0.11013
1693731540333850,2.0538,0.0002,0.1351,-0.04196
1693731540400522,2.0604,0.0621,0.14,0.00618
1693731540467196,2.0731,0.122,0.1357,0.04026
1693731540533864,2.0927,0.1853,0.1342,0.07312
1693731540600539,2.1059,0.2438,0.1378,0.07598
1693731540667201,2.121,0.305,0.1406,0.06519
1693731540733879,2.1429,0.3651,0.1491,0.06751
1693731540800554,2.146,0.4216,0.1597,0.06774
1693731540867223,2.1646,0.4852,0.1676,0.05983
1693731540933891,2.1827,0.5466,0.1656,0.06039
1693731541000567,2.1963,0.611,0.1667,0.06396
1693731541067233,2.2056,0.6737,0.1565,0.05956
1693731541133893,2.217,0.7379,0.1434,0.09028
1693731541200579,2.2293,0.8095,0.1311,0.0942
1693731541267266,2.2508,0.8839,0.1259,0.07814
1693731541333942,2.2648,0.9549,0.1227,0.07155
1693731541400617,2.2733,1.0272,0.1289,0.11885
1693731541467282,2.2875,1.0991,0.1377,0.12215
1693731541533950,2.2949,1.1665,0.1467,0.11275
1693731541600681,2.292,1.2337,0.1478,0.13167
1693731541667334,2.2962,1.3004,0.1464,0.14578
1693731541734005,2.2922,1.3723,0.1442,0.15855
1693731541800675,2.2942,1.4432,0.1408,0.14555
1693731541867338,2.2968,1.509,0.1346,0.14759
1693731541934003,2.3038,1.5715,0.1307,0.10435
1693731542000674,2.3115,1.6359,0.1289,0.11876
1693731542067340,2.3217,1.7072,0.1289,0.09792
1693731542134005,2.3386,1.7739,0.1262,0.06785
1693731542200675,2.3439,1.8442,0.1182,0.05776
1693731542267339,2.3504,1.9142,0.1106,0.07669
1693731542334007,2.3469,1.9855,0.1042,0.10857
1693731542400679,2.3631,2.0512,0.1,0.10694
1693731542467345,2.3659,2.1258,0.1009,0.10761
1693731542534008,2.3617,2.2004,0.1042,0.0899
1693731542600685,2.3508,2.2762,0.1121,0.10574
1693731542667350,2.3475,2.3507,0.122,0.11913
1693731542734008,2.3477,2.424,0.1257,0.15271
1693731542800687,2.3503,2.503,0.1237,0.17131
1693731542867357,2.3556,2.5855,0.1148,0.19384
1693731542934024,2.3627,2.6693,0.1091,0.17547
1693731543000690,2.3702,2.75,0.1095,0.20374
1693731543067369,2.375,2.8294,0.1145,0.15408
1693731543134037,2.3807,2.902,0.1222,0.13626
1693731543200710,2.4012,2.9707,0.1331,0.14545
1693731543267377,2.4233,3.0466,0.1378,0.11983
1693731543334043,2.4406,3.1241,0.1347,0.07882
1693731543400718,2.4446,3.2017,0.1249,0.07123
1693731543467384,2.4549,3.2849,0.1134,0.0901
1693731543534053,2.4595,3.3727,0.1065,0.07625
1693731543600726,2.4677,3.4599,0.1076,0.09001
1693731543667394,2.4679,3.5441,0.1113,0.10575
1693731543734058,2.4615,3.6235,0.1181,0.09858
1693731543800734,2.4481,3.703,0.1228,0.13567
1693731543867402,2.4393,3.7786,0.1235,0.16943
1693731543934073,2.4274,3.8554,0.1223,0.21077
1693731544000745,2.4262,3.9368,0.1134,0.21686
1693731544067414,2.4241,4.0162,0.1113,0.20409
1693731544134078,2.4244,4.0943,0.112,0.20054
1693731544200752,2.4293,4.1727,0.1161,0.16559
1693731544267420,2.4322,4.248,0.1286,0.15081
1693731544334092,2.4308,4.3188,0.1433,0.15625
1693731544400762,2.4311,4.3974,0.1492,0.12248
1693731544467432,2.431,4.4743,0.1479,0.10658
1693731544534101,2.4208,4.556,0.1398,0.12207
1693731544600765,2.4012,4.6278,0.1328,0.14775
1693731544667446,2.383,4.7132,0.1282,0.14281
1693731544734117,2.3681,4.8035,0.1319,0.15714
1693731544800795,2.3442,4.8991,0.139,0.15717
1693731544867465,2.3027,4.9835,0.1436,0.14626
1693731544934132,2.278,5.0447,0.1465,0.17945
1693731545000806,2.2677,5.1028,0.1479,0.20482
1693731545067473,2.2714,5.1589,0.1438,0.22796
1693731545134140,2.2587,5.2045,0.1398,0.2106
1693731545200813,2.2558,5.2645,0.1338,0.20161
1693731545267482,2.2595,5.3487,0.1397,0.17801
1693731545334150,2.2561,5.4323,0.1455,0.1519
1693731545400823,2.2534,5.4832,0.1582,0.16409
1693731545467491,2.2818,5.5699,0.1644,0.18924
1693731545534160,2.2855,5.6471,0.1639,0.15879
1693731545600835,2.2576,5.7483,0.1563,0.13746
1693731545667501,2.2471,5.8299,0.152,0.15752
1693731545734167,2.2384,5.9183,0.1429,0.16021
1693731545800839,2.2208,5.9998,0.1342,0.14777
1693731545867507,2.2019,6.0829,0.1349,0.14378
1693731545934179,2.1995,6.164,0.137,0.12122
1693731546067540,2.192,6.3034,0.1419,0.1116
1693731546134206,2.1855,6.3699,0.1384,0.12009
1693731546200880,2.1983,6.4409,0.1368,0.1487
1693731546267546,2.2072,6.553,0.1393,0.15541
1693731546334203,2.2082,6.6715,0.1438,0.16054
1693731546400886,2.2042,6.7586,0.1504,0.17924
1693731546467612,2.1933,6.8584,0.1635,0.14681
1693731546534272,2.198,6.9279,0.1768,0.12533
1693731546600940,2.2077,6.9936,0.1934,0.12039
1693731546667640,2.2146,7.051,0.2042,0.09388
1693731546734301,2.2123,7.1237,0.2063,0.06944
1693731546800967,2.1907,7.2048,0.2096,0.0415
1693731546867630,2.2085,7.3039,0.2087,0.04871
1693731546934291,2.2161,7.4207,0.2177,0.02985
1693731547000961,2.2263,7.5309,0.2337,0.03364
1693731547067624,2.2483,7.6446,0.2542,0.03752
1693731547134289,2.2408,7.7235,0.281,0.0181
1693731547200960,2.2308,7.7824,0.3115,0.04125
1693731547267625,2.2233,7.854,0.3375,0.04562
1693731547334292,2.2371,7.9149,0.3659,0.06833
1693731547400965,2.2063,7.9722,0.3867,0.06721
1693731547467668,2.1726,8.0244,0.4128,0.048
1693731547534329,2.1499,8.0908,0.4371,0.06196
1693731547600995,2.1294,8.1462,0.4627,0.08146
1693731547667698,2.1075,8.2101,0.4951,0.07078
1693731547734354,2.0908,8.273,0.5281,0.07957
1693731547801024,2.0716,8.3315,0.5586,0.10165
1693731547867688,2.0336,8.3559,0.5945,0.13247
1693731547934349,2.0216,8.3907,0.6234,0.17243
1693731548001019,1.9684,8.4294,0.6689,0.20921
1693731548067709,1.961,8.475,0.6966,0.2768
1693731548134379,1.91,8.5332,0.7247,0.32791
1693731548201048,1.8727,8.552,0.7456,0.40092
1693731548267709,1.7456,8.5663,0.766,0.43196
1693731548334374,1.7576,8.5462,0.7734,0.58636
1693731548401043,1.6874,8.6012,0.7829,0.69458
1693731548467741,1.6095,8.6505,0.7901,0.8169
1693731548534400,1.5712,8.7904,0.7996,0.95746
1693731548601069,1.5394,8.7884,0.8005,1.04188
1693731548667779,1.4989,8.741,0.7952,1.15695
1693731548734437,1.4569,8.6764,0.7841,1.20936
1693731548801102,1.4208,8.5991,0.7614,1.25752
1693731548867797,1.3935,8.4749,0.7376,1.31084
1693731548934453,1.3867,8.4636,0.7083,1.43161
1693731549001109,1.3666,8.3903,0.6737,1.47013
1693731549067776,1.3507,8.3338,0.6357,1.50286
1693731549134440,1.3393,8.3293,0.5952,1.54453
1693731549201108,1.326,8.3025,0.554,1.5396
1693731549267780,1.3225,8.2786,0.5159,1.54564
1693731549334438,1.2735,8.2891,0.3414,1.55923
1693731549401110,1.2298,8.2762,0.1721,1.56862
1693731549467768,1.3012,8.2499,0.3768,1.58903
1693731549534414,1.3183,8.2226,0.3779,1.58062
1693731549601089,1.3082,8.2283,0.3036,1.56944
1693731549667752,1.3237,8.1792,0.3347,1.46971
1693731549734414,1.3234,8.1909,0.3251,1.40898
1693731549801091,1.3238,8.1775,0.3179,1.36786
1693731549867755,1.3148,8.1183,0.3155,1.36676
1693731549934420,1.3324,8.1278,0.3091,1.39366
1693731550001093,1.3328,8.1077,0.3061,1.40477
1693731550067756,1.359,8.0812,0.3004,1.46252
1693731550134423,1.3672,8.0757,0.2912,1.53081
1693731550201099,1.3659,8.0811,0.2876,1.48561
1693731550267772,1.3656,8.0839,0.2918,1.45507
1693731550334438,1.37,8.0721,0.2959,1.47299
1693731550401109,1.3773,8.0659,0.2928,1.49412
1693731550467795,1.3775,8.0599,0.2926,1.49369
1693731550534458,1.3779,8.051,0.2854,1.50827
1693731550601133,1.3799,8.051,0.2877,1.51252
1693731550667798,1.3839,8.0467,0.2872,1.50101
1693731550734464,1.39,8.0508,0.284,1.50272
1693731550801136,1.3981,8.0551,0.284,1.49518
1693731550867808,1.3983,8.0646,0.2867,1.49286
1693731550934473,1.4019,8.0623,0.2889,1.48372
1693731551001147,1.404,8.064,0.2886,1.4915
1693731551067818,1.4071,8.0605,0.2886,1.49046
1693731551134490,1.4054,8.073,0.2896,1.49372
1693731551201164,1.3948,8.0519,0.2934,1.47945
1693731551267830,1.4022,8.0865,0.2936,1.4799
1693731551334493,1.411,8.0983,0.2995,1.47605
1693731551401165,1.3761,8.0116,0.3048,1.43125
1693731551467844,1.3517,8.0072,0.3139,1.43456
1693731551534510,1.2548,8.0546,0.2579,1.56249
1693731551601181,1.5052,9.1613,0.2542,1.58732
1693731551667864,1.5283,9.318,0.2416,1.56599
1693731551734823,1.5373,9.3354,0.2385,1.44134
1693731551868357,1.5506,9.3426,0.2442,2.01684
1693731551934973,1.5441,9.3216,0.2399,1.15326
1693731552068269,1.5411,9.3129,0.2175,-0.30178
1693731552134893,1.5255,9.3131,0.1995,-0.64653
1693731552201530,1.5249,9.312,0.1979,-0.57356
1693731552268162,1.5254,9.3128,0.1976,-0.61982
1693731552334801,1.5251,9.3139,0.1969,-0.61004
1693731552401447,1.5252,9.3152,0.1973,-0.61538
1693731552468092,1.5256,9.317,0.1971,-0.63029
1693731552534734,1.526,9.3187,0.1977,-0.6382
1693731552601389,1.5261,9.3198,0.198,-0.63735
1693731552668036,1.5259,9.3207,0.198,-0.64084
1693731552734687,1.5261,9.3209,0.1985,-0.63884
1693731552801349,1.5264,9.3212,0.1988,-0.63995
1693731552868003,1.5268,9.3213,0.1989,-0.64194
1693731552934662,1.5271,9.3214,0.1991,-0.654
1693731553001327,1.5272,9.3211,0.1993,-0.64674
1693731553067988,1.5274,9.3215,0.1995,-0.64484
1693731553134649,1.5271,9.3217,0.1996,-0.64534
1693731553201314,1.527,9.3223,0.2,-0.64587
1693731553268008,1.5274,9.3228,0.2003,-0.66631
1693731553334667,1.5276,9.3227,0.2007,-0.67063
1693731553396341,1.5276,9.3228,0.2006,-0.65428
1693731553463000,1.5277,9.3228,0.2009,-0.66774
1693731553529660,1.5277,9.3229,0.2009,-0.66747
1693731553586339,1.5276,9.3228,0.2003,-0.66372
1693731553652991,1.527,9.3223,0.2,-0.64991
1693731553719669,1.4984,9.2796,0.2452,0.27295
1693731553853023,1.4777,9.2782,0.2447,-0.17673
1693731553919691,1.4769,9.2774,0.2447,0.03067
1693731553986379,1.4773,9.277,0.2452,-0.0147
1693731554053045,1.4775,9.2773,0.2451,0.00053
1693731554119712,1.4772,9.2772,0.2451,-0.00886
1693731554186387,1.4771,9.2772,0.2448,-0.01565
1693731554253043,1.4767,9.2776,0.245,-0.02952
1693731554319709,1.477,9.2776,0.2445,-0.01742
1693731554386373,1.4766,9.2776,0.2436,-0.03336
1693731554453032,1.4767,9.2777,0.2428,-0.03118
1693731554519698,1.4765,9.2777,0.2431,-0.03577
1693731554586377,1.4761,9.278,0.2438,-0.04808
1693731554653036,1.4761,9.2785,0.2432,-0.05314
1693731554719703,1.476,9.279,0.2439,-0.05687
1693731554786371,1.4755,9.2794,0.2444,-0.06849
1693731554853033,1.4759,9.2794,0.2433,-0.06331
1693731554919700,1.476,9.2792,0.2426,-0.06369
1693731554986379,1.4761,9.2795,0.2431,-0.06319
1693731555053049,1.476,9.2796,0.2436,-0.06579
1693731555119732,1.4759,9.2801,0.2435,-0.07387
1693731555186391,1.4754,9.2805,0.2439,-0.08945
1693731555253053,1.4758,9.2802,0.2442,-0.06846
1693731555319726,1.4961,9.2869,0.24,0.34885
1693731555386405,1.5016,9.2878,0.24,0.34037
1693731555453074,1.5024,9.2882,0.2404,0.34725
1693731555519748,1.4958,9.2773,0.2404,0.23396
1693731555586414,1.478,9.28,0.2414,-0.1534
1693731555653084,1.4965,9.287,0.2399,0.36916
1693731555719757,1.5022,9.288,0.2403,0.35189
1693731555786438,1.5025,9.2881,0.2403,0.34817
1693731555853097,1.5021,9.2884,0.2405,0.34466
1693731555919775,1.5021,9.2884,0.2403,0.34095
1693731555986450,1.5022,9.2888,0.2401,0.33754
1693731556053103,1.5018,9.2887,0.24,0.33362
1693731556119787,1.5025,9.2898,0.24,0.33424
1693731556186477,1.5026,9.2895,0.2403,0.34071
1693731556253143,1.5026,9.2889,0.2404,0.34874
1693731556319817,1.5022,9.2886,0.2404,0.34598
1693731556386496,1.5027,9.2889,0.2405,0.35601
1693731556453174,1.5025,9.2889,0.2407,0.35301
1693731556519843,1.503,9.2888,0.2407,0.36527
1693731556586501,1.5029,9.2886,0.2405,0.35444
1693731556653180,1.5028,9.2884,0.2404,0.35307
1693731556719847,1.5028,9.2886,0.2402,0.35034
1693731556786511,1.5028,9.2887,0.2399,0.34771
1693731556853170,1.5031,9.2887,0.2401,0.35932
1693731556919842,1.5032,9.2888,0.2401,0.36002
1693731556986518,1.5029,9.289,0.2404,0.35978
1693731557053183,1.5031,9.2891,0.2405,0.37144
1693731557119853,1.5036,9.2893,0.2405,0.37013
1693731557186530,1.5032,9.2892,0.2406,0.36547
1693731557253198,1.503,9.2892,0.2405,0.36204
1693731557319867,1.5031,9.2893,0.2402,0.36363
1693731557386555,1.5034,9.2895,0.2401,0.36299
1693731557453208,1.503,9.2895,0.2399,0.35911
1693731557519890,1.5032,9.2898,0.2402,0.35892
1693731557586564,1.5031,9.29,0.2408,0.35873
1693731557653230,1.5035,9.2902,0.241,0.36922
1693731557719909,1.5037,9.2901,0.241,0.3704
1693731557786582,1.5037,9.2901,0.2406,0.37127
1693731557853246,1.5037,9.2899,0.2405,0.3683
1693731557919906,1.5036,9.29,0.2407,0.3664
1693731557986601,1.5033,9.2898,0.2405,0.36373
1693731558053266,1.5033,9.29,0.2407,0.36455
1693731558119934,1.5031,9.2902,0.241,0.36601
1693731558186601,1.5032,9.2902,0.2407,0.36625
1693731558253276,1.5033,9.2901,0.2406,0.36492
1693731558319945,1.5032,9.29,0.2408,0.36318
1693731558386632,1.5032,9.2899,0.2403,0.36138
1693731558453296,1.5037,9.2903,0.2404,0.36655
1693731558519962,1.5039,9.2904,0.2402,0.36651
1693731558586636,1.504,9.2904,0.2404,0.36608
1693731558653299,1.5043,9.2907,0.2407,0.379
1693731558719982,1.5045,9.2907,0.2409,0.3833
1693731558786653,1.504,9.2903,0.2408,0.37243
1693731558853317,1.5039,9.2901,0.2406,0.37291
1693731558919985,1.5038,9.2901,0.2406,0.371
1693731558986670,1.504,9.2904,0.2406,0.37185
1693731559053332,1.5042,9.2909,0.2407,0.37943
1693731559120003,1.5038,9.2912,0.2407,0.37301
1693731559186688,1.5036,9.2916,0.2406,0.3773
1693731559253354,1.5038,9.2919,0.2407,0.37292
1693731559320020,1.5039,9.2918,0.2409,0.37239
1693731559386705,1.4958,9.2811,0.2405,0.26904
1693731559453369,1.4956,9.2798,0.2412,0.30683
1693731559520048,1.504,9.2982,0.2475,0.60238
1693731559586721,1.5377,9.2792,0.2445,1.2265
1693731559653378,2.7454,9.9421,0.0272,1.37717
1693731559720037,2.9331,9.7873,-0.073,1.17926
1693731559786696,2.9418,9.7276,-0.0829,1.17929
1693731559853347,2.9506,9.7529,-0.0808,1.20416
1693731559920019,2.9551,9.7257,-0.0854,1.18386
1693731559986676,2.9213,9.6864,-0.0797,1.15808
1693731560053361,2.9183,9.6545,-0.0868,1.13718
1693731560120038,2.9018,9.639,-0.0897,1.12168
1693731560186708,2.9083,9.6285,-0.0895,1.11138
1693731560253368,2.8754,9.6427,-0.0832,1.12124
1693731560320034,2.9124,9.5949,-0.1011,1.06809
1693731560386701,2.9203,9.5369,-0.1033,1.04725
1693731560453363,2.9176,9.5203,-0.1271,1.04284
1693731560520024,2.8463,9.6597,-0.107,1.17981
1693731560596696,2.8094,9.69,-0.1061,1.14961
1693731560663360,2.7958,9.7084,-0.1002,1.13348
1693731560730025,2.7894,9.6683,-0.1041,1.10548
1693731560801698,2.7694,9.6959,-0.1059,1.12336
1693731560868366,2.7463,9.7219,-0.1117,1.13025
1693731560935085,2.7443,9.7586,-0.1202,1.16209
1693731561001756,2.7102,9.7647,-0.117,1.17531
1693731561068461,2.67,9.7781,-0.1353,1.17297
1693731561135135,2.706,9.854,-0.1171,1.22604
1693731561201808,3.2733,10.0308,-0.1042,1.44291
1693731561268475,3.2307,10.0835,-0.0813,1.38894
1693731561335136,3.1802,10.1024,-0.0407,1.38087
1693731561401805,3.1456,10.1082,-0.035,1.37862
1693731561468473,3.0997,10.0773,0.0062,1.35279
1693731561535132,3.0743,10.094,0.0092,1.34935
1693731561601801,2.9886,10.0947,0.0433,1.30796
1693731561668470,2.9643,10.0716,0.0709,1.26354
1693731561735133,2.9196,10.0761,0.0918,1.25529
1693731561801803,2.8925,10.0369,0.1091,1.21594
1693731561868465,2.8723,10.0396,0.1384,1.19644
1693731561935166,2.983,9.8397,0.1831,1.04228
1693731562001833,3.7741,10.0862,0.1344,1.31799
1693731562068487,4.0093,10.266,0.129,1.35685
1693731562135195,4.0548,10.3475,0.1564,1.3782
1693731562201862,4.0936,10.3976,0.2101,1.39311
1693731562268557,4.1068,10.4946,0.2192,1.42011
1693731562335220,4.1313,10.5859,0.2304,1.45362
1693731562401884,4.1379,10.708,0.1682,1.53091
1693731562468584,4.1481,10.7479,0.1713,1.53851
1693731562535239,4.1429,10.75,0.238,1.53782
1693731562601904,4.1408,10.5863,0.2201,1.53287
1693731562668561,4.1556,10.6023,0.1566,1.54085
1693731562735220,4.1686,10.6048,0.0826,1.54619
1693731562801884,4.185,10.5636,0.0107,1.55261
1693731562868536,4.1894,10.5471,-0.1151,1.55861
1693731562935259,4.2305,10.5086,-0.2866,1.56521
1693731563001926,4.2766,10.4949,-0.3924,1.56749
1693731563068582,4.932,10.242,-0.6455,1.57014
1693731563135235,5.0156,10.2298,-0.6954,1.57128
1693731563201913,5.0951,10.21,-0.7464,1.5725
1693731563268574,5.1723,10.1976,-0.7928,1.57375
1693731563335265,5.0778,10.114,-0.7916,1.56904
1693731563401930,5.0299,10.1543,-0.7989,1.56984
1693731563468621,5.0908,10.1469,-0.8381,1.57102
1693731563535305,5.0628,10.1603,-0.827,1.56931
1693731563601965,4.8228,10.3461,-0.6959,1.56983
1693731563668711,4.6268,10.6867,-0.2229,1.57185
1693731563735349,4.5916,10.7382,-0.1854,1.57047
1693731563802041,4.607,10.7652,-0.1744,1.57045
1693731563868742,4.1742,9.3878,0.3781,1.33316
1693731563935391,4.0475,9.1948,0.3649,1.26543
1693731564002047,4.0124,9.1611,0.3882,1.24053
1693731564135393,3.9841,9.3579,0.3767,1.20904
1693731564202052,3.9038,9.3758,0.5853,1.19406
1693731564268703,3.8081,9.3432,0.713,1.17095
1693731564335382,3.7158,9.2748,0.7022,1.15952
1693731564402042,3.7085,9.3622,0.6782,1.18094
1693731564468751,3.6948,9.3673,0.6143,1.17196
1693731564535418,3.6493,9.4972,0.6347,1.15347
1693731564602077,3.6172,9.5061,0.6138,1.15326
1693731564668775,3.5453,9.4884,0.6344,1.15124
1693731564735447,3.4934,9.5904,0.6524,1.12233
1693731564802103,3.4716,9.6551,0.6556,1.12661
1693731564868801,3.4226,9.6788,0.6876,1.12753
1693731564935447,3.4164,9.7394,0.6594,1.12051
1693731565002132,3.3591,9.7597,0.6714,1.11894
1693731565068781,3.3184,9.7774,0.6579,1.11034
1693731565135430,3.2109,9.7889,0.7159,1.08035
1693731565202119,3.2085,9.7847,0.5746,1.08308
1693731565268773,3.1871,9.7821,0.4992,1.08882
1693731565335437,3.179,9.7406,0.0989,1.06345
1693731565402094,3.1587,9.6154,0.0452,0.96103
1693731565468747,3.1228,9.6004,0.0463,0.9485
1693731565535421,3.0861,9.5943,0.024,0.95562
1693731565602081,3.0205,9.6107,0.0241,0.96117
1693731565668783,3.1608,9.7745,0.0229,0.80527
1693731565735436,3.1363,9.2743,0.0017,0.39795
1693731565802100,2.9187,8.8157,0.0083,0.08964
1693731565868804,2.8881,8.8378,0.0493,0.1334
1693731565935473,2.9166,8.8333,0.0096,0.14119
1693731566002133,2.9416,8.7956,0.0219,0.15331
1693731566068803,2.9254,8.6753,0.0315,0.13842
1693731566135463,2.9243,8.3035,0.0214,0.11212
1693731566202151,2.9302,8.238,0.0144,0.13885
1693731566268816,2.9058,8.1624,0.0111,0.13997
1693731566335461,2.8788,8.1259,0.0317,0.14737
1693731566402162,2.8399,8.1268,0.0679,0.15453
1693731566468818,2.8098,8.1438,0.0913,0.18276
1693731566535481,2.3976,8.1508,0.0959,0.13438
1693731566602145,2.2816,8.1569,0.0689,0.15656
1693731566668802,2.1919,8.1885,0.082,0.15821
1693731566735460,2.0822,8.2609,0.1106,0.14487
1693731566802122,1.9615,8.3163,0.1212,0.14144
1693731566868779,1.8677,8.3476,0.0929,0.14343
1693731566935446,1.5477,8.4407,0.0591,0.06894
1693731567002117,1.4019,8.4867,0.0332,0.06084
1693731567068783,1.2911,8.5742,0.0022,0.03534
1693731567135443,1.1971,8.636,-0.0171,0.02109
1693731567202114,0.5504,8.9781,-0.3239,0.10919
1693731567268766,0.3697,9.0213,-0.3405,-0.0269
1693731567335436,0.2377,9.0563,-0.3252,-0.10988
1693731567402135,-0.5217,9.7271,-0.3635,-0.48511
1693731567468794,-0.5778,9.8523,-0.3654,-0.44632
1693731567535454,-0.5429,9.8925,-0.3741,-0.4738
1693731567602138,-0.5276,9.9421,-0.3819,-0.47924
1693731567668798,-0.5534,10.016,-0.4006,-0.48106
1693731567735459,-0.5413,10.0921,-0.4012,-0.46304
1693731567802130,-0.5043,10.1523,-0.4247,-0.42955
1693731567868790,-0.4539,10.2259,-0.4224,-0.4342
1693731567935445,-0.4195,10.2854,-0.4135,-0.41955
1693731568002126,-0.4068,10.3406,-0.3831,-0.38396
1693731568068795,-0.3606,10.3892,-0.3812,-0.38382
1693731568135456,-0.3398,10.4511,-0.3651,-0.41672
1693731568202129,-0.3277,10.5045,-0.3531,-0.41344
1693731568268795,-0.289,10.5553,-0.3493,-0.38742
1693731568335458,-0.2511,10.6106,-0.3401,-0.3889
1693731568402129,-0.2717,10.6747,-0.3323,-0.40305
1693731568468795,-0.2242,10.7349,-0.3289,-0.4131
1693731568535460,-0.1392,10.7693,-0.3551,-0.3992
1693731568602136,-0.1148,10.8478,-0.3737,-0.43214
1693731568668802,-0.0847,10.9069,-0.3828,-0.40826
1693731568735457,-0.0356,10.9416,-0.3768,-0.40568
1693731568802131,0.0147,10.9948,-0.3673,-0.40692
1693731568868807,1.3256,10.8991,0.4851,-0.01182
1693731568935475,1.4998,10.9613,0.5627,0.07187
1693731569002139,1.5084,10.975,0.6161,0.10666
1693731569068816,1.5212,10.9676,0.6266,0.12071
1693731569135483,1.514,10.9577,0.6083,0.17537
1693731569202157,1.5648,11.0019,0.622,0.21722
1693731569268819,1.6101,11.0282,0.6555,0.21543
1693731569335495,1.6658,11.0398,0.6948,0.23246
1693731569402181,2.0611,11.0225,0.9346,0.28984
1693731569468851,2.1287,11.0576,0.9985,0.29126
1693731569535518,2.277,11.0655,1.043,0.3682
1693731569602194,2.5264,11.0906,0.9621,0.52318
1693731569668862,2.7373,11.2818,0.9781,0.68203
1693731569735532,2.8374,11.3306,1.0186,0.69374
1693731569802211,2.9088,11.3921,0.9916,0.74276
1693731569868873,2.9931,11.4477,1.0278,0.75973
1693731569935544,3.0853,11.4954,1.0648,0.76661
1693731570002219,3.0976,11.5567,1.0908,0.80946
1693731570068888,3.1343,11.8629,1.1117,0.99839
1693731570135575,3.1912,11.9549,1.1435,1.0404
1693731570202249,3.2167,12.0169,1.1669,1.07606
1693731570268915,3.1884,12.0602,1.1724,1.13203
1693731570335583,3.1743,12.1435,1.1578,1.21309
1693731570402255,3.1628,12.2053,1.1693,1.25458
1693731570468921,3.1402,12.2637,1.1766,1.32352
1693731570535596,3.1403,12.2697,1.2099,1.37488
1693731570602263,3.1523,12.3148,1.2549,1.40866
1693731570668931,3.1657,12.2774,1.2852,1.4553
1693731570735598,3.2426,12.1499,1.3333,1.47438
1693731570802273,3.3068,11.9724,1.3769,1.46626
1693731570868942,3.3589,11.8517,1.4378,1.4903
1693731570935607,3.5027,11.4727,1.4892,1.38535
1693731571002283,3.4994,11.4527,1.5518,1.40158
1693731571068949,3.4399,11.3285,1.5404,1.41011
1693731571135605,3.4324,11.2087,1.4679,1.44771
1693731571202293,3.4165,11.1751,1.5065,1.52981
1693731571268961,3.4321,10.9715,1.4428,1.61552
1693731571335635,3.8424,10.838,0.3329,1.73944
1693731571402300,3.7392,10.9756,0.1997,1.90834
1693731571468977,3.7005,11.0455,0.1575,2.01907
1693731571535646,3.7689,10.8768,0.1047,2.13073
1693731571602320,3.774,10.8906,0.0946,2.18084
1693731571668987,3.8335,10.8109,0.0883,2.17307
1693731571735653,3.8701,10.4372,0.0826,2.21793
1693731571802331,3.9346,10.1151,0.0633,2.33699
1693731571868996,3.9478,10.0278,0.0726,2.46157
1693731571935662,4.0256,9.9778,0.0982,2.55758
1693731572002339,4.0675,9.9187,0.1691,2.66237
1693731572069007,4.1247,9.8596,0.2307,2.74592
1693731572135673,4.2495,9.7901,0.331,2.81826
1693731572202352,4.3678,9.6994,0.3641,2.85514
1693731572269018,4.4831,9.6152,0.4243,2.92235
1693731572335685,5.6375,8.9474,0.1128,2.57436
1693731572402360,5.8426,8.8411,0.2003,2.66221
1693731572469028,5.8123,8.7402,0.0529,2.76197
1693731572535694,5.777,8.6464,-0.073,2.80695
1693731572602369,5.7598,8.5801,-0.1736,2.82554
1693731572669034,5.763,8.5156,-0.2358,2.85019
1693731572735704,5.762,8.4702,-0.2596,2.87574
1693731572802381,5.7779,8.4267,-0.22,2.88695
1693731572869049,5.6366,8.3278,0.1394,2.96153
1693731572935714,5.5096,8.2571,0.1486,2.99583
1693731573002383,5.462,8.1934,0.1194,3.02289
1693731573069060,5.2919,8.1123,0.0751,3.06943
1693731573135727,5.1561,8.0297,0.0466,3.09507
1693731573202402,5.1418,7.9622,0.0228,3.09235
1693731573269068,5.1678,7.9033,0.0098,3.10922
1693731573335733,5.1726,7.8317,0.0213,3.10386
1693731573402411,4.8439,7.6876,-0.0334,3.10857
1693731573469077,4.8329,7.6016,-0.0289,3.12682
1693731573535747,4.8228,7.5077,-0.0225,3.13672
1693731573602423,4.8192,7.4315,-0.0078,-3.11518
1693731573669091,4.8322,7.3513,0.0099,-3.09403
1693731573735756,4.8363,7.2637,0.0076,-3.08969
1693731573802429,4.8486,7.1817,0.0077,-3.09452
1693731573869098,4.9807,7.1354,0.0446,-3.13126
1693731573935767,5.1053,7.0795,0.0634,3.07104
1693731574002440,5.1493,7.0152,0.0709,3.03508
1693731574069110,5.1555,6.9614,0.0875,2.99541
1693731574135777,5.1258,6.8933,0.09,2.957
1693731574202453,5.0688,6.8295,0.0964,2.94854
1693731574269121,5.0328,6.7619,0.0981,2.96686
1693731574335788,4.9504,6.6938,0.0996,2.99915
1693731574402466,4.9259,6.6255,0.1054,3.01907
1693731574469125,4.8433,6.5603,0.1156,3.06286
1693731574535802,4.8268,6.4952,0.1219,3.07915
1693731574602479,4.8484,6.4497,0.1354,3.09189
1693731574669145,5.3303,6.5918,0.1389,2.89804
1693731574735811,5.3607,6.5945,0.1374,2.92233
1693731574802472,5.4913,6.7024,0.1451,2.79492
1693731574869141,5.4712,6.6672,0.1543,2.86677
1693731574935808,5.4386,6.6071,0.1617,2.85281
1693731575002484,5.3732,6.5525,0.1679,2.88287
1693731575069154,5.2861,6.4897,0.1758,2.87662
1693731575135822,5.2262,6.4248,0.1872,2.85297
1693731575202497,5.1974,6.3761,0.1952,2.85508
1693731575269165,5.1448,6.3338,0.2064,2.86094
1693731575335832,5.0802,6.2925,0.1998,2.87308
1693731575402512,4.308,6.3153,0.2029,3.01761
1693731575469181,4.3008,6.4372,0.1834,-3.01468
1693731575535849,4.4348,6.4116,0.1772,-3.04529
1693731575597533,4.4578,6.3538,0.1727,-3.02888
1693731575664195,4.4473,6.281,0.1757,-3.00267
1693731575730871,4.4435,6.2177,0.1828,-2.9889
1693731575792548,4.4938,6.1488,0.1901,-2.99215
1693731575859214,4.5016,6.0765,0.1942,-2.97504
1693731575925882,4.4923,6.007,0.1956,-2.92001
1693731575992557,4.4883,5.9475,0.1914,-2.86716
1693731576059226,4.4836,5.8857,0.186,-2.81877
1693731576125891,4.4875,5.8236,0.1785,-2.79517
1693731576187569,4.5094,5.7653,0.1735,-2.77585
1693731576254233,4.5134,5.6994,0.1731,-2.73589
1693731576320901,4.5306,5.6398,0.1726,-2.73379
1693731576387593,4.5409,5.5789,0.1763,-2.72576
1693731576454260,4.5578,5.5181,0.1856,-2.71578
1693731576520926,4.5776,5.4578,0.1891,-2.70474
1693731576587603,4.5954,5.3966,0.1911,-2.67317
1693731576654272,4.618,5.3334,0.1908,-2.64545
1693731576720941,4.6369,5.2624,0.191,-2.60268
1693731576787619,4.6576,5.1876,0.1901,-2.55241
1693731576854290,4.6781,5.1058,0.1942,-2.50652
1693731576920956,4.696,5.0129,0.1942,-2.47376
1693731576987633,4.7138,4.9208,0.1959,-2.44085
1693731577054302,4.7262,4.8307,0.1936,-2.40971
1693731577120970,4.7366,4.7538,0.1878,-2.38438
1693731577187644,4.7476,4.6772,0.1826,-2.34138
1693731577254313,4.7365,4.5791,0.1743,-2.27686
1693731577320972,4.7929,4.5443,0.1667,-2.26335
1693731577387650,4.8101,4.4606,0.1574,-2.22378
1693731577454314,4.8754,4.4301,0.1501,-2.21975
1693731577520983,4.9024,4.3609,0.1497,-2.20197
1693731577587658,4.9412,4.3281,0.1466,-2.18452
1693731577654329,4.9806,4.2925,0.1516,-2.15163
1693731577720995,5.0326,4.257,0.1586,-2.12896
1693731577787672,5.1342,4.2264,0.1606,-2.07679
1693731577854343,5.1999,4.2033,0.1611,-2.04529
1693731577987691,5.2597,4.1396,0.157,-1.95648
1693731578054366,5.3097,4.0917,0.1741,-1.92104
1693731578121030,5.3624,4.0749,0.1826,-1.87185
1693731578187705,5.4291,4.0657,0.1964,-1.83564
1693731578254371,5.4705,4.0562,0.2073,-1.77182
1693731578321028,5.5042,4.0706,0.2075,-1.72993
1693731578387713,5.1473,4.0039,0.2025,-1.65543
1693731578454382,5.1196,4.0093,0.2036,-1.59616
1693731578521053,5.1397,4.0447,0.2065,-1.54234
1693731578587730,5.1659,4.0834,0.2062,-1.50134
1693731578654397,5.2339,4.134,0.2078,-1.47918
1693731578721066,5.3127,4.1519,0.2108,-1.45182
1693731578787740,5.3571,4.1605,0.2173,-1.43456
1693731578854413,5.3869,4.1421,0.2254,-1.41899
1693731578921076,5.4438,4.1609,0.2297,-1.40658
1693731578992751,5.4851,4.1879,0.2273,-1.38631
1693731579059416,5.5074,4.1912,0.2202,-1.34927
1693731579126083,5.544,4.2085,0.2077,-1.32173
1693731579192758,5.5983,4.2131,0.1931,-1.28405
1693731579259425,5.6794,4.1817,0.178,-1.22879
1693731579326089,5.7482,4.1653,0.1728,-1.21311
1693731579397769,5.8176,4.1463,0.1736,-1.191
1693731579464435,5.8758,4.1237,0.1828,-1.18679
1693731579531090,5.9146,4.0968,0.1921,-1.14657
1693731579664638,5.9086,4.0329,0.2181,-1.14653
1693731579731286,4.6967,4.0327,0.2226,-1.19996
1693731579797947,4.6162,4.0346,0.223,-1.21158
1693731579864598,4.6598,4.0393,0.2193,-1.24453
1693731579931252,4.7163,4.0456,0.2142,-1.27732
1693731580002914,4.7835,4.0525,0.2094,-1.29083
1693731580069569,4.8431,4.0537,0.2093,-1.31222
1693731580136224,4.8976,4.0572,0.2122,-1.34755
1693731580202888,4.9431,4.0586,0.2147,-1.38336
1693731580269544,4.9851,4.0559,0.2149,-1.43054
1693731580336206,5.0247,4.0545,0.2137,-1.49145
1693731580402875,5.0644,4.043,0.2062,-1.55486
1693731580469537,5.0953,4.0189,0.1929,-1.60609
1693731580536199,5.1262,3.9766,0.1807,-1.66761
1693731580602870,5.1602,3.936,0.1714,-1.73699
1693731580669529,5.2068,3.8905,0.1647,-1.81123
1693731580736198,5.2742,3.8921,0.1635,-1.90495
1693731580802867,5.3151,3.8634,0.1612,-1.94504
1693731580869532,5.3673,3.8514,0.1562,-2.02269
1693731580936199,5.408,3.8464,0.1525,-2.10663
1693731581002864,5.4417,3.8317,0.1498,-2.2029
1693731581069538,5.4289,3.8007,0.1424,-2.30867
1693731581136204,5.4685,3.8284,0.1404,-2.48722
1693731581202876,5.4429,3.825,0.1397,-2.62762
1693731581269543,5.4093,3.8219,0.1338,-2.76422
1693731581336209,5.3628,3.8296,0.14,-2.91644
1693731581469560,5.2765,3.9579,0.1661,2.93229
1693731581536230,5.245,4.0308,0.1487,2.92158
1693731581669588,5.1665,4.1587,0.1538,2.55913
1693731581736252,4.8559,4.3342,0.1651,2.65688
1693731581802924,4.6876,4.4023,0.166,2.47964
1693731581869588,4.6235,4.4446,0.1716,2.37662
1693731581936256,4.5997,4.4902,0.1726,2.26485
1693731582002927,4.666,4.5334,0.1687,2.16436
1693731582069593,4.7625,4.5758,0.1667,2.07836
1693731582136262,4.7906,4.6302,0.1607,2.01733
1693731582202935,4.8219,4.6644,0.1579,1.95203
1693731582269598,4.8481,4.7005,0.1554,1.91928
1693731582336266,4.8702,4.7259,0.1583,1.87353
1693731582402938,4.8902,4.7548,0.1564,1.8256
1693731582469605,4.8863,4.7744,0.1592,1.79566
1693731582536272,4.8892,4.793,0.1626,1.77341
1693731582602947,4.8848,4.7919,0.1645,1.74709
1693731582669612,4.8781,4.7972,0.1691,1.73566
1693731582736282,4.8717,4.787,0.1728,1.71719
1693731582802957,4.859,4.7781,0.177,1.70137
1693731582869623,4.8403,4.7795,0.1825,1.69017
1693731582936291,4.8209,4.7674,0.1927,1.65956
1693731583002965,4.8009,4.7632,0.2063,1.64095
1693731583069631,4.7687,4.7502,0.2226,1.64562
1693731583136303,4.7486,4.7271,0.2411,1.65974
1693731583202978,4.7215,4.7035,0.256,1.67758
1693731583269645,4.6854,4.6998,0.2667,1.69268
1693731583336314,4.6406,4.7109,0.2684,1.70416
1693731583402989,4.6093,4.6974,0.2655,1.68314
1693731583469656,4.5587,4.6834,0.2568,1.69168
1693731583536326,4.5075,4.6768,0.2501,1.70121
1693731583603000,4.454,4.6752,0.2369,1.68801
1693731583669660,4.4043,4.6631,0.2275,1.65946
1693731583736340,4.3519,4.643,0.2177,1.64808
1693731583803013,4.3041,4.6341,0.2089,1.64563
1693731583869679,4.2713,4.6258,0.207,1.66074
1693731583936349,4.2295,4.6136,0.1958,1.68493
1693731584003022,4.1784,4.5977,0.1849,1.69529
1693731584069688,4.1201,4.5786,0.1697,1.67537
1693731584136356,4.0685,4.5699,0.1591,1.66573
1693731584203023,4.0163,4.5536,0.1531,1.66793
1693731584269693,3.9687,4.5386,0.1495,1.63394
1693731584336363,3.9036,4.5282,0.1494,1.6198
1693731584403038,3.862,4.5121,0.1488,1.6189
1693731584469705,3.8025,4.5239,0.143,1.62535
1693731584536386,3.7601,4.5359,0.137,1.63481
1693731584603061,3.693,4.5345,0.1255,1.63826
1693731584669725,3.6385,4.5368,0.1105,1.64634
1693731584736394,3.5904,4.5453,0.1001,1.6471
1693731584803067,3.5463,4.555,0.0946,1.65577
1693731584869735,3.5099,4.5986,0.0918,1.68257
1693731584936405,3.4664,4.5948,0.0968,1.68715
1693731585003080,3.3949,4.5688,0.0949,1.6599
1693731585069745,3.3588,4.5687,0.0968,1.66821
1693731585136405,3.3364,4.5698,0.0986,1.70606
1693731585203088,3.3017,4.5432,0.0907,1.72683
1693731585269756,3.2965,4.5581,0.0815,1.72336
1693731585336424,3.276,4.542,0.0725,1.71482
1693731585403152,3.2473,4.5005,0.0722,1.7171
1693731585469812,3.2271,4.4567,0.0736,1.72742
1693731585536477,3.2151,4.4154,0.0792,1.73708
1693731585603147,3.2085,4.4117,0.079,1.74929
1693731585669811,3.2023,4.3939,0.0765,1.74432
1693731585736477,3.1956,4.3882,0.0741,1.73625
1693731585803139,3.1954,4.3821,0.0751,1.73766
1693731585869814,3.1959,4.3777,0.0734,1.74374
1693731585936482,3.1975,4.3677,0.07,1.72082
1693731586003152,3.1855,4.3756,0.0739,1.68271
1693731586069819,3.1672,4.3807,0.0753,1.61975
1693731586136485,3.1583,4.3989,0.0825,1.54379
1693731586203161,3.1435,4.4715,0.0823,1.55531
1693731586269826,3.2725,4.1211,0.0978,1.50315
1693731586336495,3.3216,4.0761,0.1096,1.40614
1693731586403167,3.3916,4.2431,0.1223,1.40119
1693731586469837,3.3764,4.3,0.1323,1.31378
1693731586536505,3.3847,4.4365,0.1368,1.28822
1693731586603197,3.3914,4.5263,0.1444,1.24965
1693731586669858,3.0133,4.5001,0.1361,0.89929
1693731586736525,2.918,4.5016,0.1362,0.8565
1693731586803196,2.8411,4.531,0.1424,0.79304
1693731586869861,2.6613,4.3114,0.1361,0.57306
1693731587003227,2.5826,4.3762,0.1508,0.50163
1693731587069901,2.5571,4.4153,0.1552,0.48966
1693731587136567,2.5407,4.4534,0.1542,0.47627
1693731587203234,2.5106,4.5021,0.1491,0.44154
1693731587269897,2.457,4.5673,0.1437,0.40949
1693731587336563,2.4257,4.6334,0.1413,0.41181
1693731587403229,2.3949,4.7343,0.1404,0.40885
1693731587469905,2.3665,4.8023,0.1437,0.38958
1693731587603419,2.3289,4.8624,0.1679,0.27074
1693731587670068,2.2723,4.9013,0.1799,0.32499
1693731587736735,2.4032,5.1317,0.1623,0.70935
1693731587803395,2.4089,5.2103,0.1498,0.75072
1693731587870046,2.3782,5.2124,0.1357,0.73159
1693731587936702,2.4179,5.2299,0.1153,0.77498
1693731588003366,2.4055,5.2482,0.0979,0.7678
1693731588070022,2.3772,5.243,0.085,0.72696
1693731588136695,2.3406,5.2872,0.0815,0.66419
1693731588270186,2.4166,4.9234,0.1449,0.87629
1693731588336831,2.4611,4.8211,0.1519,0.80336
1693731588403480,2.4463,4.8167,0.1588,0.8076
1693731588470128,2.3672,4.8964,0.1499,0.756
1693731588536777,2.2404,4.9204,0.1423,0.664
1693731588603436,2.0821,4.8418,0.1304,0.58647
1693731588670097,1.9596,4.8324,0.1287,0.49921
1693731588736750,2.1195,4.8111,0.1609,0.52603
1693731588803409,2.1251,4.8554,0.1765,0.46038
1693731588870064,2.1093,4.8494,0.1827,0.52274
1693731588936721,2.1267,4.8824,0.199,0.52139
1693731589003385,2.1608,4.8958,0.1951,0.51249
1693731589070039,2.1849,4.8469,0.2305,0.48318
1693731589136696,2.254,4.7899,0.2253,0.46011
1693731589203362,2.2778,4.7501,0.2203,0.46305
1693731589270023,2.2511,4.71,0.2139,0.44174
1693731589336686,2.2682,4.7526,0.2138,0.46144
1693731589403372,2.0389,4.3854,0.3068,0.06404
1693731589470219,2.022,4.2113,0.2902,0.0946
1693731589536972,1.9995,4.1797,0.2982,0.08848
1693731589603612,1.9755,4.1498,0.3057,0.07549
1693731589670249,1.5337,5.1421,0.3701,-1.31829
1693731589736894,1.4812,5.26,0.3787,-0.84935
1693731589803553,1.475,5.2738,0.3806,-0.90819
1693731589870212,1.4745,5.2753,0.3808,-0.87844
1693731589936861,1.4741,5.2761,0.3811,-0.95223
1693731590003519,1.4745,5.2767,0.3814,-0.95079
1693731590070175,1.4754,5.2763,0.3802,-0.95413
1693731590136827,1.4758,5.2753,0.3795,-0.95656
1693731590203492,1.4772,5.2735,0.378,-0.95182
1693731590270151,1.4782,5.272,0.3767,-0.92324
1693731590336807,1.4792,5.271,0.3752,-0.882
1693731590403469,1.4804,5.27,0.3738,-0.91597
1693731590470130,1.4813,5.27,0.3728,-0.96351
1693731590536788,1.4815,5.2703,0.3731,-0.98334
1693731590593450,1.4816,5.2704,0.3735,-0.98879
1693731590660126,1.4812,5.2711,0.3748,-0.98998
1693731590726789,1.4815,5.271,0.3748,-0.99467
1693731590788456,1.4818,5.2705,0.3744,-0.99806
1693731590855135,1.4823,5.2702,0.3739,-1.02199
1693731590921794,1.4818,5.2705,0.3745,-1.05548
1693731590988472,1.4248,5.2775,0.3525,-0.31901
1693731591055135,1.454,5.2594,0.3377,0.28285
1693731591121802,1.4579,5.2571,0.3359,0.17618
1693731591188478,1.4697,5.2594,0.3432,0.33465
1693731591255145,1.4592,5.2573,0.3367,0.16166
1693731591321810,1.4334,5.2676,0.3402,-0.44614
1693731591388493,1.4657,5.2607,0.3437,0.3847
1693731591455160,1.467,5.2605,0.3439,0.19064
1693731591521815,1.466,5.2611,0.3437,0.21415
1693731591588505,1.4616,5.2625,0.3419,0.11332
1693731591655174,1.4636,5.2619,0.3434,0.19805
1693731591721835,1.4621,5.2626,0.3421,0.14096
1693731591788509,1.4636,5.2621,0.343,0.19754
1693731591855182,1.4655,5.2615,0.3442,0.22098
1693731591921846,1.4564,5.2584,0.3374,0.13298
1693731591988520,1.4561,5.2578,0.3365,0.16903
1693731592055188,1.4564,5.2579,0.3364,0.16458
1693731592121849,1.4562,5.2579,0.3364,0.16652
1693731592188522,1.4554,5.2584,0.3363,0.15591
1693731592255197,1.4556,5.2586,0.3362,0.16796
1693731592321868,1.4558,5.2585,0.3359,0.16487
1693731592388544,1.4558,5.2582,0.3359,0.16627
1693731592455222,1.4552,5.2581,0.3359,0.15373
1693731592521879,1.4552,5.2584,0.3362,0.15304
1693731592588555,1.4556,5.2583,0.3363,0.16624
1693731592655221,1.4551,5.2584,0.3365,0.1541
1693731592721878,1.4549,5.2585,0.3364,0.15604
1693731592788562,1.4547,5.2587,0.3364,0.15284
1693731592855232,1.4547,5.2587,0.3362,0.15266
1693731592921899,1.4547,5.2588,0.336,0.15135
1693731592988576,1.4543,5.2588,0.3357,0.14517
1693731593055243,1.4548,5.2588,0.3356,0.15832
1693731593121906,1.455,5.2587,0.3355,0.16309
1693731593188582,1.4554,5.2588,0.3355,0.16511
1693731593255252,1.4558,5.2586,0.3357,0.16975
1693731593321911,1.4556,5.2587,0.3357,0.16434
1693731593388588,1.4553,5.2585,0.3355,0.16275
1693731593455256,1.4552,5.2585,0.3354,0.15304
1693731593521915,1.4538,5.2593,0.3354,0.15343
1693731593588591,1.4548,5.2588,0.3355,0.16216
1693731593655271,1.455,5.2587,0.3354,0.15951
1693731593721933,1.4549,5.2587,0.3355,0.16288
1693731593788609,1.455,5.2587,0.3353,0.16578
1693731593855276,1.4549,5.2588,0.3352,0.16181
1693731593921930,1.4549,5.259,0.3351,0.1666
1693731593988606,1.4548,5.2591,0.3349,0.1617
1693731594055276,1.4544,5.2591,0.3348,0.15771
1693731594121941,1.4535,5.2596,0.3347,0.15789
1693731594188617,1.4542,5.2591,0.335,0.15389
1693731594255293,1.4543,5.2591,0.3352,0.162
1693731594321956,1.4543,5.2592,0.3352,0.15718
1693731594388632,1.454,5.2592,0.3351,0.15584
1693731594455296,1.4539,5.2593,0.3349,0.15559
1693731594521958,1.4537,5.2592,0.3346,0.14425
1693731594588637,1.4538,5.259,0.3349,0.14796
1693731594655301,1.4536,5.2592,0.3349,0.14799
1693731594721968,1.4538,5.2594,0.3348,0.15549
1693731594788646,1.4538,5.2596,0.3348,0.15433
1693731594855306,1.4539,5.2597,0.3348,0.15796
1693731594922010,1.4537,5.2597,0.3347,0.15252
1693731594988684,1.4537,5.2604,0.3344,0.15539
1693731595055339,1.4537,5.2601,0.3344,0.15469
1693731595122004,1.4536,5.2602,0.3344,0.15634
1693731595188682,1.4537,5.2601,0.3346,0.15691
1693731595255349,1.4538,5.2602,0.3346,0.15929
1693731595322014,1.4538,5.2605,0.335,0.16066
1693731595388689,1.4539,5.2607,0.3349,0.16611
1693731595455365,1.4539,5.2607,0.3349,0.16759
1693731595522022,1.4537,5.2606,0.3349,0.16229
1693731595588696,1.453,5.2608,0.3348,0.13602
1693731595655362,1.4527,5.2606,0.3347,0.14162
1693731595722039,1.4528,5.2607,0.3348,0.14936
1693731595788715,1.4529,5.2609,0.335,0.14766
1693731595855378,1.4526,5.261,0.3348,0.14543
1693731595922042,1.4525,5.2611,0.3348,0.14505
1693731595988715,1.4522,5.2613,0.3348,0.14076
1693731596055381,1.4521,5.2616,0.3347,0.13483
1693731596122054,1.4524,5.2613,0.3347,0.13812
1693731596188718,1.4524,5.2613,0.3347,0.13469
1693731596255393,1.4523,5.2613,0.3347,0.13584
1693731596322050,1.4522,5.2613,0.3348,0.13402
1693731596388729,1.4517,5.2615,0.3346,0.13244
1693731596455395,1.4517,5.2616,0.3348,0.12976
1693731596522059,1.4518,5.2616,0.3347,0.13872
1693731596588741,1.4518,5.2617,0.3347,0.13176
1693731596655428,1.4512,5.2616,0.3345,0.11961
1693731596722099,1.4516,5.2617,0.3345,0.13245
1693731596788772,1.4513,5.2622,0.3344,0.12293
1693731596855456,1.4512,5.2622,0.3344,0.12601
1693731596922118,1.4514,5.2622,0.3344,0.12974
1693731596988790,1.4513,5.2624,0.3345,0.13124
1693731597055447,1.4512,5.2627,0.3342,0.1327
1693731597122103,1.4512,5.263,0.3337,0.13375
1693731597188777,1.4512,5.2629,0.3337,0.13413
1693731597255445,1.4516,5.2628,0.3337,0.13768
1693731597322108,1.4522,5.263,0.3341,0.14954
1693731597388785,1.4522,5.2631,0.3341,0.15028
1693731597455448,1.4523,5.263,0.3342,0.15095
1693731597522117,1.4524,5.263,0.334,0.15644
1693731597588797,1.4524,5.2631,0.334,0.15698
1693731597655461,1.4525,5.2629,0.3339,0.14607
1693731597722128,1.4522,5.2631,0.3336,0.14463
1693731597788806,1.4526,5.263,0.3339,0.14855
1693731597855469,1.453,5.263,0.3339,0.15847
1693731597922137,1.4532,5.263,0.334,0.16011
1693731597988814,1.4532,5.2631,0.3341,0.16111
1693731598055478,1.4534,5.2629,0.3342,0.16249
1693731598122136,1.4536,5.263,0.3341,0.16717
1693731598188814,1.4538,5.2629,0.3341,0.16295
1693731598255478,1.4543,5.263,0.3342,0.17561
1693731598322146,1.4541,5.263,0.3341,0.16366
1693731598388823,1.454,5.2632,0.3342,0.16511
1693731598455494,1.4543,5.2633,0.3342,0.17353
1693731598522153,1.4543,5.2633,0.3342,0.17246
1693731598588844,1.4546,5.2633,0.3343,0.17187
1693731598655509,1.4547,5.2631,0.3342,0.17222
1693731598722178,1.4548,5.2632,0.3342,0.17434
1693731598788856,1.4553,5.2632,0.3342,0.18368
1693731598855515,1.4551,5.2635,0.334,0.16791
1693731598922185,1.4554,5.2634,0.334,0.18524
1693731598988853,1.4556,5.2634,0.3341,0.18581
1693731599055528,1.4557,5.2632,0.3343,0.18246
1693731599122196,1.4563,5.2633,0.3345,0.19476
1693731599188874,1.4565,5.2634,0.3346,0.19226
1693731599255539,1.4574,5.2631,0.3347,0.21722
1693731599322206,1.4574,5.263,0.3349,0.20443
1693731599388905,1.4578,5.2633,0.3351,0.21843
1693731599455561,1.4577,5.2633,0.335,0.21088
1693731599522220,1.4577,5.2633,0.3349,0.21999
1693731599588892,1.4561,5.2647,0.3377,0.20374
1693731599655561,1.4513,5.269,0.3462,0.43574
1693731599722225,1.4676,5.2703,0.3598,0.44323
1693731599788897,1.4719,5.2703,0.3804,0.39323
1693731599855558,1.1305,5.2509,1.0085,0.35225
1693731599922219,0.6842,4.0212,0.0867,0.24127
1693731599988901,-0.6641,3.0893,0.0826,-0.91725
1693731600055573,-0.3326,3.0057,0.085,-1.13326
1693731600122242,-0.2251,3.0202,0.09,-1.1483
1693731600188923,-0.1951,3.0184,0.0954,-1.16142
1693731600255591,-0.2189,3.0228,0.1054,-1.16661
1693731600322265,-0.1956,3.0379,0.0991,-1.16742
1693731600388940,-0.1193,3.0384,0.0967,-1.11968
1693731600455608,-0.1062,3.0495,0.0933,-1.11764
1693731600522272,-0.0729,3.0485,0.0895,-1.11082
1693731600588950,-0.0336,3.0543,0.0868,-1.09708
1693731600655619,0.0189,3.0667,0.077,-1.10538
1693731600722290,0.0396,3.0667,0.0714,-1.07565
1693731600788967,0.0759,3.0627,0.0789,-1.06725
1693731600855629,0.1388,3.0828,0.0618,-1.09447
1693731600922295,0.4259,3.542,0.0597,-1.38689
1693731600988971,0.4419,3.7303,0.0626,-1.36748
1693731601055639,0.4435,3.8664,0.0701,-1.36769
1693731601122310,0.5226,3.8114,0.0905,-1.31946
1693731601188984,0.6387,3.7499,0.0811,-1.29451
1693731601255655,0.75,3.6226,0.0777,-1.27935
1693731601322321,0.859,3.4603,0.0734,-1.24872
1693731601389006,0.9166,3.3412,0.0665,-1.24599
1693731601455666,0.8994,3.3253,0.0649,-1.28212
1693731601522330,0.8388,3.3326,0.0627,-1.31709
1693731601589005,0.7925,3.3625,0.0736,-1.34936
1693731601655666,0.8005,3.3566,0.0772,-1.37765
1693731601794012,0.8215,3.2913,0.1024,-1.3926
1693731601860685,0.8053,3.3098,0.1076,-1.44271
1693731601927354,0.8244,3.2728,0.1145,-1.44118
1693731601999024,0.8491,3.2272,0.1086,-1.44384
1693731602065699,1.0287,3.8286,0.1005,-1.47122
1693731602132371,1.144,3.8901,0.0928,-1.47233
1693731602204052,1.2796,3.8928,0.0871,-1.48324
1693731602270721,1.7414,3.8851,0.0905,-1.49926
1693731602337393,1.8067,3.8684,0.0982,-1.5187
1693731602404067,1.8364,3.875,0.11,-1.53069
1693731602470736,1.8565,3.8796,0.119,-1.55753
1693731602537405,1.8614,3.8786,0.1245,-1.55985
1693731602604084,1.8788,3.883,0.1282,-1.5541
1693731602670752,1.9149,3.8844,0.1331,-1.54569
1693731602737420,1.9439,3.8914,0.1302,-1.54759
1693731602804097,1.9692,3.8916,0.1324,-1.56715
1693731602870765,1.9903,3.8959,0.1339,-1.57876
1693731602937435,1.998,3.8972,0.1424,-1.6081
1693731603004113,2.0127,3.8919,0.1557,-1.62624
1693731603070778,2.0112,3.8908,0.1639,-1.63595
1693731603137440,2.0436,3.8885,0.1674,-1.63826
1693731603204128,2.0841,3.8783,0.17,-1.59027
1693731603270794,2.0937,3.8792,0.1664,-1.56509
1693731603337462,2.1087,3.8751,0.1616,-1.55494
1693731603404140,1.94,3.88,0.1512,-1.54731
1693731603470806,1.8965,3.8837,0.1539,-1.52657
1693731603537477,1.8482,3.9032,0.162,-1.51221
1693731603604150,1.8286,3.9138,0.1699,-1.53676
1693731603670821,1.8083,3.9078,0.1764,-1.53083
1693731603737485,1.5917,3.922,0.1756,-1.52697
1693731603804164,1.6291,3.9139,0.1718,-1.49301
1693731603870830,1.6425,3.9223,0.1703,-1.47777
1693731603937496,1.6942,3.911,0.1718,-1.4792
1693731604004173,1.7813,3.9082,0.1801,-1.49473
1693731604070845,1.8417,3.9161,0.1941,-1.52803
1693731604137533,1.9059,3.9229,0.2077,-1.54307
1693731604204203,1.9705,3.925,0.2146,-1.53912
1693731604270865,2.0274,3.9368,0.2169,-1.52868
1693731604337528,2.0872,3.9464,0.2116,-1.52054
1693731604404198,2.1542,3.9524,0.2032,-1.51521
1693731604470863,2.2246,3.9541,0.1934,-1.5082
1693731604537527,2.2926,3.9601,0.1897,-1.52226
1693731604604200,2.3683,3.9608,0.1977,-1.50034
1693731604670866,2.445,3.9692,0.2015,-1.50554
1693731604737530,2.5414,3.9768,0.2051,-1.52811
1693731604799204,2.622,3.9838,0.2073,-1.52251
1693731604865878,2.7085,3.9861,0.2034,-1.50613
1693731604932543,2.7867,3.9889,0.1949,-1.48298
1693731604999275,2.8673,3.9933,0.1819,-1.47324
1693731605065937,2.9414,4.0041,0.1707,-1.47857
1693731605132600,3.0174,4.0078,0.1667,-1.46962
1693731605194277,3.0897,4.0199,0.1696,-1.47422
1693731605260951,3.1646,4.014,0.175,-1.46441
1693731605327615,3.2373,4.0181,0.1766,-1.46439
1693731605394293,3.3106,4.0223,0.1755,-1.46315
1693731605460959,3.3888,4.0149,0.1663,-1.4458
1693731605527627,3.4688,4.0092,0.1535,-1.44542
1693731605594301,3.5561,3.9952,0.1385,-1.43531
1693731605660969,3.6437,3.9853,0.1303,-1.43894
1693731605727637,3.734,3.9741,0.1289,-1.43189
1693731605789311,3.8178,3.96,0.1327,-1.4283
1693731605855974,3.9056,3.9497,0.1375,-1.43124
1693731605922634,3.9895,3.9479,0.139,-1.4195
1693731605989305,4.0673,3.944,0.1427,-1.38919
1693731606055971,4.1379,3.9519,0.1408,-1.38361
1693731606122632,4.2096,3.952,0.1349,-1.37615
1693731606189309,4.2863,3.9507,0.1301,-1.38752
1693731606255972,4.3635,3.9478,0.1298,-1.4078
1693731606322638,4.4581,3.9262,0.1351,-1.43625
1693731606394317,4.5341,3.9436,0.1465,-1.4786
1693731606460989,4.6209,3.9315,0.1565,-1.4818
1693731606527654,4.6947,3.9293,0.1643,-1.47798
1693731606594321,4.7659,3.9284,0.1676,-1.46436
1693731606661002,4.838,3.931,0.165,-1.45262
1693731606727671,4.8986,3.9346,0.1595,-1.44128
1693731606794344,4.9678,3.9373,0.1568,-1.42909
1693731606861015,5.0431,3.9403,0.1554,-1.4241
1693731606927680,5.1159,3.9438,0.1581,-1.43583
1693731606994358,5.1968,3.9476,0.1638,-1.44117
1693731607061028,5.2852,3.9481,0.1646,-1.44456
1693731607127696,5.426,3.9359,0.1645,-1.41804
1693731607194371,5.535,3.9591,0.1654,-1.4126
1693731607261040,5.6822,3.9676,0.1616,-1.3807
1693731607327709,5.9161,4.0023,0.1529,-1.38296
1693731607399385,6.0267,4.0359,0.1485,-1.38717
1693731607466051,6.1133,4.0506,0.1515,-1.38536
1693731607532718,6.155,4.0553,0.1579,-1.39159
1693731607599387,6.2123,4.0611,0.1694,-1.40773
1693731607666053,6.2786,4.0693,0.1759,-1.41614
1693731607732718,6.3295,4.0673,0.1809,-1.41969
1693731607799393,6.4076,4.0662,0.1813,-1.43714
1693731607866059,6.5901,4.0693,0.1747,-1.45375
1693731607932727,6.6796,4.0777,0.1697,-1.47236
1693731608004402,6.777,4.0829,0.167,-1.49295
1693731608071070,6.8472,4.0812,0.1684,-1.51163
1693731608137738,6.8634,4.094,0.1768,-1.55864
1693731608204417,6.877,4.0987,0.1855,-1.59969
1693731608271084,6.8816,4.1439,0.1916,-1.63672
1693731608337755,6.9195,4.1706,0.1988,-1.61967
1693731608404481,6.9505,4.1801,0.1973,-1.58324
1693731608471144,7.0005,4.1481,0.189,-1.54845
1693731608537806,7.0294,4.1399,0.1812,-1.53601
1693731608604478,7.0897,4.1281,0.1751,-1.52513
1693731608671142,7.1047,4.1046,0.1703,-1.51095
1693731608737806,7.1635,4.0863,0.1724,-1.50399
1693731608804534,6.8157,4.0134,0.1796,-1.5087
1693731608871194,6.7937,3.9943,0.186,-1.50102
1693731608937852,6.796,3.9923,0.1897,-1.49027
1693731609004524,6.853,3.9851,0.189,-1.47336
1693731609071190,6.9017,3.9982,0.1821,-1.46981
1693731609137850,6.9542,3.9916,0.1756,-1.43618
1693731609204518,6.9947,3.9996,0.168,-1.42969
1693731609271178,7.0593,3.9921,0.1683,-1.39952
1693731609337839,7.1218,3.9901,0.1708,-1.37546
1693731609404513,7.1716,3.9951,0.1739,-1.40486
1693731609471179,7.2087,4.0031,0.1784,-1.40613
1693731609537842,7.2649,4.0008,0.1805,-1.37558
1693731609604515,7.3311,4.0081,0.183,-1.35353
1693731609671183,7.4088,4.0073,0.1819,-1.33394
1693731609737844,7.4683,4.0064,0.1795,-1.34566
1693731609804516,7.5325,4.0087,0.1836,-1.33503
1693731609871180,7.6139,4.0148,0.1871,-1.34619
1693731609937849,7.6623,4.0254,0.1885,-1.37796
1693731610004590,7.7033,4.0347,0.1945,-1.39452
1693731610071250,7.7539,4.049,0.1989,-1.40716
1693731610137911,7.7891,4.0501,0.2012,-1.41136
1693731610204583,7.813,4.0518,0.1967,-1.40821
1693731610271246,7.8427,4.0498,0.1903,-1.39981
1693731610337915,7.8796,4.0504,0.1838,-1.40709
1693731610404582,7.9453,4.0477,0.1813,-1.40519
1693731610471243,7.9717,4.0501,0.1853,-1.41373
1693731610537907,7.9838,4.0542,0.1978,-1.44442
1693731610604581,8.0177,4.0543,0.1988,-1.4458
1693731610671244,7.9813,4.0583,0.2012,-1.41713
1693731610737909,7.9694,4.0668,0.2006,-1.39294
1693731610804583,7.973,4.0546,0.2006,-1.37189
1693731610871251,7.9934,4.0692,0.1963,-1.38898
1693731610937913,8.0355,4.0729,0.1968,-1.39118
1693731611004585,8.0843,4.0679,0.1988,-1.3922
1693731611071252,8.1426,4.0645,0.2042,-1.4031
1693731611137917,8.1909,4.0606,0.2095,-1.41131
1693731611204591,8.2517,4.0529,0.2131,-1.40578
1693731611271260,8.2945,4.0435,0.2121,-1.3918
1693731611337924,8.361,4.0409,0.2084,-1.37919
1693731611404592,8.4378,4.0278,0.199,-1.3626
1693731611471271,8.4953,4.0111,0.1906,-1.33499
1693731611537940,8.6059,4.0051,0.1866,-1.32166
1693731611604612,8.6627,4.005,0.1887,-1.31062
1693731611671278,8.7115,3.996,0.1945,-1.30935
1693731611737943,8.7452,3.9719,0.2008,-1.3072
1693731611804624,8.7553,3.9349,0.2017,-1.28474
1693731611871291,8.7861,3.9383,0.1955,-1.27797
1693731611937957,8.8008,3.9344,0.1902,-1.26182
1693731612004635,8.8126,3.9372,0.1832,-1.25807
1693731612071305,8.7982,3.9401,0.1832,-1.279
1693731612137973,8.8131,3.9399,0.1852,-1.283
1693731612204650,8.1071,3.9438,0.1958,-1.30252
1693731612271317,8.0701,3.9313,0.2109,-1.29747
1693731612337985,8.0986,3.9249,0.2249,-1.30127
1693731612404655,8.1644,3.9178,0.2345,-1.28369
1693731612471309,8.2299,3.9091,0.2412,-1.24821
1693731612537983,8.3236,3.9024,0.2399,-1.22749
1693731612604656,8.4188,3.8887,0.2316,-1.20156
1693731612671320,8.5133,3.875,0.2199,-1.18365
1693731612737985,8.6025,3.8705,0.2152,-1.16259
1693731612804657,8.6866,3.8617,0.214,-1.13621
1693731612871314,8.7737,3.8525,0.2162,-1.1332
1693731612937990,8.8763,3.8449,0.2169,-1.12417
1693731613004657,8.9645,3.8351,0.2167,-1.09632
1693731613071333,9.0463,3.8347,0.2187,-1.0683
1693731613138000,9.1195,3.8342,0.2138,-1.03855
1693731613204672,9.2092,3.8371,0.2095,-1.03961
1693731613271341,9.2871,3.8333,0.2083,-1.02654
1693731613338007,9.3775,3.8371,0.2065,-1.03351
1693731613404685,9.4481,3.8384,0.2091,-1.02877
1693731613471350,9.5443,3.8468,0.2114,-1.04173
1693731613538017,9.6285,3.8518,0.2163,-1.03381
1693731613604691,9.702,3.8561,0.216,-1.0249
1693731613671359,9.7713,3.8631,0.2199,-1.00474
1693731613738025,9.8366,3.8707,0.2105,-0.97926
1693731613804702,9.9162,3.8794,0.2032,-0.95079
1693731613871367,10.0017,3.8869,0.1973,-0.94291
1693731613938033,10.0892,3.8894,0.2,-0.91333
1693731614004706,10.1744,3.8969,0.2033,-0.90005
1693731614071364,10.2596,3.9094,0.2042,-0.88869
1693731614138041,10.3377,3.9229,0.2032,-0.87832
1693731614204706,10.4057,3.944,0.2036,-0.84559
1693731614271384,10.4738,3.9644,0.2033,-0.81179
1693731614338053,10.5448,3.9897,0.1954,-0.77145
1693731614404727,10.6127,4.014,0.1924,-0.75978
1693731614471395,10.6784,4.0431,0.1909,-0.73591
1693731614538063,10.7409,4.0693,0.1895,-0.71113
1693731614604741,10.8096,4.0984,0.1964,-0.68908
1693731614671409,10.8722,4.1264,0.202,-0.6855
1693731614738068,10.9366,4.1538,0.2062,-0.67416
1693731614804753,10.9982,4.183,0.2114,-0.65158
1693731614871424,11.0581,4.2153,0.214,-0.62188
1693731614938092,11.1291,4.2414,0.2106,-0.58993
1693731615004823,11.1986,4.2759,0.2062,-0.55817
1693731615071501,11.2664,4.3137,0.2044,-0.53704
1693731615138171,11.3382,4.3504,0.2056,-0.50246
1693731615204902,11.4012,4.3835,0.2099,-0.47222
1693731615271561,11.4485,4.4211,0.2174,-0.42867
1693731615338220,11.4995,4.4561,0.2226,-0.38793
1693731615471684,11.5882,4.6081,0.2588,-0.40214
1693731615538326,11.7208,4.674,0.2809,-0.44775
1693731615604990,11.6666,4.7862,0.2846,-0.49611
1693731615671691,11.7231,4.8271,0.2888,-0.50864
1693731615738329,11.6901,4.8667,0.2899,-0.51781
1693731615805001,12.036,5.1869,0.2694,-0.70518
1693731615871654,12.1332,5.2359,0.2756,-0.67229
1693731615938309,12.2006,5.276,0.2868,-0.68539
1693731616004988,12.2749,5.2964,0.296,-0.65805
1693731616071644,12.3303,5.3201,0.2995,-0.63339
1693731616138304,12.376,5.3628,0.3027,-0.62304
1693731616204970,12.4257,5.3708,0.3058,-0.57753
1693731616271629,12.4737,5.3678,0.3093,-0.51953
1693731616338293,12.487,5.4317,0.3139,-0.5693
1693731616404958,12.3966,5.519,0.3288,-0.8016
1693731616471625,12.416,5.5144,0.3316,-0.72248
1693731616538285,12.4389,5.5076,0.3224,-0.67593
1693731616604960,12.4871,5.5345,0.3258,-0.66475
1693731616671626,12.4989,5.5254,0.3051,-0.63543
1693731616738279,12.5459,5.5493,0.2932,-0.6126
1693731616804965,12.5779,5.5771,0.2799,-0.60725
1693731616871661,12.5979,5.5879,0.259,-0.60706
1693731616938319,12.6071,5.5807,0.2394,-0.60228
1693731617004991,12.6169,5.5829,0.2396,-0.63401
1693731617071650,12.6179,5.5969,0.2276,-0.65325
1693731617138316,12.5631,5.574,0.2127,-0.71563
1693731617204987,12.5729,5.5937,0.208,-0.73069
1693731617271648,12.5884,5.6142,0.2035,-0.74602
1693731617338312,11.8135,5.615,0.1869,-1.16946
1693731617404982,11.7147,5.6565,0.1723,-1.2859
1693731617471645,11.6603,5.6674,0.1662,-1.31173
1693731617538318,11.6031,5.6177,0.1486,-1.31287
1693731617604987,11.5702,5.625,0.1419,-1.31402
1693731617671688,11.5617,5.5599,0.1329,-1.29954
1693731617738428,11.5876,5.5382,0.1333,-1.29996
1693731617805082,11.5388,5.5714,0.1331,-1.3135
1693731617871770,11.5336,6.059,0.1196,-1.45674
1693731617938439,11.5792,6.1107,0.1253,-1.46093
1693731618005142,11.6708,6.1586,0.1064,-1.45966
1693731618071830,11.6903,6.2018,0.0927,-1.45718
1693731618138531,11.7704,6.2598,0.0596,-1.46588
1693731618205220,11.8416,6.2739,0.0378,-1.45911
1693731618271875,11.9057,6.3049,0.0188,-1.45171
1693731618338562,11.9642,6.276,0.0197,-1.41411
1693731618405213,12.0124,6.2999,0.0073,-1.42418
1693731618471862,12.0777,6.3063,0.012,-1.4309
1693731618538601,12.1187,6.2784,0.0127,-1.45386
1693731618605253,12.1548,6.2547,0.0163,-1.4613
1693731618671940,12.171,6.2556,0.0115,-1.47527
1693731618738585,12.2254,6.2608,0.0038,-1.47915
1693731618805236,12.2593,6.2312,-0.0051,-1.47128
1693731618871882,12.2832,6.2221,-0.0126,-1.46889
1693731618938525,12.3032,6.2109,-0.0262,-1.46245
1693731619005185,12.1082,6.0927,-0.0139,-1.37669
1693731619071837,12.122,6.0684,-0.0058,-1.36187
1693731619138486,12.1479,6.0741,0.0052,-1.35489
1693731619205149,12.19,6.0634,0.0114,-1.34495
1693731619271805,12.2073,6.0703,0.0123,-1.34665
1693731619338463,12.2852,6.0389,0.0261,-1.31413
1693731619405130,12.3341,6.056,0.031,-1.3084
1693731619471783,12.3685,6.0781,0.0227,-1.30937
1693731619538435,12.4308,6.0914,0.0278,-1.29382
1693731619605115,12.4732,6.0577,0.035,-1.29772
1693731619671777,12.5434,6.0428,0.0379,-1.26952
1693731619738440,12.5591,6.0449,0.0475,-1.2861
1693731619871806,12.6167,6.021,0.0859,-1.25825
1693731619938468,12.6818,5.981,0.1027,-1.21935
1693731620005135,12.7174,5.9754,0.1095,-1.21605
1693731620071799,12.7804,5.9462,0.1106,-1.1747
1693731620138461,12.8035,5.9525,0.1194,-1.18953
1693731620205133,12.8396,5.9207,0.1371,-1.18217
1693731620271792,12.8668,5.9141,0.1442,-1.18913
1693731620338454,12.8736,5.7997,0.1663,-1.17702
1693731620405126,12.1801,6.3251,0.2193,-1.53393
1693731620471792,11.5872,7.3847,0.2737,-1.90776
1693731620538456,11.5409,7.5161,0.3086,-1.85031
1693731620605131,11.5776,7.53,0.3363,-1.83745
1693731620671795,11.6276,7.5483,0.3656,-1.81784
1693731620738462,11.6497,7.5874,0.3926,-1.8084
1693731620805137,11.6618,7.5675,0.4225,-1.76039
1693731620871803,11.6925,7.6006,0.4537,-1.75749
1693731620938471,11.7174,7.6248,0.4717,-1.75493
1693731621005147,11.758,7.678,0.4853,-1.74246
1693731621138479,11.8658,7.7486,0.5254,-1.69132
1693731621205154,11.9156,7.8157,0.5487,-1.69147
1693731621271822,11.9737,7.836,0.5619,-1.67598
1693731621338488,11.949,7.8672,0.5775,-1.62399
1693731621405163,11.9354,7.929,0.6027,-1.62005
1693731621471829,12.0037,8.693,0.5851,-1.70728
1693731621538489,11.9957,8.8318,0.5879,-1.60034
1693731621605176,11.9822,8.9309,0.5972,-1.58965
1693731621671845,11.92,9.111,0.6018,-1.59831
1693731621738511,11.9139,9.4895,0.5958,-1.68027
1693731621871852,11.928,9.7221,0.5705,-1.67714
1693731621938524,11.9071,9.8318,0.5482,-1.65977
1693731622005198,11.8805,9.9773,0.5407,-1.65085
1693731622071865,11.9106,9.628,0.5113,-1.37368
1693731622205205,11.8997,9.8719,0.3808,-1.40316
1693731622271876,11.803,9.6535,0.1337,-1.58807
1693731622338544,11.8098,9.1968,0.0348,-1.56758
1693731622405221,11.8151,9.3226,-0.0413,-1.57037
1693731622471892,11.8016,9.4581,-0.1141,-1.56991
1693731622538557,11.7885,9.2852,-0.1526,-1.57012
1693731622605236,11.7809,9.3599,-0.1941,-1.57089
1693731622671904,11.6994,9.4529,-0.2544,-1.57011
1693731622738571,11.6211,9.4154,-0.3058,-1.57004
1693731622805249,11.6011,9.4594,-0.3398,-1.57218
1693731622871918,11.585,9.5004,-0.3669,-1.57451
1693731622938586,11.6289,9.5179,-0.2869,-1.57632
1693731623005264,11.6463,9.574,-0.2876,-1.57945
1693731623071931,11.6535,9.6081,-0.2894,-1.58148
1693731623138601,11.6462,9.6446,-0.3097,-1.5831
1693731623205276,11.6482,9.6546,-0.317,-1.58041
1693731623271945,11.6387,9.6914,-0.3393,-1.58218
1693731623338610,11.6359,9.7316,-0.3534,-1.59246
1693731623405287,11.6269,9.7694,-0.3749,-1.59484
1693731623471953,11.6185,9.807,-0.3969,-1.59685
1693731623538619,11.7007,9.8398,-0.4047,-1.59931
1693731623605296,11.7859,9.8609,-0.396,-1.58673
1693731623671969,11.8129,9.8953,-0.4092,-1.58751
1693731623738634,11.8457,9.9242,-0.4218,-1.58676
1693731623805314,11.852,9.9598,-0.4401,-1.58895
1693731623871983,11.8728,9.9885,-0.4536,-1.58828
1693731623938651,11.8808,10.0239,-0.471,-1.59089
1693731624005325,11.8937,10.0603,-0.487,-1.59484
1693731624071989,11.9129,10.0972,-0.4963,-1.59944
1693731624138654,11.9214,10.1302,-0.5098,-1.60034
1693731624205330,11.9439,10.1575,-0.4626,-1.60771
1693731624271999,11.9566,10.1864,-0.4659,-1.60734
1693731624338668,11.9605,10.817,0.1484,-2.15775
1693731624405341,11.981,10.8429,0.2103,-2.12343
1693731624471997,11.9813,10.7243,0.2066,-2.11053
1693731624538673,12.002,10.6467,0.1938,-2.12634
1693731624605349,12.0176,10.5494,0.1891,-2.14113
1693731624672014,12.0434,10.4747,0.1763,-2.13708
1693731624738679,12.0734,10.4859,0.1719,-2.1263
1693731624805356,12.1097,10.4557,0.1728,-2.10875
1693731624872030,12.1375,10.4468,0.1736,-2.11021
1693731624938699,12.1884,10.4131,0.1577,-2.12937
1693731625005380,12.2149,10.4028,0.1634,-2.12444
1693731625072039,12.3003,10.2882,0.1556,-2.15338
1693731625138704,12.3574,10.2596,0.1394,-2.18353
1693731625205386,12.3864,10.2371,0.1402,-2.18674
1693731625272048,12.4159,10.2384,0.1481,-2.1879
1693731625338714,12.4751,10.1952,0.1396,-2.19783
1693731625405390,12.5443,10.1051,0.1223,-2.19364
1693731625472054,12.3562,9.41,0.1039,-1.98823
1693731625538721,12.3152,9.1454,0.1072,-1.94447
1693731625605393,12.3393,9.0519,0.1038,-1.95677
1693731625672058,12.384,8.9405,0.1001,-1.96232
1693731625738724,12.4246,8.8395,0.108,-1.94763
1693731625805402,12.4569,8.6701,0.1095,-1.90331
1693731625872071,12.622,7.9294,0.1338,-1.64481
1693731625938733,12.7017,7.7226,0.138,-1.68994
1693731626005411,12.7699,7.6086,0.1365,-1.68642
1693731626072085,12.8573,7.4861,0.1379,-1.67591
1693731626138745,13.2346,7.6647,0.1514,-1.3789
1693731626205414,13.3354,7.8119,0.1578,-1.42514
1693731626272088,13.414,7.7555,0.1706,-1.41894
1693731626338747,13.493,7.7546,0.178,-1.42445
1693731626405437,13.5733,7.7087,0.1856,-1.41776
1693731626472102,13.6535,7.6692,0.1777,-1.415
1693731626538766,13.7338,7.6353,0.1706,-1.40689
1693731626605446,13.8163,7.5993,0.1728,-1.39154
1693731626672113,13.8999,7.5636,0.1836,-1.37525
1693731626738776,13.9811,7.5329,0.1945,-1.38592
1693731626805449,14.0594,7.4802,0.1997,-1.38562
1693731626872118,14.1391,7.4337,0.2018,-1.3789
1693731626938782,14.219,7.3814,0.1949,-1.37735
1693731627005459,14.3681,6.5296,0.2006,-1.3915
1693731627072132,14.4484,6.4363,0.2121,-1.45678
1693731627138795,14.5232,6.3392,0.217,-1.46348
1693731627205474,14.5969,6.3688,0.2228,-1.51135
1693731627272146,14.6647,6.3863,0.2315,-1.55723
1693731627338806,14.7276,6.3863,0.2432,-1.58892
1693731627405486,14.774,6.4331,0.2577,-1.64642
1693731627472154,14.5544,6.8017,0.2833,-1.99127
1693731627538823,14.5533,6.8749,0.2989,-2.07652
1693731627605501,14.5891,6.91,0.2995,-2.11486
1693731627672170,14.5656,7.0809,0.2819,-2.32047
1693731627738834,14.5954,7.1603,0.2808,-2.36533
1693731627805504,14.6048,7.2187,0.2668,-2.41433
1693731627872182,14.614,7.2835,0.2453,-2.518
1693731627938852,14.6481,7.349,0.2329,-2.58579
1693731628005532,14.688,7.357,0.2347,-2.59835
1693731628072201,14.7333,7.2999,0.2284,-2.65646
1693731628138868,14.7703,7.2991,0.2291,-2.66349
1693731628205547,14.8386,8.0414,0.3498,2.93356
1693731628272216,14.7118,8.4473,0.3377,3.09032
1693731628338882,14.7354,8.5741,0.3339,2.99495
1693731628405561,14.7424,8.5357,0.3304,2.97786
1693731628472231,14.7464,8.4941,0.3254,2.95477
1693731628538897,14.0912,8.2864,0.294,-2.98007
1693731628605575,13.9385,8.6141,0.2681,-3.0316
1693731628672246,13.9428,8.6949,0.249,-3.06329
1693731628738913,13.9572,8.6618,0.2284,-3.0713
1693731628805584,13.9475,8.6871,0.2237,-3.07685
1693731628872253,13.9238,8.7639,0.2028,-3.08867
1693731628938919,13.9036,9.1735,0.1891,-3.06965
1693731629005598,14.0197,9.4686,0.2187,3.09558
1693731629072265,14.0525,9.4709,0.2331,-3.14065
1693731629138934,14.1481,9.3556,0.2488,3.13413
1693731629205610,14.1493,9.289,0.2558,-3.12081
1693731629272278,14.1975,9.1275,0.2582,3.12391
1693731629338944,14.2786,9.0367,0.2662,3.08312
1693731629405622,14.2972,8.9561,0.2731,3.07499
1693731629472290,14.3211,8.8663,0.2903,3.03714
1693731629538958,14.3111,8.7868,0.3111,2.98125
1693731629605636,14.3338,8.7252,0.3328,2.97972
1693731629672307,14.3545,8.6549,0.3424,2.96418
1693731629738971,14.3833,8.5981,0.363,2.93513
1693731629805643,14.5794,8.8523,0.3826,2.7337
1693731629872311,14.6025,8.8155,0.3827,2.77621
1693731629938979,14.586,8.7753,0.3825,2.76774
1693731630005651,14.5407,8.7689,0.3866,2.78641
1693731630072321,14.2029,9.2555,0.3725,3.00715
1693731630138984,14.2176,9.2436,0.3825,2.93932
1693731630205659,14.2175,9.1749,0.3912,2.95748
1693731630272355,14.2473,9.1275,0.3931,2.92922
1693731630339017,14.3551,9.1888,0.3895,2.86358
1693731630405689,14.3778,9.1285,0.3918,2.83985
1693731630472384,14.3967,9.0389,0.3939,2.78895
1693731630539044,14.4185,8.9573,0.3913,2.73667
1693731630605717,14.4191,8.8809,0.3807,2.68662
1693731630672380,14.4515,8.8069,0.366,2.65059
1693731630739042,14.4462,8.7398,0.3713,2.62968
1693731630805714,14.4372,8.6568,0.3907,2.57001
1693731630872379,14.4249,8.5804,0.4187,2.51074
1693731631005777,14.4092,8.4409,0.3944,2.38228
1693731631072435,14.3977,8.3761,0.3997,2.3736
1693731631139094,14.3735,8.3226,0.3881,2.33521
1693731631205766,15.0816,8.1585,0.4337,2.22746
1693731631272431,15.2317,8.1041,0.4338,2.20037
1693731631339095,15.4447,7.9891,0.4252,2.12183
1693731631605762,15.5983,7.8518,0.454,1.93358
1693731631739092,15.5736,7.8668,0.2745,2.04239
1693731631805765,15.5442,7.8475,0.2445,1.99425
1693731631872431,15.5125,7.8469,0.2447,1.99896
1693731631939097,15.4657,7.8612,0.2501,1.97965
1693731632072441,15.3929,7.8269,0.2382,1.91867
1693731632139107,15.3387,7.8175,0.2286,1.92054
1693731632205782,15.2884,7.7976,0.2206,1.90446
1693731632272450,15.2333,7.7642,0.2165,1.89195
1693731632339119,15.1868,7.7313,0.2057,1.87004
1693731632405795,15.1385,7.6887,0.2048,1.8542
1693731632472463,15.0837,7.6599,0.2147,1.84278
1693731632605795,14.9651,7.5898,0.259,1.85475
1693731632672473,14.9105,7.5824,0.2614,1.84835
1693731632739141,14.8661,7.6251,0.2224,1.82908
1693731632805815,14.8448,7.5756,0.1736,1.80132
1693731632872485,14.8125,7.5489,0.1666,1.7697
1693731632939152,14.8092,7.4177,0.2217,1.73882
1693731633005827,14.8509,7.1493,0.2323,1.69466
1693731633072495,14.8527,7.0488,0.2397,1.6614
1693731633139163,14.8548,6.9669,0.2381,1.60759
1693731633205837,14.8478,6.9732,0.2264,1.57697
1693731633272494,14.8206,7.0075,0.1924,1.57432
1693731633339171,14.8187,7.0102,0.2005,1.58178
1693731633405848,14.8014,6.9968,0.2294,1.61026
1693731633472514,14.787,6.966,0.2275,1.65377
1693731633539183,14.7814,6.931,0.2281,1.65701
1693731633605848,14.7861,6.9184,0.2774,1.6736
1693731633672526,14.8474,6.9176,0.2618,1.75953
1693731633739196,14.8181,6.9005,0.2631,1.6605
1693731633805870,14.8119,6.8712,0.2653,1.65812
1693731633872536,14.8687,6.8878,0.1795,1.66653
1693731633939205,14.8973,6.1816,-0.3099,1.57405
1693731634005878,14.9193,6.3173,-0.244,1.57306
1693731634072533,14.9226,6.2602,-0.2669,1.57559
1693731634139215,14.8395,6.0585,-0.1615,1.52517
1693731634205891,14.8218,6.0526,-0.1905,1.56042
1693731634272556,14.8212,6.3736,-0.0906,1.61337
1693731634339227,14.8907,6.6236,-0.233,1.56703
1693731634405901,15.5256,6.2227,-0.8088,1.57888
1693731634472570,15.5289,6.4517,-1.0336,-1.26293
1693731634539242,15.544,6.5052,-1.0784,-1.49308
1693731634605919,15.5353,6.5116,-1.0855,-1.17985
1693731634672586,15.4724,6.4721,-1.1238,-0.00253
1693731634739259,15.4626,6.4712,-1.1332,0.01109
1693731634805931,15.4656,6.4835,-1.144,0.08356
1693731634872600,15.462,6.4886,-1.1394,0.10618
1693731634939268,15.4584,6.4944,-1.1321,0.07901
1693731635005941,15.4599,6.4938,-1.1344,0.08155
1693731635072608,15.4584,6.4956,-1.1314,0.06238
1693731635139280,15.4581,6.4963,-1.1304,0.07069
1693731635205953,15.458,6.4964,-1.1296,0.06724
1693731635272619,15.4579,6.4965,-1.1286,0.07543
1693731635339290,15.4573,6.4964,-1.128,0.08104
1693731635405970,15.4574,6.4964,-1.1273,0.08612
1693731635472636,15.458,6.4965,-1.1271,0.08027
1693731635539302,15.4578,6.4966,-1.1267,0.08547
1693731635605977,15.4577,6.4968,-1.1262,0.08334
1693731635672647,15.457,6.4968,-1.1253,0.09015
1693731635739313,15.4567,6.4968,-1.1245,0.09799
1693731635800991,15.4574,6.4967,-1.124,0.10159
1693731635867657,15.4577,6.4927,-1.1365,0.50751
1693731635934328,15.4574,6.4922,-1.1381,0.45061
1693731635991003,15.4564,6.496,-1.1255,0.12875
1693731636057674,15.456,6.4963,-1.1234,0.10784
1693731636124340,15.4552,6.4962,-1.1225,0.11336
1693731636191014,15.4548,6.4918,-1.135,0.51157
1693731636257683,15.4545,6.4914,-1.1362,0.45426
1693731636324352,15.4547,6.4954,-1.1236,0.13785
1693731636391025,15.4547,6.4963,-1.1222,0.11529
1693731636457694,15.4553,6.4962,-1.1218,0.11468
1693731636524362,15.4543,6.4961,-1.1217,0.11207
1693731636591038,15.4542,6.4917,-1.1342,0.50994
1693731636657706,15.4538,6.4914,-1.1355,0.44937
1693731636724376,15.4539,6.4914,-1.1356,0.44554
1693731636791050,15.4539,6.4913,-1.1356,0.44148
1693731636857720,15.4536,6.4961,-1.1221,0.13829
1693731636924382,15.454,6.4921,-1.1337,0.53271
1693731636991058,15.4541,6.4919,-1.1349,0.46715
1693731637057727,15.4539,6.4918,-1.1349,0.44968
1693731637124396,15.455,6.4919,-1.1354,0.44765
1693731637191070,15.4552,6.4918,-1.1356,0.44702
1693731637257741,15.4553,6.4918,-1.1357,0.4419
1693731637324409,15.4541,6.4916,-1.135,0.44096
1693731637391085,15.4545,6.4917,-1.1349,0.44503
1693731637457753,15.4547,6.4916,-1.1348,0.44977
1693731637524422,15.4552,6.492,-1.1353,0.44715
1693731637591096,15.4547,6.4917,-1.1346,0.44909
1693731637657767,15.455,6.4919,-1.1349,0.44359
1693731637724433,15.4555,6.4914,-1.1358,0.44321
1693731637791109,15.4552,6.4916,-1.1348,0.44293
1693731637857778,15.4548,6.4915,-1.1346,0.44782
1693731637924443,15.4544,6.4917,-1.1345,0.43895
1693731637991118,15.4548,6.4918,-1.1349,0.44349
1693731638057782,15.4549,6.4918,-1.1347,0.44917
1693731638124460,15.4551,6.492,-1.1347,0.44137
1693731638191135,15.4557,6.4918,-1.1349,0.44744
1693731638257803,15.4562,6.4919,-1.135,0.44272
1693731638324469,15.4558,6.4917,-1.1349,0.44859
1693731638391144,15.4551,6.4917,-1.1345,0.44866
1693731638457809,15.456,6.4911,-1.1361,0.44739
1693731638524486,15.4553,6.4916,-1.1346,0.44832
1693731638591160,15.4554,6.4918,-1.1344,0.45513
1693731638657834,15.4561,6.4914,-1.136,0.45097
1693731638724502,15.4558,6.492,-1.1344,0.45366
1693731638791173,15.4554,6.4919,-1.134,0.45002
1693731638857847,15.4555,6.4919,-1.1344,0.4454
1693731638924513,15.4553,6.4918,-1.1345,0.44365
1693731638991187,15.4556,6.492,-1.1343,0.45473
1693731639057859,15.4555,6.4919,-1.1344,0.4516
1693731639124525,15.4562,6.4921,-1.1344,0.45707
1693731639191198,15.4565,6.4918,-1.1352,0.45543
1693731639324535,15.4564,6.4922,-1.1342,0.46858
1693731639391210,15.4566,6.4923,-1.1342,0.4564
1693731639457878,15.456,6.4921,-1.1337,0.45336
1693731639524542,15.456,6.4921,-1.1336,0.45519
1693731639591214,15.4561,6.492,-1.1337,0.46086
1693731639657888,15.4572,6.4925,-1.1341,0.45988
1693731639724556,15.4575,6.4929,-1.1338,0.45217
1693731639791231,15.4583,6.4927,-1.1342,0.45827
1693731639857899,15.4582,6.4929,-1.1341,0.45495
1693731639924567,15.458,6.4926,-1.134,0.46001
1693731639991239,15.458,6.4926,-1.1342,0.4556
1693731640057909,15.4583,6.4928,-1.1344,0.45576
1693731640124574,15.4585,6.4927,-1.1347,0.45402
1693731640191249,15.4597,6.4931,-1.1351,0.45167
1693731640257918,15.4605,6.4931,-1.1351,0.45415
1693731640324586,15.4601,6.493,-1.1347,0.45438
1693731640391259,15.461,6.4931,-1.135,0.45265
1693731640457926,15.4613,6.493,-1.1352,0.45016
1693731640524593,15.4607,6.4928,-1.1347,0.45088
1693731640591268,15.4596,6.4928,-1.1341,0.45762
1693731640724605,15.46,6.493,-1.1342,0.46797
1693731640791279,15.4599,6.4929,-1.1341,0.46478
1693731640924625,15.4603,6.4931,-1.1346,0.46845
1693731641057966,15.4597,6.4929,-1.134,0.46333
1693731641191304,15.4584,6.4928,-1.1332,0.47791
1693731641257973,15.4589,6.493,-1.1329,0.46255
1693731641324639,15.4588,6.4932,-1.133,0.46099
1693731641391314,15.4594,6.493,-1.1333,0.46988
1693731641524653,15.4611,6.4935,-1.134,0.48322
1693731641591324,15.4602,6.4934,-1.1335,0.46809
1693731641657992,15.4603,6.4933,-1.1331,0.46847
1693731641724659,15.4524,6.4909,-1.1249,0.47101
1693731641791337,15.4799,6.4813,-1.1212,0.60035
1693731641858004,15.4399,6.4784,-1.1087,-0.11616
1693731641924673,15.511,6.3689,-1.1289,-0.04999
1693731641991347,14.9871,4.9167,0.0569,0.03207
1693731642058014,15.2765,4.5919,0.2303,0.3407
1693731642124679,15.3239,4.6162,0.2739,0.28569
1693731642191345,15.2894,4.5838,0.2182,0.24918
1693731642258023,15.3195,4.6801,0.1791,0.27662
1693731642324690,15.3127,4.7542,0.1324,0.29877
1693731642391365,15.3249,4.8046,0.0954,0.31262
1693731642458021,15.3642,4.8176,0.1066,0.31911
1693731642524680,15.4119,4.8985,0.0994,0.30738
1693731642591369,15.3257,4.9687,0.0625,0.27823
1693731642658035,15.4084,5.0271,0.0484,0.36357
1693731642724705,15.3878,5.064,0.0807,0.36467
1693731642791380,15.3101,5.1479,0.0869,0.36772
1693731642858041,15.317,5.2015,0.0767,0.37386
1693731642924709,15.347,5.2074,0.0752,0.36479
1693731643001389,15.3358,5.2621,0.0889,0.35909
1693731643068059,15.4276,5.2867,0.097,0.41008
1693731643134720,15.2912,5.2526,0.1318,0.40144
1693731643206410,15.1922,5.2244,0.11,0.38013
1693731643273078,15.236,5.1967,0.0583,0.35294
1693731643339745,15.2861,5.2278,0.1006,0.42552
1693731643406423,15.3838,5.2736,0.1204,0.44617
1693731643473090,15.3358,5.2231,0.1368,0.3839
1693731643539750,15.367,5.2326,0.1893,0.39874
1693731643606436,15.3938,5.247,0.2092,0.41631
1693731643673105,15.3395,5.2879,0.2258,0.40829
1693731643739767,15.2638,5.2765,0.2705,0.42124
1693731643806434,15.1996,5.2637,0.2884,0.4528
1693731643873110,15.0864,5.1985,0.3097,0.42679
1693731643939778,15.0003,5.2206,0.3358,0.50777
1693731644006454,14.9317,5.2896,0.3513,0.59646
1693731644139794,14.7398,7.0562,0.3853,0.75427
1693731644206472,14.7207,7.185,0.3935,0.78046
1693731644339798,14.679,7.2596,0.4199,1.01205
1693731644406483,14.6511,7.2405,0.4382,1.02894
1693731644473151,14.6299,7.2815,0.4563,1.1315
1693731644539817,14.6117,7.4368,0.4762,1.2382
1693731644606493,14.5886,7.4738,0.4943,1.34541
1693731644673159,14.5678,7.8261,0.522,1.44177
1693731644739827,14.5371,7.8957,0.5451,1.52138
1693731644806503,14.4899,7.8124,0.5156,1.55123
1693731644939839,14.3425,7.8545,0.567,1.57368
1693731645006516,14.3226,7.6292,0.5869,1.56911
1693731645073184,14.2954,7.4075,0.5832,1.57027
1693731645139852,14.3196,7.3149,0.5902,1.57109
1693731645206527,14.2841,7.0531,0.5735,1.57265
1693731645273196,14.75,6.3154,0.4664,1.57005
1693731645339862,14.7377,5.9977,0.3914,1.57027
1693731645406538,14.6399,5.7223,0.3167,1.57029
1693731645539867,14.2537,5.2182,0.1525,1.56997
1693731645601556,14.1692,5.0723,0.077,1.56939
1693731645734897,14.0679,4.874,-0.1046,1.56996
1693731645801572,13.9755,4.7887,-0.1642,1.57132
1693731645934913,13.7786,4.6855,-0.2581,1.56952
1693731646001590,13.7222,4.6755,-0.2845,1.56944
1693731646068260,13.7259,4.6615,-0.3027,1.57024
1693731646134927,13.7243,4.6297,-0.3236,1.5703
1693731646206604,13.7194,4.6019,-0.3288,1.57041
1693731646339939,14.1149,4.5215,-0.3456,1.56992
1693731646406612,14.1102,4.4928,-0.3635,1.56912
1693731646539946,14.0516,4.4472,-0.3995,1.56997
1693731646606621,14.0139,4.4083,-0.4213,1.57299
1693731646739957,13.8907,4.4829,-0.4099,1.5685
1693731646806628,13.8211,4.5115,-0.3939,1.56946
1693731646873296,13.7658,4.5456,-0.42,1.57006
1693731647006627,13.6827,4.6278,-0.3144,1.56985
1693731647073296,13.6014,4.6887,-0.3592,1.56935
1693731647139964,13.5304,4.7449,-0.4101,1.57004
1693731647206641,13.4866,4.7462,-0.4148,1.5703
1693731647273311,13.4257,4.757,-0.438,1.5702
1693731647339976,13.349,4.7953,-0.4596,1.57017
1693731647406654,13.2616,4.8479,-0.4706,1.57032
1693731647473321,13.1621,4.9215,-0.476,1.57033
1693731647539989,13.0638,4.9999,-0.4745,1.57038
1693731647606652,12.9743,5.0611,-0.451,1.5704
1693731647673330,12.8886,5.2549,-0.4081,1.57037
1693731647739997,12.8366,5.2847,-0.4083,1.5703
1693731647806674,12.8961,5.3869,-0.355,1.57022
1693731647873342,12.8913,5.4533,-0.3204,1.57024
1693731647940009,12.8996,5.5392,-0.2917,1.57023
1693731648006684,12.8813,5.622,-0.2708,1.5702
1693731648073355,12.8428,5.6832,-0.286,1.57022
1693731648140020,12.7876,5.6918,-0.2602,1.57031
1693731648206688,12.7479,5.7265,-0.257,1.57188
1693731648273348,12.6732,5.6585,-0.2017,1.56924
1693731648340021,12.6253,5.6584,-0.1883,1.56807
1693731648406699,12.6713,5.3418,0.1604,1.22443
1693731648473369,12.6449,5.3199,0.1945,1.22438
1693731648540035,12.6029,5.3329,0.1901,1.21798
1693731648606714,12.5468,5.3282,0.1811,1.17577
1693731648673382,12.4675,5.3425,0.1708,1.102
1693731648740054,12.4429,5.3606,0.1671,1.05322
1693731648806731,12.4183,5.3748,0.1757,1.00072
1693731648873402,12.3636,5.3831,0.1792,0.95096
1693731648940067,12.3069,5.3772,0.182,0.91442
1693731649006744,12.0562,6.003,0.2416,1.87514
1693731649073409,12.0436,6.0609,0.2548,1.90615
1693731649140078,11.9349,6.096,0.2484,1.96819
1693731649273418,13.0403,6.4271,0.3465,2.16641
1693731649340074,13.2101,6.4848,0.3345,2.14149
1693731649406765,13.2884,6.5133,0.323,2.1525
1693731649473432,13.3518,6.5531,0.3044,2.11641
1693731649540101,13.3635,6.5607,0.294,2.07569
1693731649606777,13.3563,6.54,0.2848,2.06458
1693731649673444,13.3251,6.519,0.2678,2.06857
1693731649740111,13.266,6.4803,0.2519,2.08892
1693731649806790,13.2524,6.4259,0.2372,2.06303
1693731649873456,13.1912,6.415,0.2225,2.1128
1693731649940125,13.1488,6.4022,0.2062,2.11896
1693731650006802,13.1211,6.3934,0.1957,2.11774
1693731650073463,13.0971,6.3733,0.1739,2.11997
1693731650140130,13.0644,6.3464,0.1604,2.12192
1693731650206804,13.0318,6.3271,0.1457,2.14116
1693731650273471,12.9723,6.3411,0.1318,2.19369
1693731650340140,12.9332,6.3322,0.1132,2.18295
1693731650406816,12.9134,6.293,0.1057,2.12981
1693731650473484,12.8925,6.2715,0.0941,2.11483
1693731650540154,12.8187,6.2462,0.0964,2.07691
1693731650606832,12.8238,6.1944,0.0955,2.02313
1693731650673500,12.7778,6.2018,0.0768,2.0299
1693731650740170,12.7128,6.1593,0.0752,2.03372
1693731650806844,12.6881,6.1569,0.0721,2.03444
1693731650873512,12.5204,6.0765,0.0579,2.03239
1693731651006852,12.4076,5.9737,-0.0025,1.98795
1693731651073520,12.3534,5.9534,-0.0268,1.99531
1693731651140190,12.3748,5.9827,-0.0503,2.02418
1693731651206867,12.4263,6.0315,-0.058,2.02764
1693731651273528,12.4075,6.0353,-0.0626,2.01487
1693731651340197,12.3863,6.0251,-0.0674,2.01164
1693731651406875,12.398,6.0206,-0.0591,2.00848
1693731651473541,12.519,5.9154,-0.0524,1.82994
1693731651540204,12.5111,5.9245,-0.054,1.86811
1693731651606869,12.4882,5.9026,-0.0559,1.87131
1693731651673537,12.4678,5.9406,-0.0537,1.89336
1693731651806871,12.4024,5.9566,-0.039,1.90573
1693731651873537,12.3781,5.9627,-0.0326,1.91608
1693731651940201,12.3171,5.9663,-0.0141,1.91098
1693731652006879,12.2529,5.9625,0.0065,1.92525
1693731652073550,12.1997,5.9905,0.0087,1.96917
1693731652206892,12.1298,5.9882,0.0171,2.01331
1693731652273559,12.1032,5.9855,0.025,1.99517
1693731652340231,12.108,5.9711,0.0335,1.99858
1693731652406909,12.2174,5.9508,0.0443,1.98515
1693731652473567,12.5695,5.938,0.0636,1.98236
1693731652540238,12.5782,5.9326,0.0758,2.00258
1693731652606915,12.5834,5.9299,0.0855,2.01225
1693731652673574,12.6059,5.9266,0.1141,2.02179
1693731652740239,13.4131,6.1076,0.1794,2.04222
1693731652806905,13.4774,6.1122,0.2034,2.02125
1693731652873575,13.4862,6.0968,0.2163,1.99773
1693731652940244,13.4699,6.078,0.2301,1.98114
1693731653006913,13.436,6.0583,0.2459,1.9696
1693731653073585,13.4747,6.0604,0.2573,1.96983
1693731653140248,13.3522,6.0219,0.2752,1.9567
1693731653206926,13.3155,5.9894,0.2962,1.94122
1693731653273598,13.2675,6.0016,0.3166,1.95904
1693731653340264,13.2441,5.9646,0.3293,1.94849
1693731653406945,13.2509,5.9531,0.3444,1.94399
1693731653473613,13.2456,5.8908,0.3716,1.90027
1693731653540279,13.1931,5.9157,0.3945,1.91342
1693731653606968,13.1351,5.8846,0.4053,1.88919
1693731653673631,13.0753,5.8389,0.4134,1.84806
1693731653740300,13.0259,5.8226,0.424,1.81832
1693731653806977,12.9577,5.7679,0.4259,1.76087
1693731653873640,12.9276,5.7175,0.4397,1.72937
1693731653940304,12.8865,5.6852,0.4558,1.7087
1693731654006970,12.8703,5.679,0.4634,1.71633
1693731654073646,13.1796,5.519,0.4906,1.43975
1693731654140315,13.189,5.499,0.5013,1.48795
1693731654206982,13.1783,5.5011,0.507,1.51693
1693731654273654,13.1745,5.5033,0.5259,1.55127
1693731654340325,13.1622,5.4854,0.5362,1.60146
1693731654407000,13.1602,5.4582,0.55,1.64411
1693731654473674,13.2131,5.4607,0.5557,1.71185
1693731654540343,13.2516,5.4424,0.5523,1.76567
1693731654607021,13.3262,5.3335,0.5341,1.74704
1693731654673688,13.4074,5.3675,0.5135,1.85297
1693731654740363,13.4084,5.4079,0.5125,1.93976
1693731654807042,12.3836,6.8546,0.4813,-3.07718
1693731654873712,12.2842,7.0782,0.4962,-3.06853
1693731654940381,12.1515,7.0935,0.4903,-2.99348
1693731655007064,12.133,7.1705,0.5048,-2.87093
1693731655073727,12.136,7.1903,0.5217,-2.82193
1693731655140394,12.5899,7.3964,0.5644,-2.92853
1693731655207070,12.6021,7.4613,0.5707,-2.82812
1693731655273741,12.681,7.5095,0.5727,-2.7882
1693731655340407,12.681,7.6144,0.5771,-2.73309
1693731655407085,12.5295,7.6084,0.5639,-2.63912
1693731655473791,12.414,7.6518,0.5581,-2.58034
1693731655540453,12.1945,7.67,0.5486,-2.52507
1693731655607130,11.7441,7.3199,0.5162,-2.29887
1693731655673794,11.7846,7.3659,0.5318,-2.31413
1693731655740453,11.8481,7.388,0.5403,-2.30907
1693731655807129,11.9095,7.3399,0.5463,-2.24731
1693731655873795,11.952,7.3589,0.5586,-2.20957
1693731655940456,11.9763,7.3932,0.5598,-2.21323
1693731656007127,12.0056,7.3052,0.5695,-2.13362
1693731656073795,12.0792,7.2927,0.5784,-2.07668
1693731656140462,12.1243,7.303,0.5752,-2.01273
1693731656207141,12.1694,7.3963,0.5655,-1.96941
1693731656273809,12.2106,7.4699,0.5458,-1.87792
1693731656340476,12.2203,7.5074,0.5251,-1.74375
1693731656407152,12.2433,7.5437,0.4976,-1.60488
1693731656473822,12.315,7.5905,0.4771,-1.59157
1693731656540487,12.5832,7.3997,0.4528,-1.63377
1693731656607161,12.5548,6.5115,0.4327,-1.1726
1693731656673826,12.5497,6.5012,0.3602,-1.07387
1693731656740497,12.72,7.1311,0.4166,-1.15873
1693731656807175,12.7302,7.1123,0.3811,-1.18938
1693731656873846,13.7587,5.8775,0.3514,-0.58024
1693731656940507,14.0782,5.5156,0.3338,-0.42427
1693731657007186,14.635,5.1016,0.3059,-0.16721
1693731657073845,14.7694,5.0188,0.2779,-0.09467
1693731657140509,14.9613,4.9679,0.2449,-0.00597
1693731657207184,15.0125,4.9672,0.2097,0.02746
1693731657340555,15.0067,5.0476,0.164,0.06098
1693731657407230,14.9968,5.0772,0.1531,0.0415
1693731657473897,14.9728,5.143,0.163,0.03423
1693731657540565,14.9503,5.2006,0.1616,0.01823
1693731657673908,14.9426,5.2794,0.1399,-0.04026
1693731657740574,14.9438,5.3304,0.1356,-0.03809
1693731657807251,14.948,5.3645,0.1408,-0.03075
1693731657873920,14.9513,5.4065,0.1486,-0.02808
1693731657940588,14.9521,5.4276,0.1539,-0.01968
1693731658007265,15.0005,5.4519,0.1537,-0.00337
1693731658073934,15.0157,5.4453,0.1637,-0.02025
1693731658140596,15.0168,5.4629,0.1722,-0.04362
1693731658207269,15.0573,5.4715,0.1756,-0.06141
1693731658273937,15.1248,5.5327,0.1913,0.08966
1693731658340604,15.1245,5.6027,0.1866,0.03246
1693731658407277,15.121,5.6522,0.189,0.03099
1693731658473944,15.1314,5.6884,0.1857,0.01893
1693731658540609,15.1254,5.7131,0.179,0.01525
1693731658607276,15.1308,5.7206,0.1625,0.03431
1693731658673955,15.1328,5.716,0.1476,0.01854
1693731658740621,15.1376,5.5758,0.125,0.05828
1693731658807294,15.1294,5.5934,0.1199,0.01195
1693731658873962,15.1324,5.6383,0.1133,0.02253
1693731658940630,15.1289,5.6793,0.113,0.00635
1693731659007304,15.1306,5.6758,0.1112,0.01019
1693731659073973,15.1374,5.6741,0.1056,0.01823
1693731659140644,15.1291,5.6186,0.0933,0.06317
1693731659207320,15.1443,5.529,0.0707,0.14047
1693731659273989,14.9883,5.4193,0.0862,0.10008
1693731659340644,13.7491,5.1048,0.1064,-0.19268
1693731659407321,13.5993,5.0097,0.1262,-0.07518
1693731659473991,13.5582,4.9969,0.1457,-0.11189
1693731659540651,13.5583,4.9743,0.1561,-0.05485
1693731659607326,13.4389,4.886,0.1795,-0.2174
1693731659673994,13.461,4.9084,0.2082,-0.13399
1693731659740661,13.5275,4.9846,0.2122,-0.08431
1693731659807338,13.5934,5.0588,0.2111,-0.01058
1693731659874009,13.642,5.1228,0.2083,0.05119
1693731659940680,13.6715,5.1749,0.2094,0.10179
1693731660007357,13.6511,5.1749,0.2128,0.1031
1693731660074018,13.7041,5.2214,0.2211,0.10698
1693731660140698,13.7428,5.2729,0.2262,0.09997
1693731660207377,13.7498,5.3094,0.2095,0.09677
1693731660274048,13.7184,5.3063,0.2112,0.08958
1693731660340717,13.7163,5.1834,0.229,-0.51445
1693731660407394,13.7933,5.1177,0.2157,-0.30353
1693731660474064,13.82,5.1551,0.1953,-0.29253
1693731660540726,13.888,5.1585,0.1863,-0.24613
1693731660607399,13.9172,5.151,0.1843,-0.23705
1693731660674068,13.9424,5.1322,0.1842,-0.21841
1693731660740735,13.9467,5.1102,0.1899,-0.21149
1693731660807407,13.9606,5.1141,0.1824,-0.18913
1693731660874074,13.9479,5.1163,0.1789,-0.16463
1693731660940743,13.9095,5.1294,0.1674,-0.16133
1693731661007421,13.8931,5.1445,0.1591,-0.15109
1693731661074093,13.9181,5.1642,0.1533,-0.12953
1693731661140762,13.9267,5.1861,0.1539,-0.1238
1693731661207437,13.9535,5.2495,0.1563,-0.10335
1693731661274107,13.9921,5.3135,0.1683,-0.10776
1693731661340775,14.0016,5.3663,0.1728,-0.09266
1693731661407451,13.9708,5.5194,0.176,-0.09141
1693731661474116,13.9375,5.6222,0.1766,-0.08338
1693731661540818,13.9097,5.7034,0.171,-0.08093
1693731661607489,13.8859,5.7723,0.1556,-0.07638
1693731661674163,13.8793,5.8221,0.1373,-0.08695
1693731661740823,13.9426,5.8679,0.1216,-0.04085
1693731661807493,13.9497,5.9008,0.1165,-0.03639
1693731661874196,14.098,5.9443,0.1112,0.05442
1693731661940837,14.7315,6.4839,0.0947,0.33866
1693731662007517,14.9076,6.6678,0.1049,0.46882
1693731662074170,15.04,6.7913,0.1107,0.50425
1693731662140843,15.1089,6.8714,0.1095,0.50872
1693731662207514,15.2328,6.9642,0.1078,0.5573
1693731662274182,15.2487,6.9465,0.0839,0.54832
1693731662340849,15.2816,6.8901,0.0527,0.61144
1693731662407520,15.1996,6.8427,0.0469,0.5685
1693731662474189,15.1657,6.884,0.0452,0.58274
1693731662540855,15.1234,6.942,0.0351,0.58117
1693731662607528,15.0667,6.9479,0.0539,0.57287
1693731662674202,15.0201,6.9377,0.0817,0.53207
1693731662740869,14.8958,7.0076,0.0918,0.44558
1693731662807540,14.7152,7.0804,0.0985,0.26942
1693731662874212,14.6882,7.1722,0.1054,0.35802
1693731662940875,14.668,7.2392,0.1059,0.37467
1693731663007551,14.6419,7.2845,0.0962,0.40416
1693731663074222,14.6256,7.3213,0.0808,0.42306
1693731663140888,14.6185,7.3613,0.0841,0.46128
1693731663207561,14.6014,7.4047,0.0846,0.45015
1693731663274220,14.5887,7.4379,0.0716,0.44821
1693731663340897,14.5787,7.4588,0.1045,0.43794
1693731663407573,14.5923,7.506,0.148,0.46738
1693731663474246,14.603,7.5696,0.1641,0.48172
1693731663540911,14.4821,7.567,0.1413,0.33439
1693731663607585,14.4278,7.6625,0.1299,0.24025
1693731663674260,14.3981,7.7031,0.1155,0.19223
1693731663740925,14.2705,7.5699,0.1025,0.16884
1693731663807600,14.1718,7.4609,0.1109,0.05363
1693731663874269,14.1384,7.4763,0.1107,-0.01836
1693731663940936,14.1473,7.5361,0.0765,-0.12516
1693731664007609,14.0176,7.5405,0.0797,-0.29751
1693731664074282,14.1226,7.5606,0.1178,-0.26574
1693731664140947,14.1224,7.8311,0.1419,-0.2803
1693731664207622,14.0558,7.8861,0.1251,-0.29727
1693731664274295,14.1523,7.9822,0.1176,-0.2241
1693731664340960,14.178,7.9944,0.1136,-0.21517
1693731664407632,14.1842,8.021,0.1602,-0.19653
1693731664474303,14.2021,8.2658,0.1689,-0.18499
1693731664540968,14.1989,8.3803,0.1506,-0.18252
1693731664607643,14.1847,8.48,0.1594,-0.14581
1693731664674313,14.1869,8.5238,0.1808,-0.09796
1693731664740977,14.1795,8.5358,0.1632,-0.09262
1693731664807650,14.1803,8.5716,0.1584,-0.08663
1693731664874322,14.192,8.5154,0.1745,-0.10423
1693731664940987,14.2052,8.5217,0.1315,-0.13133
1693731665007662,14.2221,8.5479,0.1066,-0.14673
1693731665074332,14.227,8.5413,0.1041,-0.16135
1693731665140998,14.2225,8.5688,0.0971,-0.16093
1693731665207669,14.2204,8.5575,0.0997,-0.14633
1693731665274339,14.2243,8.5575,0.093,-0.11863
1693731665341003,14.2247,8.5504,0.093,-0.12834
1693731665407677,14.219,8.5743,0.0975,-0.14146
1693731665474347,14.227,8.5902,0.099,-0.14813
1693731665541014,14.2357,8.563,0.0994,-0.16077
