1693922456.299888 -91.067036 -8.686202 -11.331414 -0.003284 -0.022180 -0.634648 0.772476
1693922456.400213 -91.067914 -8.689422 -11.301036 -0.003093 -0.021975 -0.634870 0.772300
1693922456.499845 -91.067991 -8.690833 -11.279882 -0.002937 -0.021767 -0.634886 0.772293
1693922456.599810 -91.067292 -8.693008 -11.269467 -0.002490 -0.021532 -0.634974 0.772229
1693922456.699658 -91.065609 -8.696117 -11.266566 -0.002183 -0.021242 -0.634873 0.772322
1693922456.799811 -91.065049 -8.697130 -11.264049 -0.002180 -0.021270 -0.634883 0.772312
1693922456.899957 -91.065734 -8.700761 -11.262538 -0.002202 -0.021418 -0.634799 0.772377
1693922456.999939 -91.065158 -8.698945 -11.264516 -0.001732 -0.021348 -0.634900 0.772298
1693922457.099903 -91.065547 -8.696085 -11.260793 -0.002010 -0.021559 -0.634872 0.772314
1693922457.199565 -91.064914 -8.699091 -11.262417 -0.002576 -0.022181 -0.634880 0.772288
1693922457.299809 -91.066541 -8.700983 -11.263796 -0.002684 -0.022579 -0.634970 0.772202
1693922457.399826 -91.066800 -8.699875 -11.262428 -0.002266 -0.023007 -0.635065 0.772113
1693922457.499968 -91.066406 -8.698324 -11.261469 -0.002515 -0.023542 -0.635008 0.772142
1693922457.599844 -91.063603 -8.696903 -11.267243 -0.002810 -0.023259 -0.634804 0.772318
1693922457.699591 -91.058568 -8.694348 -11.270575 -0.002812 -0.022735 -0.634853 0.772293
1693922457.800108 -91.050744 -8.690800 -11.274960 -0.005768 -0.021367 -0.634813 0.772348
1693922457.899781 -91.047312 -8.695335 -11.282524 -0.006478 -0.019457 -0.635334 0.771965
1693922457.999918 -91.047468 -8.693422 -11.284477 -0.007622 -0.018896 -0.635525 0.771812
1693922458.099829 -91.047327 -8.696438 -11.283995 -0.006657 -0.020159 -0.635609 0.771720
1693922458.199887 -91.049105 -8.696368 -11.283108 -0.005891 -0.020933 -0.635659 0.771664
1693922458.300480 -91.045779 -8.695322 -11.284335 -0.006813 -0.019616 -0.635545 0.771785
1693922458.600343 -91.044187 -8.691507 -11.285770 -0.006731 -0.019038 -0.635501 0.771836
1693922458.699956 -91.044769 -8.695273 -11.286818 -0.006927 -0.018928 -0.635560 0.771789
1693922458.799995 -91.046295 -8.694919 -11.288771 -0.007094 -0.018458 -0.635516 0.771834
1693922459.000411 -91.053620 -8.697092 -11.289095 -0.008173 -0.018035 -0.636080 0.771369
1693922459.100206 -91.063303 -8.696336 -11.290993 -0.009259 -0.017269 -0.636288 0.771203
1693922459.200310 -91.104493 -8.700574 -11.294613 -0.010092 -0.016368 -0.635998 0.771451
1693922459.499885 -91.181516 -8.702867 -11.300804 -0.010695 -0.015430 -0.635691 0.771716
1693922459.599683 -91.231744 -8.705570 -11.303346 -0.011204 -0.015291 -0.634641 0.772575
1693922459.699899 -91.289679 -8.708288 -11.305409 -0.012054 -0.014082 -0.635082 0.772223
1693922459.800415 -91.366584 -8.714177 -11.306368 -0.009362 -0.013501 -0.637062 0.770637
1693922459.900288 -91.446127 -8.723075 -11.306696 -0.011218 -0.011398 -0.636360 0.771226
1693922459.999963 -91.565013 -8.730736 -11.302885 -0.009797 -0.013509 -0.636028 0.771486
1693922460.200385 -91.736818 -8.730554 -11.312383 -0.010372 -0.014558 -0.635289 0.772068
1693922460.300309 -91.848380 -8.743831 -11.315915 -0.011706 -0.014531 -0.636427 0.771111
1693922460.399921 -91.959958 -8.740777 -11.316641 -0.013831 -0.014326 -0.632764 0.774088
1693922460.799768 -92.547389 -8.783087 -11.314919 -0.009551 -0.019673 -0.637968 0.769753
1693922460.900266 -92.754059 -8.809129 -11.324994 -0.011844 -0.012802 -0.642111 0.766413
1693922461.099909 -93.020056 -8.815211 -11.347885 -0.013796 -0.014485 -0.640884 0.767377
1693922461.199880 -93.178075 -8.813432 -11.350647 -0.015962 -0.017465 -0.639625 0.768323
1693922461.299906 -93.356225 -8.825943 -11.347770 -0.008525 -0.018707 -0.645855 0.763183
1693922461.399781 -93.537911 -8.837301 -11.338157 -0.011008 -0.013065 -0.646023 0.763127
1693922461.499998 -93.773814 -8.853028 -11.341726 -0.003497 -0.014421 -0.646229 0.763000
1693922461.699989 -94.128354 -8.865075 -11.344026 0.000375 -0.020794 -0.644747 0.764113
1693922461.900005 -94.394819 -8.868249 -11.343373 -0.002055 -0.018497 -0.645562 0.763481
1693922461.999958 -94.564004 -8.891449 -11.345846 0.001482 -0.018663 -0.648865 0.760673
1693922462.699997 -95.811492 -8.907891 -11.373442 -0.004359 -0.020979 -0.644778 0.764070
1693922462.899833 -96.086129 -8.930104 -11.367788 -0.005159 -0.016299 -0.645864 0.763261
1693922463.199891 -96.595950 -8.930018 -11.364905 -0.008370 -0.024693 -0.632320 0.774268
1693922463.300448 -96.757675 -8.934642 -11.373946 -0.010599 -0.019209 -0.632469 0.774275
1693922463.399893 -96.913560 -8.941685 -11.377910 -0.005950 -0.020538 -0.634123 0.772937
1693922463.499888 -97.075294 -8.952445 -11.379914 -0.006638 -0.017208 -0.634771 0.772480
1693922463.600411 -97.240481 -8.973573 -11.385201 -0.007254 -0.014577 -0.637047 0.770653
1693922463.700070 -97.413670 -8.992694 -11.388747 -0.009317 -0.018585 -0.636888 0.770676
1693922463.799949 -97.586729 -9.011374 -11.395431 -0.008535 -0.016845 -0.639520 0.768542
1693922463.899901 -97.762572 -9.012834 -11.399158 -0.011687 -0.022217 -0.637604 0.769955
1693922463.999932 -97.934740 -9.015234 -11.401211 -0.010806 -0.017807 -0.636332 0.771134
1693922464.099757 -98.125890 -9.025806 -11.403821 -0.011615 -0.018080 -0.641135 0.767127
1693922464.299990 -98.426824 -9.036756 -11.402887 -0.009230 -0.015863 -0.641522 0.766885
1693922464.400156 -98.589385 -9.036869 -11.400843 -0.014268 -0.015416 -0.644514 0.764304
1693922464.499846 -98.766225 -9.038873 -11.398928 -0.012497 -0.014989 -0.645099 0.763850
1693922464.599908 -98.936991 -9.033591 -11.397394 -0.014359 -0.018716 -0.643564 0.765029
1693922464.899886 -99.483828 -9.045139 -11.401120 -0.012458 -0.014370 -0.648623 0.760872
1693922465.099974 -99.825764 -9.068840 -11.408024 -0.013455 -0.015217 -0.651024 0.758785
1693922465.300034 -100.158729 -9.080334 -11.417928 -0.011090 -0.017077 -0.651053 0.758759
1693922465.500140 -100.446788 -9.079392 -11.411548 -0.008813 -0.014496 -0.657284 0.753452
1693922465.599945 -100.614626 -9.072160 -11.414589 -0.009941 -0.013353 -0.659643 0.751395
1693922465.700193 -100.787167 -9.068666 -11.430764 -0.003403 -0.014636 -0.671245 0.741083
1693922465.800241 -100.951830 -9.063469 -11.434283 -0.004308 -0.015154 -0.676954 0.735857
1693922465.899897 -101.115924 -9.047010 -11.451891 -0.005013 -0.018364 -0.684369 0.728888
1693922466.000079 -101.302872 -9.023794 -11.446013 -0.005791 -0.016850 -0.693034 0.720685
1693922466.099836 -101.465811 -9.007203 -11.459259 -0.006943 -0.016208 -0.701261 0.712686
1693922466.199970 -101.636696 -8.989554 -11.466693 -0.007100 -0.016049 -0.709469 0.704518
1693922466.300121 -101.812477 -8.970852 -11.474239 -0.004215 -0.013979 -0.721370 0.692396
1693922466.400049 -101.972072 -8.955017 -11.467129 -0.008082 -0.015564 -0.728355 0.684976
1693922466.500487 -102.137269 -8.929359 -11.468870 -0.003861 -0.019463 -0.737031 0.675567
1693922466.600256 -102.304694 -8.908322 -11.456112 -0.001701 -0.017048 -0.747968 0.663513
1693922466.700024 -102.463696 -8.872230 -11.457178 -0.007094 -0.026350 -0.751367 0.659320
1693922466.800047 -102.665221 -8.821902 -11.463716 -0.003417 -0.022609 -0.765310 0.643256
1693922466.999987 -102.991628 -8.722769 -11.482472 -0.006105 -0.018635 -0.782631 0.622177
1693922467.200541 -103.234981 -8.625388 -11.501217 -0.008694 -0.009756 -0.794974 0.606503
1693922467.300177 -103.368945 -8.584802 -11.506649 -0.009926 0.000568 -0.805398 0.592651
1693922467.400101 -103.484675 -8.542469 -11.504725 -0.014563 0.005239 -0.814876 0.579428
1693922467.500185 -103.611662 -8.475843 -11.506883 -0.025032 -0.001185 -0.817792 0.574967
1693922467.600142 -103.735638 -8.414997 -11.496827 -0.027287 -0.003197 -0.823107 0.567222
1693922467.699876 -103.887541 -8.347843 -11.495647 -0.025808 -0.004646 -0.833842 0.551380
1693922467.800066 -104.035051 -8.265565 -11.495817 -0.026808 -0.004524 -0.839230 0.543097
1693922467.900045 -104.177990 -8.180309 -11.486862 -0.026173 -0.004943 -0.845558 0.533219
1693922467.999994 -104.323405 -8.095865 -11.491012 -0.024111 -0.004814 -0.850728 0.525031
1693922468.100112 -104.461684 -8.005616 -11.482277 -0.024240 -0.003859 -0.855165 0.517774
1693922468.200013 -104.594295 -7.925886 -11.478136 -0.023574 -0.003801 -0.859890 0.509920
1693922468.300025 -104.730644 -7.836763 -11.479007 -0.025411 -0.003522 -0.863835 0.503122
1693922468.400206 -104.865941 -7.748041 -11.475695 0.025465 0.004492 0.869083 -0.493990
1693922468.700277 -105.266120 -7.427081 -11.468394 0.023976 0.005164 0.884699 -0.465517
1693922468.800026 -105.386599 -7.312055 -11.463725 0.024970 0.005283 0.888710 -0.457758
1693922468.900181 -105.539819 -7.188514 -11.462019 0.024109 0.005187 0.895748 -0.443879
1693922469.100154 -105.751144 -6.954735 -11.465973 0.023985 0.006797 0.903584 -0.427684
1693922469.200165 -105.869205 -6.831011 -11.461624 0.023424 0.006547 0.908845 -0.416425
1693922469.299984 -105.988430 -6.708605 -11.457600 0.023559 0.006366 0.913458 -0.406201
1693922469.400174 -106.103719 -6.581916 -11.461663 0.022847 0.007718 0.917810 -0.396286
1693922469.500034 -106.235287 -6.440112 -11.455741 0.022647 0.006885 0.923578 -0.382680
1693922469.700174 -106.414401 -6.176237 -11.457136 0.021936 0.008965 0.930374 -0.365844
1693922469.800162 -106.514538 -6.036748 -11.451900 0.022279 0.007984 0.933864 -0.356845
1693922469.900226 -106.618553 -5.883725 -11.456894 0.022044 0.010632 0.937567 -0.346943
1693922469.999981 -106.714290 -5.743788 -11.463189 0.020514 0.010639 0.940533 -0.338916
1693922470.100041 -106.810258 -5.596942 -11.460450 0.017410 0.007569 0.945911 -0.323871
1693922470.200209 -106.897919 -5.452237 -11.454060 0.017544 0.008712 0.947947 -0.317826
1693922470.300142 -106.984017 -5.307353 -11.451040 0.015023 0.008256 0.951406 -0.307463
1693922470.400223 -107.077754 -5.154042 -11.455579 0.013392 0.008657 0.953854 -0.299846
1693922470.500342 -107.156759 -5.004603 -11.457728 0.012150 0.007800 0.956211 -0.292322
1693922470.800245 -107.385388 -4.548882 -11.467266 0.009946 0.005588 0.963414 -0.267775
1693922470.900155 -107.454264 -4.392375 -11.470862 0.011551 0.005935 0.965173 -0.261288
1693922470.999606 -107.523180 -4.235511 -11.472705 0.009795 0.004072 0.967822 -0.251410
1693922471.100500 -107.586835 -4.077051 -11.474258 0.010837 0.004893 0.970127 -0.242306
1693922471.200090 -107.647168 -3.925653 -11.475439 0.010909 0.004497 0.972426 -0.232912
1693922471.300200 -107.713757 -3.770177 -11.480332 0.010903 0.003129 0.974431 -0.224399
1693922471.400265 -107.769909 -3.604233 -11.476456 0.011852 0.002839 0.977013 -0.212829
1693922471.599994 -107.863377 -3.285684 -11.483619 0.011112 0.000786 0.980449 -0.196460
1693922471.700020 -107.913730 -3.120764 -11.491729 0.011260 -0.000276 0.982311 -0.186919
1693922471.800202 -107.955693 -2.954084 -11.497642 0.011264 0.000379 0.983953 -0.178072
1693922471.900420 -107.994010 -2.787094 -11.502459 0.011798 0.000407 0.985474 -0.169418
1693922472.300377 -108.126712 -2.129463 -11.516259 0.012001 -0.000920 0.989870 -0.141468
1693922472.400003 -108.150297 -1.963261 -11.515692 0.013749 -0.000297 0.990353 -0.137884
1693922472.500354 -108.172280 -1.805227 -11.515401 0.014140 -0.000484 0.990898 -0.133872
1693922472.600311 -108.192800 -1.629163 -11.513578 0.014755 -0.000924 0.991219 -0.131398
1693922472.700256 -108.214903 -1.461612 -11.508132 0.013988 -0.002733 0.991575 -0.128748
1693922472.800263 -108.243546 -1.276044 -11.505385 0.012008 -0.000174 0.991828 -0.127015
1693922473.000274 -108.282682 -0.962940 -11.514902 0.012393 -0.001613 0.992040 -0.125300
1693922473.100236 -108.302056 -0.798929 -11.515414 0.012284 -0.002225 0.992133 -0.124568
1693922473.200094 -108.323011 -0.640918 -11.521012 0.012762 -0.002179 0.992214 -0.123873
1693922473.300222 -108.342649 -0.477230 -11.518560 0.012177 -0.001603 0.992423 -0.122255
1693922473.400165 -108.352292 -0.312818 -11.517323 0.012902 -0.001802 0.992436 -0.122072
1693922473.500149 -108.370274 -0.144043 -11.511419 0.013666 -0.001102 0.992447 -0.121908
1693922473.600145 -108.384066 0.024232 -11.506278 0.012790 -0.001107 0.992784 -0.119231
1693922473.700461 -108.412031 0.213147 -11.505510 0.013178 -0.000939 0.992792 -0.119116
1693922474.100343 -108.477433 0.829490 -11.507094 0.013576 -0.000048 0.993222 -0.115436
1693922474.200428 -108.492570 0.993877 -11.507329 0.013778 0.000332 0.993319 -0.114574
1693922474.300195 -108.509874 1.155021 -11.511470 0.013586 0.000339 0.993469 -0.113291
1693922474.400426 -108.515346 1.316412 -11.509392 0.013661 0.000700 0.993507 -0.112948
1693922474.500202 -108.533849 1.487995 -11.514752 0.013826 -0.000844 0.993558 -0.112471
1693922474.600333 -108.547548 1.648200 -11.514038 0.012678 0.000178 0.993850 -0.110009
1693922474.900477 -108.591767 2.151207 -11.512428 0.012287 -0.001519 0.994450 -0.104482
1693922474.999696 -108.609272 2.311255 -11.517213 0.011636 -0.000005 0.994793 -0.101254
1693922475.099581 -108.623161 2.476809 -11.513162 0.011026 -0.000009 0.995188 -0.097366
1693922475.200202 -108.636759 2.644760 -11.510542 0.010288 0.000072 0.995552 -0.093655
1693922475.300548 -108.649744 2.816252 -11.514004 0.009811 0.000667 0.995906 -0.089857
1693922475.400446 -108.653902 2.988366 -11.509187 0.009772 -0.000623 0.996166 -0.086934
1693922475.500368 -108.657657 3.163049 -11.507710 0.010193 -0.000538 0.996350 -0.084753
1693922475.600293 -108.666704 3.331460 -11.508328 0.010075 -0.000513 0.996658 -0.081061
1693922475.700316 -108.671249 3.503729 -11.504898 0.010180 0.000566 0.996843 -0.078738
1693922475.800237 -108.675321 3.677218 -11.507477 0.009978 0.001178 0.997086 -0.075626
1693922475.900316 -108.680170 3.845351 -11.509917 0.010977 0.002258 0.997195 -0.074001
1693922476.000340 -108.685757 4.005045 -11.513634 0.009946 0.001423 0.997389 -0.071510
1693922476.100231 -108.691456 4.168728 -11.509165 0.009821 0.001211 0.997557 -0.069157
1693922476.200293 -108.689252 4.327311 -11.510146 0.008788 0.000503 0.997841 -0.065085
1693922476.300317 -108.696464 4.484343 -11.518605 0.008725 0.000575 0.998018 -0.062317
1693922476.400383 -108.688065 4.644379 -11.507750 0.009098 0.000980 0.998208 -0.059132
1693922476.700474 -108.685069 5.150467 -11.509918 0.009411 0.000460 0.998439 -0.055061
1693922476.800317 -108.677934 5.319418 -11.510799 0.009458 -0.000708 0.998448 -0.054875
1693922477.100401 -108.665221 5.844422 -11.511344 0.010412 0.000797 0.998457 -0.054533
1693922477.200310 -108.660637 6.027225 -11.507333 0.010634 0.000241 0.998529 -0.053160
1693922477.300419 -108.652290 6.240617 -11.506567 0.011549 0.001986 0.998365 -0.055955
1693922477.600179 -108.640816 6.675221 -11.520260 0.012493 0.001435 0.997552 -0.068789
1693922477.700380 -108.639239 6.830311 -11.523139 0.010242 0.000157 0.997256 -0.073320
1693922477.800317 -108.640165 6.989078 -11.521974 0.009637 -0.000978 0.997021 -0.076521
1693922478.100389 -108.651364 7.474759 -11.518655 0.009534 -0.001482 0.996699 -0.080616
1693922478.200445 -108.656939 7.641812 -11.520225 0.009465 -0.001398 0.996599 -0.081846
1693922478.300540 -108.661783 7.810926 -11.521140 0.009253 -0.000348 0.996600 -0.081873
1693922478.600478 -108.674906 8.322486 -11.520512 0.009708 0.000638 0.996428 -0.083888
1693922478.700397 -108.684155 8.494400 -11.517983 0.008864 -0.000623 0.996538 -0.082656
1693922478.800483 -108.684498 8.667194 -11.510314 0.008762 0.000287 0.996532 -0.082751
1693922478.899803 -108.689185 8.855053 -11.513340 0.010153 0.000490 0.996501 -0.082957
1693922479.100257 -108.698522 9.167754 -11.516667 0.010349 -0.000486 0.996573 -0.082068
1693922479.200529 -108.706219 9.328472 -11.523654 0.010374 0.000318 0.996609 -0.081627
1693922479.300418 -108.708283 9.493699 -11.523846 0.010581 -0.001498 0.996673 -0.080800
1693922479.400359 -108.708964 9.659893 -11.524569 0.011242 -0.001243 0.996657 -0.080917
1693922479.500525 -108.717041 9.831628 -11.538843 0.011741 -0.001598 0.996694 -0.080381
1693922479.800453 -108.725388 10.351654 -11.540099 0.012761 -0.001310 0.997006 -0.076248
1693922480.100469 -108.729493 10.902503 -11.529382 0.013751 -0.000705 0.997313 -0.071958
1693922480.300533 -108.725786 11.197879 -11.518692 0.013838 -0.001345 0.997525 -0.068920
1693922480.400427 -108.721165 11.362380 -11.526831 0.014576 -0.003124 0.997552 -0.068318
1693922480.499982 -108.707859 11.537105 -11.523005 0.015331 -0.002620 0.997805 -0.064364
1693922481.200443 -108.711876 12.649935 -11.516049 0.015947 0.000814 0.998113 -0.059289
1693922481.300065 -108.704886 12.796164 -11.509343 0.014689 0.005665 0.998141 -0.058886
1693922481.400491 -108.708002 12.942964 -11.511943 0.012075 0.006560 0.998377 -0.055276
1693922481.900489 -108.700610 13.464592 -11.503137 0.014309 0.005260 0.998040 -0.060687
1693922482.000529 -108.695387 13.582673 -11.507305 0.012919 0.006986 0.997737 -0.065607
1693922482.299794 -108.702179 13.729423 -11.512089 0.010855 0.006058 0.997716 -0.066399
1693922482.400627 -108.699521 13.762052 -11.511780 0.011460 0.004983 0.997574 -0.068485
1693922482.500508 -108.702242 13.784375 -11.511959 0.010375 0.004197 0.997649 -0.067607
1693922482.600441 -108.700129 13.803635 -11.509443 0.011240 0.005677 0.997682 -0.066867
1693922482.700574 -108.701639 13.815986 -11.507335 0.010959 0.005677 0.997748 -0.065935
1693922483.000527 -108.701054 13.783542 -11.513593 0.010535 -0.004494 0.997656 -0.067467
1693922483.400525 -108.700148 13.771605 -11.514538 0.012880 -0.003100 0.997625 -0.067587
1693922483.500549 -108.703355 13.773496 -11.513112 0.010475 -0.005254 0.997615 -0.068020
1693922483.900630 -108.714613 13.765595 -11.507347 0.006449 -0.005097 0.997703 -0.067233
1693922484.000527 -108.714774 13.771053 -11.508614 0.005553 -0.004694 0.997734 -0.066891
1693922484.100553 -108.711207 13.773154 -11.509480 0.005652 -0.009987 0.997637 -0.067736
1693922484.300614 -108.704744 13.779076 -11.511200 0.013948 -0.007050 0.997548 -0.068213
1693922484.400707 -108.703144 13.784524 -11.511303 0.011513 -0.008427 0.997550 -0.068482
1693922484.499599 -108.702897 13.790452 -11.512957 0.010227 -0.008055 0.997597 -0.068054
1693922484.600571 -108.701701 13.796243 -11.515019 0.007629 -0.006634 0.997617 -0.068245
1693922484.700562 -108.701013 13.801479 -11.517405 0.008650 -0.010773 0.997555 -0.068504
1693922484.800639 -108.700876 13.806727 -11.519278 0.012019 -0.012544 0.997477 -0.068828
1693922485.000468 -108.697299 13.813645 -11.523804 0.014520 -0.007522 0.997450 -0.069472
1693922485.600536 -108.684860 13.833985 -11.531412 0.010715 -0.005166 0.997480 -0.069948
1693922486.200642 -108.666591 13.845470 -11.530328 0.016338 -0.007904 0.997486 -0.068499
1693922486.300619 -108.665947 13.848979 -11.530461 0.013264 -0.006484 0.997580 -0.067945
1693922486.400634 -108.662570 13.848515 -11.531039 0.013466 -0.005120 0.997533 -0.068707
1693922486.500637 -108.659947 13.850127 -11.530971 0.013488 -0.006240 0.997636 -0.067094
1693922486.800593 -108.650259 13.857573 -11.529917 0.014444 -0.006040 0.997599 -0.067462
1693922486.900699 -108.649595 13.858766 -11.529950 0.014424 -0.005403 0.997595 -0.067580
1693922487.000458 -108.649437 13.860757 -11.530283 0.013750 -0.006770 0.997592 -0.067641
1693922487.300648 -108.646438 13.890630 -11.530460 0.014473 -0.010339 0.997526 -0.068011
1693922487.400586 -108.645652 13.913405 -11.530532 0.014399 -0.011384 0.997493 -0.068336
1693922487.600669 -108.647032 13.984400 -11.531223 0.013268 -0.012554 0.997502 -0.068237
1693922487.900727 -108.644552 14.166032 -11.528464 0.012493 -0.010334 0.997241 -0.072443
1693922488.000590 -108.644040 14.247471 -11.527190 0.011986 -0.010178 0.997254 -0.072373
1693922488.300572 -108.630286 14.543425 -11.522451 0.018275 -0.009291 0.996575 -0.080108
1693922488.399560 -108.630053 14.658875 -11.521844 0.020121 -0.007790 0.996558 -0.080037
1693922488.500599 -108.633737 14.783869 -11.522520 0.019699 -0.009931 0.996685 -0.078311
1693922488.700677 -108.641786 15.060382 -11.520691 0.019550 -0.008013 0.996808 -0.076987
1693922488.800626 -108.645500 15.211778 -11.520234 0.017657 -0.006550 0.996886 -0.076569
1693922488.900053 -108.648698 15.367124 -11.519316 0.017617 -0.006280 0.996790 -0.077843
1693922489.100748 -108.654555 15.694118 -11.515338 0.016224 -0.006942 0.996938 -0.076183
1693922489.200458 -108.656150 15.863021 -11.511714 0.016799 -0.006593 0.997000 -0.075268
1693922489.400711 -108.666881 16.211436 -11.503794 0.015026 -0.002897 0.997176 -0.073519
1693922489.499968 -108.669515 16.383843 -11.499997 0.017682 -0.004171 0.997121 -0.073620
1693922489.600724 -108.672768 16.559856 -11.495111 0.017816 -0.001645 0.997216 -0.072391
1693922489.800595 -108.679028 16.903857 -11.486985 0.015833 -0.001104 0.997366 -0.070776
1693922490.100131 -108.684793 17.414916 -11.476280 0.015538 -0.001039 0.997446 -0.069705
1693922490.200605 -108.683844 17.587403 -11.471592 0.018415 -0.001481 0.997296 -0.071133
1693922490.299556 -108.687177 17.758877 -11.468311 0.017201 0.000722 0.997499 -0.068553
1693922490.400252 -108.688936 17.933839 -11.465151 0.015769 0.002186 0.997529 -0.068433
1693922490.700607 -108.687247 18.449957 -11.459249 0.018220 0.000780 0.997425 -0.069366
1693922490.800655 -108.690422 18.620183 -11.457740 0.015854 0.000450 0.997596 -0.067463
1693922490.999877 -108.689968 18.958971 -11.453957 0.016739 -0.001138 0.997513 -0.068458
1693922491.099727 -108.689758 19.129440 -11.452215 0.014883 -0.000933 0.997557 -0.068252
1693922491.200576 -108.690327 19.302401 -11.449285 0.015722 -0.000673 0.997576 -0.067789
1693922491.300746 -108.689585 19.473544 -11.448053 0.014473 -0.001919 0.997614 -0.067476
1693922491.400593 -108.689346 19.645638 -11.445359 0.014162 -0.001383 0.997712 -0.066096
1693922491.900100 -108.669584 20.496840 -11.439122 0.017731 -0.007186 0.997639 -0.065953
1693922492.000070 -108.665727 20.665331 -11.438763 0.013741 -0.010151 0.997856 -0.063184
1693922492.200701 -108.640385 21.018338 -11.430208 0.018893 -0.005927 0.997823 -0.062899
1693922492.300628 -108.632918 21.195420 -11.427189 0.021709 -0.002767 0.997880 -0.061285
1693922492.400643 -108.632439 21.371583 -11.425785 0.018646 -0.001597 0.998152 -0.057817
1693922492.600628 -108.623636 21.727114 -11.422336 0.015497 0.000786 0.998357 -0.055157
1693922492.800690 -108.608161 22.074646 -11.425872 0.014622 0.001798 0.998338 -0.055709
1693922492.900695 -108.601378 22.246594 -11.427898 0.013433 -0.000769 0.998271 -0.057226
1693922493.400717 -108.569984 23.106692 -11.429002 0.013861 0.001410 0.997063 -0.075311
1693922493.500267 -108.565330 23.278515 -11.428280 0.013447 0.003129 0.996353 -0.084207
1693922493.700424 -108.568600 23.619266 -11.427320 0.015598 0.002530 0.994754 -0.101066
1693922493.800631 -108.578725 23.788997 -11.427173 0.014559 0.001810 0.994426 -0.104410
1693922493.999809 -108.594785 24.130940 -11.426958 0.015123 0.002922 0.993662 -0.111346
1693922494.099880 -108.606516 24.299904 -11.427107 0.014647 -0.000417 0.993621 -0.111815
1693922494.400730 -108.638704 24.821438 -11.424534 0.014361 0.007197 0.991770 -0.127023
1693922494.500671 -108.650384 24.986224 -11.426229 0.015984 0.001518 0.990817 -0.134256
1693922494.600740 -108.668588 25.153644 -11.426781 0.017040 0.001524 0.990286 -0.137990
1693922494.700646 -108.692048 25.322042 -11.427755 0.013562 0.001789 0.990103 -0.139674
1693922494.999710 -108.758241 25.828090 -11.426358 0.011929 0.004148 0.989516 -0.143873
1693922495.300774 -108.823488 26.333971 -11.427404 0.013751 0.003478 0.988460 -0.150820
1693922495.400862 -108.844625 26.502257 -11.428210 0.013150 0.003232 0.987610 -0.156344
1693922495.699885 -108.915565 27.003465 -11.430980 0.015677 0.005092 0.983706 -0.179025
1693922495.800797 -108.948054 27.168196 -11.432160 0.017060 0.004126 0.982580 -0.185007
1693922495.900758 -108.983772 27.334232 -11.432864 0.016345 0.004927 0.982548 -0.185222
1693922496.000722 -109.018299 27.499265 -11.433984 0.016769 0.005722 0.982043 -0.187823
1693922496.199750 -109.090755 27.828960 -11.435181 0.016002 0.005896 0.981862 -0.188827
1693922496.300728 -109.127548 27.993775 -11.436044 0.017639 0.006090 0.981453 -0.190793
1693922496.400812 -109.166428 28.157140 -11.436374 0.015631 0.005656 0.981781 -0.189286
1693922496.500018 -109.200304 28.316680 -11.439295 0.018160 0.002986 0.981210 -0.192065
1693922496.600686 -109.238224 28.480120 -11.441903 0.018684 0.002692 0.981309 -0.191510
1693922496.799870 -109.318310 28.807907 -11.453290 0.017317 0.002952 0.981380 -0.191272
1693922496.900814 -109.358502 28.977269 -11.458843 0.017252 0.004291 0.981492 -0.190677
1693922496.999879 -109.397562 29.143480 -11.462414 0.020281 0.006708 0.981258 -0.191510
1693922497.100749 -109.440678 29.309660 -11.466060 0.019161 0.004239 0.981571 -0.190089
1693922497.200783 -109.483260 29.476976 -11.468727 0.018692 0.006748 0.981763 -0.189069
1693922497.500772 -109.608032 29.966170 -11.481602 0.019745 0.005313 0.981958 -0.187992
1693922497.599905 -109.648358 30.130010 -11.485384 0.019380 0.006869 0.981878 -0.188393
1693922497.699931 -109.691305 30.294289 -11.490239 0.019745 0.006933 0.982116 -0.187109
1693922497.800855 -109.737845 30.457001 -11.495074 0.017046 0.007047 0.983059 -0.182360
1693922498.000902 -109.826506 30.777589 -11.505826 0.013526 0.006306 0.986761 -0.161493
1693922498.100730 -109.868443 30.936100 -11.509498 0.011262 0.005402 0.989155 -0.146346
1693922498.200840 -109.904158 31.095913 -11.513116 0.008909 0.007437 0.991258 -0.131426
1693922498.300850 -109.931978 31.249262 -11.519173 0.009926 0.002983 0.993241 -0.115609
1693922498.400880 -109.951003 31.408032 -11.524377 0.011487 0.005621 0.994646 -0.102547
1693922498.600747 -109.976667 31.722088 -11.535658 0.011701 0.003183 0.996781 -0.079245
1693922498.700800 -109.982671 31.879624 -11.540259 0.013110 0.002421 0.997230 -0.073170
1693922498.800061 -109.986460 32.036546 -11.544778 0.012929 0.003244 0.997600 -0.067944
1693922498.900157 -109.987186 32.194396 -11.549628 0.014660 0.003175 0.997669 -0.066565
1693922499.100011 -109.983204 32.506820 -11.560601 0.016468 0.002766 0.997699 -0.065705
1693922499.200588 -109.983328 32.663192 -11.565271 0.016427 0.001862 0.997737 -0.065167
1693922499.299570 -109.987069 32.814574 -11.570052 0.014336 -0.000071 0.997898 -0.063206
1693922499.399915 -109.986213 32.970029 -11.572901 0.016666 0.001685 0.997795 -0.064217
1693922499.500882 -109.985690 33.125650 -11.576956 0.015839 0.001085 0.997878 -0.063152
1693922499.599557 -109.983483 33.277661 -11.580785 0.018483 0.001502 0.997738 -0.064616
1693922499.800024 -109.986372 33.588398 -11.589011 0.017752 0.001838 0.997846 -0.063129
1693922499.900846 -109.987962 33.744993 -11.594174 0.018220 0.003034 0.997806 -0.063570
1693922499.999662 -109.989708 33.897475 -11.599267 0.016888 0.002419 0.997904 -0.062419
1693922500.099878 -109.991387 34.052891 -11.599151 0.017345 0.001990 0.997862 -0.062989
1693922500.200840 -109.994962 34.211005 -11.594976 0.017651 0.002275 0.997960 -0.061311
1693922500.300739 -109.998617 34.366830 -11.590539 0.017013 0.003613 0.997972 -0.061237
1693922500.400923 -110.002898 34.519964 -11.587720 0.016104 0.001507 0.998026 -0.060692
1693922500.500947 -110.005407 34.675495 -11.584076 0.015239 0.003006 0.998028 -0.060820
1693922500.600825 -110.007338 34.828313 -11.582171 0.016206 0.000953 0.997968 -0.061612
1693922500.699802 -110.013484 34.982084 -11.580981 0.017817 0.000745 0.998002 -0.060619
1693922500.800828 -110.020395 35.138821 -11.580733 0.016718 0.002102 0.998080 -0.059603
1693922501.000973 -110.031120 35.444420 -11.581744 0.014546 0.002354 0.998026 -0.061055
1693922501.100833 -110.035133 35.597829 -11.581848 0.015663 0.003404 0.998006 -0.061048
1693922501.199548 -110.039977 35.748291 -11.582444 0.016343 0.002728 0.998028 -0.060552
1693922501.299994 -110.045837 35.902424 -11.581899 0.017235 0.003385 0.998007 -0.060610
1693922501.399831 -110.052883 36.056043 -11.582483 0.016727 0.003759 0.998084 -0.059448
1693922501.500815 -110.058548 36.212111 -11.582630 0.016015 0.006027 0.998060 -0.059854
1693922501.599848 -110.063203 36.364730 -11.582810 0.017046 0.006140 0.997981 -0.060872
1693922501.699719 -110.069400 36.517267 -11.583804 0.017042 0.006039 0.998002 -0.060541
1693922501.899870 -110.085332 36.819380 -11.586476 0.015755 0.004838 0.998066 -0.059942
1693922502.000886 -110.093230 36.971153 -11.587027 0.014881 0.003500 0.998060 -0.060356
1693922502.100837 -110.099848 37.123035 -11.586941 0.014754 0.003956 0.998034 -0.060783
1693922502.199926 -110.106135 37.273120 -11.587485 0.015773 0.004215 0.997961 -0.061709
1693922502.300901 -110.114081 37.427984 -11.587401 0.013681 0.004406 0.998004 -0.061487
1693922502.399986 -110.120155 37.580000 -11.588423 0.013357 0.004916 0.997896 -0.063258
1693922502.499856 -110.127624 37.732534 -11.589213 0.013280 0.004454 0.997888 -0.063437
1693922502.599932 -110.134079 37.886137 -11.589630 0.014114 0.005277 0.997822 -0.064216
1693922502.700808 -110.140134 38.040261 -11.590109 0.013419 0.006986 0.997832 -0.064054
1693922502.799937 -110.146759 38.190412 -11.589686 0.013646 0.008197 0.997791 -0.064492
1693922502.900465 -110.153939 38.337445 -11.589079 0.013237 0.011605 0.997759 -0.064561
1693922502.999816 -110.160547 38.471448 -11.588725 0.013110 0.014071 0.997687 -0.065196
1693922503.100972 -110.167101 38.597805 -11.587522 0.013498 0.014318 0.997668 -0.065356
1693922503.199821 -110.172741 38.708470 -11.586119 0.013652 0.015408 0.997541 -0.066992
1693922503.299883 -110.178467 38.805493 -11.585031 0.014496 0.016207 0.997426 -0.068332
1693922503.399601 -110.184388 38.890018 -11.583611 0.014789 0.015953 0.997326 -0.069770
1693922503.700405 -110.204780 39.071723 -11.577026 0.016262 0.013127 0.997242 -0.071213
1693922503.799774 -110.211890 39.109846 -11.573820 0.016019 0.013950 0.997192 -0.071812
1693922503.900045 -110.218761 39.138486 -11.569997 0.017098 0.015047 0.997184 -0.071448
1693922503.999921 -110.222432 39.158069 -11.566154 0.020053 0.015883 0.997101 -0.071666
1693922504.101001 -110.226008 39.165222 -11.563762 0.021624 0.016268 0.997098 -0.071153
1693922504.200023 -110.229349 39.162446 -11.563074 0.020131 0.019645 0.997082 -0.070966
1693922504.299927 -110.231018 39.146011 -11.565561 0.019157 0.014544 0.997050 -0.072895
1693922504.400885 -110.230373 39.120875 -11.571030 0.018376 0.003494 0.997104 -0.073707
1693922504.699772 -110.232778 39.099407 -11.572917 0.010617 0.001323 0.997234 -0.073555
1693922504.800928 -110.232984 39.101679 -11.571711 0.009712 0.003442 0.997316 -0.072484
1693922504.899997 -110.233115 39.104365 -11.572472 0.007168 0.004791 0.997330 -0.072511
1693922504.999882 -110.234251 39.103128 -11.572888 0.014965 0.003033 0.997202 -0.073175
1693922505.100883 -110.226888 39.102718 -11.572352 0.016066 0.001948 0.997116 -0.074148
1693922505.200003 -110.223392 39.102859 -11.575526 0.011614 0.002006 0.997313 -0.072307
1693922505.299732 -110.219540 39.104494 -11.580060 0.012553 0.001435 0.997215 -0.073503
1693922505.399630 -110.210361 39.107087 -11.583237 0.013876 0.002539 0.997241 -0.072884
1693922505.499951 -110.206918 39.111094 -11.584609 0.013174 0.002444 0.997250 -0.072896
1693922505.599952 -110.204604 39.115567 -11.584843 0.012634 0.002472 0.997277 -0.072620
1693922505.699820 -110.202970 39.114178 -11.578506 0.013082 0.001937 0.997236 -0.073118
1693922505.799979 -110.201821 39.110871 -11.574060 0.013720 0.001113 0.997240 -0.072962
1693922505.899787 -110.200853 39.105040 -11.572454 0.014702 0.001638 0.997234 -0.072842
1693922505.999788 -110.199578 39.109971 -11.567993 0.013279 0.003915 0.997266 -0.072582
1693922506.199814 -110.202024 39.117176 -11.569030 0.011488 0.006505 0.997284 -0.072460
1693922506.299850 -110.201008 39.116066 -11.572624 0.011712 0.005700 0.997230 -0.073229
1693922506.400542 -110.202086 39.111437 -11.575563 0.010099 0.002382 0.997328 -0.072316
1693922506.499880 -110.201614 39.108057 -11.575279 0.010455 0.000930 0.997273 -0.073054
1693922506.599895 -110.203083 39.108936 -11.576042 0.009900 0.001408 0.997304 -0.072699
1693922506.699947 -110.203124 39.112307 -11.577234 0.010159 0.002317 0.997284 -0.072908
1693922506.799935 -110.202656 39.113826 -11.571639 0.010249 0.003632 0.997309 -0.072503
1693922506.899596 -110.200179 39.112848 -11.570791 0.011016 0.004657 0.997268 -0.072896
1693922506.999940 -110.201282 39.115320 -11.573383 0.010432 0.003669 0.997306 -0.072516
1693922507.099828 -110.201620 39.117437 -11.572883 0.010174 0.002697 0.997284 -0.072900
1693922507.199617 -110.201588 39.116793 -11.570276 0.010167 0.003282 0.997292 -0.072757
1693922507.500126 -110.202119 39.117538 -11.572430 0.010760 0.003158 0.997281 -0.072832
1693922507.600491 -110.202443 39.117367 -11.571624 0.010568 0.003452 0.997281 -0.072850
1693922507.699937 -110.204056 39.118586 -11.572617 0.010384 0.003363 0.997295 -0.072683
1693922507.799899 -110.204337 39.117332 -11.578158 0.010456 0.003112 0.997294 -0.072700
1693922507.900120 -110.201940 39.113844 -11.573434 0.010269 0.003208 0.997273 -0.073017
1693922507.999806 -110.202955 39.113480 -11.572411 0.010228 0.002679 0.997284 -0.072891
1693922508.099782 -110.202867 39.112497 -11.572859 0.010365 0.002368 0.997262 -0.073185
1693922508.199616 -110.203971 39.107375 -11.572567 0.010031 0.002059 0.997286 -0.072913
1693922508.299934 -110.205253 39.108581 -11.569277 0.009999 0.002137 0.997287 -0.072901
1693922508.399814 -110.204103 39.112218 -11.571471 0.010255 0.002876 0.997297 -0.072701
1693922508.500130 -110.202964 39.111806 -11.569548 0.010055 0.002773 0.997285 -0.072900
1693922508.599804 -110.202558 39.112063 -11.569119 0.009864 0.002591 0.997284 -0.072936
1693922508.699876 -110.203997 39.114820 -11.573294 0.009925 0.002121 0.997281 -0.072986
1693922508.800051 -110.204078 39.115301 -11.574299 0.009859 0.002292 0.997286 -0.072926
1693922508.899869 -110.204518 39.112254 -11.570312 0.009836 0.001972 0.997282 -0.072988
1693922508.999795 -110.205855 39.112409 -11.570876 0.010045 0.002399 0.997269 -0.073128
1693922509.100028 -110.204426 39.112178 -11.572812 0.009612 0.001644 0.997270 -0.073189
1693922509.199876 -110.203982 39.110531 -11.572256 0.009623 0.000607 0.997266 -0.073268
1693922509.299817 -110.203009 39.117532 -11.571583 0.009500 0.000219 0.997240 -0.073635
1693922509.399636 -110.203094 39.127835 -11.572220 0.009282 -0.000827 0.997184 -0.074418
1693922509.500050 -110.202118 39.144607 -11.570171 0.008949 -0.001870 0.997123 -0.075245
1693922509.599688 -110.202926 39.191120 -11.569113 0.009089 -0.002119 0.996866 -0.078552
1693922509.900149 -110.204344 39.294443 -11.577430 0.009601 -0.002720 0.996480 -0.083234
1693922510.000531 -110.206501 39.356203 -11.581268 0.009744 -0.002881 0.996351 -0.084740
1693922510.100292 -110.204522 39.429750 -11.580606 0.010954 -0.002604 0.996054 -0.088036
1693922510.199986 -110.206357 39.511838 -11.581526 0.010876 -0.002896 0.995907 -0.089675
1693922510.299979 -110.211135 39.603981 -11.581915 0.011407 -0.002572 0.995729 -0.091576
1693922510.399887 -110.213640 39.702681 -11.582222 0.011533 -0.003179 0.995673 -0.092148
1693922510.499630 -110.219417 39.808845 -11.582626 0.011869 -0.002592 0.995534 -0.093621
1693922510.599744 -110.227617 39.926482 -11.581863 0.010293 -0.002500 0.995629 -0.092791
1693922510.700058 -110.234008 40.051314 -11.581614 0.010416 -0.003076 0.995497 -0.094167
1693922510.799842 -110.239446 40.186784 -11.579871 0.010755 -0.002176 0.995452 -0.094628
1693922510.900082 -110.243613 40.332139 -11.579874 0.011773 -0.001679 0.995350 -0.095588
1693922510.999922 -110.252102 40.482397 -11.586142 0.012098 -0.002593 0.995279 -0.096268
1693922511.099880 -110.256640 40.634415 -11.588938 0.010318 -0.001056 0.995476 -0.094443
1693922511.199861 -110.269644 40.797071 -11.595118 0.010644 -0.001248 0.995521 -0.093932
1693922511.299752 -110.280035 40.966446 -11.596776 0.010554 -0.001097 0.995586 -0.093248
1693922511.400389 -110.284483 41.139829 -11.592800 0.011909 0.000163 0.995537 -0.093620
1693922511.499868 -110.293055 41.314857 -11.590756 0.011707 0.000453 0.995598 -0.092996
1693922511.599738 -110.303986 41.487308 -11.594850 0.011014 0.001696 0.995693 -0.092041
1693922511.699822 -110.312151 41.660598 -11.592594 0.010983 0.000683 0.995726 -0.091701
1693922511.799598 -110.322102 41.829545 -11.597495 0.010444 0.001327 0.995768 -0.091297
1693922511.899724 -110.327888 42.000758 -11.601081 0.010804 0.000531 0.995800 -0.090916
1693922511.999876 -110.336914 42.169699 -11.606094 0.011191 0.000639 0.995736 -0.091563
1693922512.099712 -110.343370 42.334608 -11.608932 0.010941 0.000877 0.995765 -0.091283
1693922512.199677 -110.351834 42.505649 -11.612910 0.011065 0.001632 0.995768 -0.091224
1693922512.299683 -110.360656 42.676586 -11.613201 0.010821 0.002236 0.995863 -0.090190
1693922512.399707 -110.368066 42.846847 -11.621775 0.009896 0.001986 0.995984 -0.088960
1693922512.499735 -110.375471 43.015967 -11.642684 0.010224 0.001592 0.995981 -0.088961
1693922512.599896 -110.382758 43.182405 -11.624406 0.010876 0.000839 0.995947 -0.089283
1693922512.699810 -110.390953 43.348548 -11.616043 0.009204 0.000364 0.996017 -0.088681
1693922512.799705 -110.400731 43.509669 -11.608523 0.009509 -0.000275 0.995985 -0.089018
1693922512.899767 -110.408700 43.668358 -11.611940 0.008594 -0.000494 0.996048 -0.088396
1693922512.999716 -110.413058 43.828335 -11.607621 0.009204 -0.000098 0.996032 -0.088519
1693922513.099711 -110.419185 43.981083 -11.602560 0.008547 0.000605 0.996105 -0.087760
1693922513.199732 -110.426686 44.139559 -11.604746 0.009891 0.001921 0.996017 -0.088589
1693922513.299649 -110.433748 44.295161 -11.600558 0.009801 0.001842 0.996068 -0.088026
1693922513.800257 -110.468316 45.145057 -11.600538 0.008780 0.003700 0.996174 -0.086871
1693922513.899762 -110.474242 45.323218 -11.608822 0.009161 0.003598 0.996165 -0.086938
1693922513.999599 -110.482135 45.520774 -11.616178 0.009577 0.004233 0.996051 -0.088162
1693922514.199560 -110.496316 45.837122 -11.621561 0.008441 0.004383 0.996053 -0.088248
1693922514.299829 -110.505971 45.999921 -11.626033 0.008274 0.005203 0.995983 -0.089010
1693922514.400486 -110.512467 46.168792 -11.623876 0.008466 0.005660 0.995961 -0.089208
1693922514.499840 -110.518363 46.333535 -11.627546 0.008690 0.004756 0.995929 -0.089599
1693922514.599771 -110.524839 46.503223 -11.633808 0.008641 0.003933 0.995968 -0.089209
1693922514.699775 -110.534026 46.669335 -11.632006 0.008182 0.003544 0.996165 -0.087044
1693922514.799958 -110.539643 46.841754 -11.638727 0.008302 0.004943 0.996360 -0.084697
1693922514.899652 -110.545738 47.013252 -11.640803 0.008535 0.005478 0.996576 -0.082056
1693922514.999707 -110.549766 47.184046 -11.640355 0.009005 0.005603 0.996713 -0.080322
1693922515.099627 -110.553725 47.358796 -11.643890 0.008337 0.005106 0.996965 -0.077229
1693922515.199793 -110.560156 47.535780 -11.642993 0.009136 0.004020 0.997281 -0.073019
1693922515.299681 -110.560540 47.744831 -11.638488 0.009673 0.005218 0.997527 -0.069424
1693922515.499915 -110.560562 48.146017 -11.649424 0.010506 0.004543 0.997922 -0.063405
1693922515.799672 -110.555532 48.537870 -11.655859 0.012160 0.004649 0.998156 -0.059288
1693922515.900160 -110.549897 48.722982 -11.647035 0.013667 0.006189 0.998345 -0.055524
1693922516.099882 -110.542798 49.013102 -11.649910 0.013613 0.008975 0.998445 -0.053316
1693922516.199916 -110.538888 49.178670 -11.667438 0.013276 0.006758 0.998503 -0.052635
1693922516.299784 -110.536887 49.354911 -11.655627 0.013098 0.009663 0.998565 -0.051024
1693922516.399887 -110.531681 49.530222 -11.667079 0.013894 0.006940 0.998589 -0.050778
1693922516.699933 -110.509793 50.093711 -11.668319 0.013490 0.007495 0.998656 -0.049473
1693922516.899767 -110.500502 50.380855 -11.680951 0.013285 0.005866 0.998668 -0.049507
1693922516.999845 -110.490370 50.540979 -11.680646 0.014451 0.007110 0.998574 -0.050892
1693922517.099802 -110.484404 50.709176 -11.682993 0.013347 0.007963 0.998613 -0.050299
1693922517.199797 -110.479818 50.882072 -11.684912 0.013518 0.008715 0.998562 -0.051134
1693922517.300171 -110.474901 51.060387 -11.680934 0.012463 0.010351 0.998566 -0.051031
1693922517.399848 -110.467331 51.262546 -11.680337 0.013154 0.011915 0.998494 -0.051909
1693922517.599773 -110.459916 51.568413 -11.693557 0.012045 0.008667 0.998572 -0.051321
1693922517.699872 -110.459940 51.737833 -11.697793 0.011237 0.007533 0.998732 -0.048483
1693922517.799947 -110.454207 51.908970 -11.702246 0.010754 0.007546 0.998833 -0.046479
1693922517.899942 -110.448549 52.080035 -11.701925 0.010694 0.008961 0.998967 -0.043257
1693922518.000274 -110.443512 52.251865 -11.702605 0.011257 0.009647 0.999067 -0.040567
1693922518.099942 -110.435660 52.422772 -11.705452 0.010889 0.009169 0.999226 -0.036660
1693922518.200015 -110.429470 52.595662 -11.707821 0.011217 0.009317 0.999334 -0.033463
1693922518.299905 -110.418679 52.773501 -11.712468 0.011071 0.007950 0.999410 -0.031514
1693922518.399645 -110.400427 52.986016 -11.717182 0.011257 0.007454 0.999481 -0.029250
1693922518.599884 -110.380375 53.278506 -11.722673 0.011977 0.007891 0.999556 -0.026128
1693922518.699792 -110.366014 53.439302 -11.725995 0.012051 0.006663 0.999616 -0.024031
1693922518.799739 -110.355584 53.607729 -11.729598 0.011372 0.007567 0.999679 -0.021351
1693922518.899911 -110.340741 53.774604 -11.731091 0.012576 0.007508 0.999682 -0.020543
1693922519.000140 -110.319307 53.948004 -11.736172 0.013654 0.009374 0.999663 -0.019995
1693922519.100309 -110.305150 54.122319 -11.737925 0.013414 0.011804 0.999660 -0.019001
1693922519.200199 -110.289783 54.294842 -11.740739 0.013517 0.011209 0.999681 -0.018174
1693922519.300152 -110.271931 54.467457 -11.744006 0.012822 0.009896 0.999713 -0.017629
1693922519.399843 -110.258091 54.646662 -11.747714 0.012462 0.008951 0.999743 -0.016716
1693922519.499879 -110.233582 54.863497 -11.753607 0.013188 0.008184 0.999713 -0.018237
1693922519.700135 -110.199650 55.217278 -11.763172 0.013859 0.009610 0.999687 -0.018488
1693922519.899853 -110.172240 55.495312 -11.768276 0.013835 0.010056 0.999667 -0.019341
1693922519.999944 -110.156475 55.655697 -11.766641 0.013930 0.008569 0.999681 -0.019231
1693922520.100303 -110.139440 55.819578 -11.774906 0.014622 0.009097 0.999657 -0.019746
1693922520.199859 -110.124757 55.983274 -11.778449 0.014194 0.007887 0.999680 -0.019415
1693922520.299974 -110.107328 56.151483 -11.781851 0.014305 0.008404 0.999676 -0.019294
1693922520.399911 -110.091406 56.318796 -11.784286 0.014465 0.007960 0.999661 -0.020142
1693922520.500094 -110.075091 56.481624 -11.792760 0.013274 0.009199 0.999688 -0.019073
1693922520.599828 -110.061859 56.644857 -11.793737 0.013082 0.008327 0.999686 -0.019702
1693922520.699841 -110.046820 56.801759 -11.803357 0.013447 0.009157 0.999660 -0.020368
1693922520.799962 -110.031205 56.957199 -11.809719 0.012718 0.009706 0.999680 -0.019588
1693922520.899781 -110.015516 57.117270 -11.813519 0.013744 0.009017 0.999646 -0.020915
1693922520.999679 -109.999987 57.275209 -11.822264 0.013107 0.008587 0.999660 -0.020852
1693922521.099830 -109.986162 57.442338 -11.818898 0.013422 0.008473 0.999663 -0.020524
1693922521.200013 -109.970700 57.605547 -11.823505 0.013636 0.007319 0.999671 -0.020460
1693922521.299895 -109.955223 57.774078 -11.824039 0.013916 0.008682 0.999648 -0.020836
1693922521.399930 -109.938219 57.941171 -11.832849 0.014605 0.007426 0.999640 -0.021267
1693922521.500007 -109.923249 58.109862 -11.837017 0.015190 0.008065 0.999612 -0.021926
1693922521.600220 -109.908609 58.285570 -11.836870 0.015606 0.007475 0.999608 -0.022007
1693922521.699947 -109.894755 58.458276 -11.835414 0.014381 0.006697 0.999637 -0.021783
1693922521.799941 -109.881241 58.635733 -11.833652 0.013738 0.006180 0.999640 -0.022212
1693922521.900060 -109.858389 58.835200 -11.847743 0.014470 0.006117 0.999638 -0.021846
1693922522.099746 -109.839038 59.127754 -11.844241 0.013515 0.004235 0.999747 -0.017485
1693922522.200082 -109.824612 59.296755 -11.848917 0.013480 0.006182 0.999799 -0.013500
1693922522.299899 -109.808842 59.463030 -11.850860 0.014051 0.005825 0.999821 -0.011222
1693922522.400066 -109.794639 59.635362 -11.847357 0.013744 0.006721 0.999861 -0.006617
1693922522.499782 -109.774946 59.806894 -11.850289 0.014404 0.006303 0.999871 -0.003260
1693922522.600046 -109.752095 59.982950 -11.852981 0.014000 0.005865 0.999881 0.002774
1693922522.699913 -109.730923 60.166382 -11.859151 0.013171 0.005991 0.999853 0.009200
1693922522.799962 -109.691668 60.367306 -11.861584 0.014950 0.006278 0.999734 0.016415
1693922523.000501 -109.632397 60.706777 -11.873675 0.016928 0.005302 0.999533 0.024880
1693922523.200002 -109.583753 60.964890 -11.868412 0.018287 0.003204 0.999361 0.030551
1693922523.300113 -109.556749 61.114376 -11.870528 0.016902 0.004768 0.999135 0.037688
1693922523.399824 -109.521917 61.266567 -11.876150 0.018486 0.003434 0.998991 0.040781
1693922523.500065 -109.484563 61.427059 -11.875041 0.017489 0.002885 0.998763 0.046455
1693922523.600387 -109.448818 61.592433 -11.879468 0.018209 0.003579 0.998523 0.051062
1693922523.700113 -109.414118 61.753878 -11.882434 0.016762 0.002904 0.998187 0.057735
1693922523.800107 -109.377639 61.922873 -11.882849 0.017184 0.002399 0.997856 0.063100
1693922523.899960 -109.335140 62.092034 -11.885115 0.016662 0.003244 0.997370 0.070469
1693922524.000127 -109.289372 62.252935 -11.885643 0.017515 0.002353 0.997148 0.073379
1693922524.099978 -109.244545 62.416857 -11.887392 0.015474 0.000564 0.996681 0.079918
1693922524.200218 -109.188182 62.600025 -11.888991 0.013930 -0.000510 0.996022 0.088006
1693922524.400298 -109.100083 62.903732 -11.885905 0.014815 0.000144 0.994633 0.102402
1693922524.499930 -109.039125 63.066348 -11.886190 0.018623 0.001503 0.993638 0.111062
1693922524.600061 -108.965845 63.248785 -11.888630 0.017892 0.000966 0.991742 0.126989
1693922524.800175 -108.852692 63.539973 -11.892093 0.017569 0.000178 0.988910 0.147472
1693922524.900063 -108.788280 63.694823 -11.893310 0.017679 0.000100 0.986779 0.161105
1693922525.000171 -108.715706 63.852967 -11.897820 0.018669 0.000269 0.984623 0.173692
1693922525.099849 -108.641175 64.011288 -11.900976 0.017298 -0.001577 0.982413 0.185913
1693922525.200074 -108.539120 64.189335 -11.902360 0.017352 -0.000751 0.979321 0.201567
1693922525.400146 -108.391408 64.449337 -11.905137 0.016795 -0.002802 0.975340 0.220050
1693922525.500311 -108.306177 64.592005 -11.906290 0.016505 -0.004831 0.972715 0.231364
1693922525.599991 -108.211100 64.734865 -11.905444 0.015565 -0.004723 0.969659 0.243922
1693922525.700249 -108.090396 64.890920 -11.910196 0.018612 -0.005255 0.966138 0.257301
1693922525.899960 -107.906987 65.151610 -11.909097 0.016273 -0.006799 0.958999 0.282860
1693922525.999992 -107.769990 65.315260 -11.910456 0.015032 -0.006399 0.954435 0.297973
1693922526.300183 -107.456321 65.664866 -11.913225 0.016193 -0.000469 0.944135 0.329160
1693922526.399578 -107.337905 65.789029 -11.914336 0.018234 -0.003424 0.939917 0.340897
1693922526.500058 -107.202898 65.919467 -11.920356 0.020573 0.004251 0.936073 0.351179
1693922526.599602 -107.078465 66.033128 -11.927567 0.022337 -0.001508 0.933769 0.357175
1693922526.700001 -106.954859 66.139226 -11.931041 0.016649 -0.003638 0.929688 0.367952
1693922526.799997 -106.819456 66.237264 -11.930012 0.020409 -0.009603 0.927748 0.372524
1693922526.900203 -106.682281 66.346176 -11.928631 0.020912 -0.006030 0.923736 0.382411
1693922527.000251 -106.554229 66.451763 -11.924186 0.017268 -0.005837 0.920673 0.389908
1693922527.099553 -106.396321 66.567839 -11.935138 0.017527 -0.010172 0.914077 0.405035
1693922527.300151 -106.149119 66.739804 -11.936765 0.021356 -0.013550 0.906426 0.421607
1693922527.400248 -106.004262 66.836694 -11.928236 0.018019 -0.008950 0.906495 0.421738
1693922527.500046 -105.832103 66.940837 -11.941167 0.021554 -0.012108 0.899484 0.436254
1693922528.100373 -104.959376 67.429983 -11.939979 0.021169 -0.008308 0.877474 0.479084
1693922528.300085 -104.633861 67.583398 -11.947120 0.020147 -0.009053 0.871449 0.489989
1693922528.500122 -104.367545 67.703815 -11.952834 0.019876 -0.009127 0.866409 0.498856
1693922528.600127 -104.214673 67.768835 -11.947826 0.018909 -0.005155 0.862158 0.506260
1693922528.700138 -104.057332 67.825531 -11.942944 0.019588 -0.008242 0.861138 0.507926
1693922528.799574 -103.907634 67.893195 -11.951523 0.019694 -0.005400 0.856320 0.516042
1693922528.900486 -103.749612 67.950600 -11.951905 0.017815 -0.006207 0.853564 0.520647
1693922529.000388 -103.596319 68.004248 -11.955912 0.019066 -0.005837 0.851237 0.524403
1693922529.100148 -103.441518 68.057640 -11.962618 0.021572 -0.005443 0.848743 0.528337
1693922529.199584 -103.283152 68.110359 -11.969642 0.020605 -0.004287 0.845820 0.533053
1693922529.299988 -103.122989 68.157823 -11.971542 0.020767 -0.006046 0.843475 0.536732
1693922529.399688 -102.965591 68.204092 -11.976413 0.023184 -0.006724 0.841714 0.539384
1693922529.500072 -102.796975 68.252658 -11.980319 0.025150 -0.006293 0.839815 0.542254
1693922529.600107 -102.628070 68.302641 -11.980332 0.027553 -0.003455 0.837699 0.545426
1693922529.700274 -102.444083 68.361953 -11.985417 0.026631 -0.005740 0.835810 0.548343
1693922529.900131 -102.156255 68.421864 -11.999491 0.027359 -0.008986 0.834302 0.550556
1693922529.999711 -102.005782 68.463129 -12.000798 0.026376 -0.010022 0.833013 0.552533
1693922530.099872 -101.855074 68.503002 -12.003297 0.028175 -0.008543 0.831666 0.554496
1693922530.199922 -101.707552 68.547768 -12.009795 0.027780 -0.004227 0.829023 0.558508
1693922530.300469 -101.553823 68.606151 -11.999960 0.024335 -0.006968 0.825806 0.563386
1693922530.600305 -101.281314 68.653679 -11.992453 0.024514 -0.009680 0.824444 0.565330
1693922530.700127 -101.200977 68.675023 -11.997904 0.025504 -0.010359 0.824539 0.565135
1693922530.800118 -101.127948 68.692140 -11.997965 0.022388 -0.009485 0.823067 0.567424
1693922530.899585 -101.036411 68.723129 -11.993507 0.022249 -0.007703 0.819197 0.573029
1693922531.199855 -100.950277 68.740139 -11.987968 0.024693 -0.006685 0.817566 0.575266
1693922531.300392 -100.938094 68.739746 -11.990065 0.024837 -0.008503 0.818041 0.574561
1693922531.400145 -100.934936 68.738050 -11.989894 0.025195 -0.007948 0.817755 0.574960
1693922531.500201 -100.944433 68.735733 -11.993403 0.022456 -0.011010 0.818353 0.574172
1693922531.699990 -100.974139 68.731484 -12.003190 0.013770 -0.019059 0.818907 0.573445
1693922531.800514 -100.981983 68.729647 -12.001512 0.015660 -0.018627 0.819363 0.572758
1693922532.000281 -100.983022 68.730431 -12.000597 0.016505 -0.017624 0.819385 0.572735
1693922532.200417 -100.980070 68.730705 -11.999446 0.016600 -0.016834 0.819340 0.572820
1693922532.400517 -100.983766 68.730756 -11.998761 0.016252 -0.017011 0.819365 0.572789
1693922532.500271 -100.982939 68.730771 -11.999707 0.016384 -0.017113 0.819388 0.572750
1693922532.599775 -100.985760 68.729935 -12.000171 0.016173 -0.017132 0.819417 0.572713
1693922532.700429 -100.984047 68.730069 -12.000688 0.016260 -0.017087 0.819493 0.572603
1693922532.800520 -100.983435 68.729972 -11.999811 0.016274 -0.017137 0.819439 0.572679
1693922532.900113 -100.982330 68.729077 -12.000730 0.017044 -0.017301 0.819380 0.572736
1693922533.100173 -100.975746 68.728930 -12.004435 0.017220 -0.017236 0.819414 0.572684
1693922533.200233 -100.970043 68.729089 -12.005185 0.017163 -0.017699 0.819392 0.572703
1693922533.299547 -100.961911 68.729247 -12.011190 0.017167 -0.017802 0.819465 0.572596
1693922533.399649 -100.949814 68.730135 -12.016743 0.016762 -0.018139 0.819333 0.572785
1693922533.499912 -100.962181 68.729075 -12.012263 0.017287 -0.017927 0.819429 0.572639
1693922533.600298 -100.970531 68.728522 -12.006228 0.017434 -0.017986 0.819338 0.572763
1693922533.800442 -100.979416 68.728219 -12.002884 0.016764 -0.017562 0.819531 0.572521
1693922533.900232 -100.980771 68.729651 -12.001471 0.017961 -0.016398 0.819347 0.572782
1693922533.999610 -100.980413 68.730188 -11.996634 0.017083 -0.017469 0.819359 0.572760
1693922534.100392 -100.982390 68.729217 -11.994028 0.016091 -0.018521 0.819507 0.572543
1693922534.199633 -100.982223 68.729850 -11.994824 0.016573 -0.018708 0.819542 0.572473
1693922534.300291 -100.978356 68.730882 -11.993022 0.017296 -0.017426 0.819287 0.572858
1693922534.500408 -100.982350 68.733675 -11.995950 0.016514 -0.016343 0.819319 0.572867
1693922534.600525 -100.987193 68.737740 -11.996972 0.014023 -0.015226 0.819193 0.573144
1693922534.700426 -100.990592 68.739236 -11.999746 0.014215 -0.015748 0.819434 0.572781
1693922535.000461 -100.992690 68.736228 -12.001229 0.014603 -0.021295 0.819601 0.572353
1693922535.200526 -100.990102 68.735547 -12.003855 0.016751 -0.018416 0.819507 0.572529
1693922535.500259 -100.997150 68.734650 -12.007311 0.016540 -0.019988 0.819401 0.572634
1693922535.600245 -100.991033 68.731173 -12.008143 0.017016 -0.020213 0.819349 0.572686
1693922535.699555 -100.978621 68.728024 -12.008161 0.015932 -0.021895 0.819993 0.571732
1693922535.799727 -100.966110 68.725717 -12.009643 0.016345 -0.024952 0.820512 0.570850
1693922535.900499 -100.953281 68.716010 -12.011162 0.019799 -0.026235 0.822035 0.568488
1693922536.000378 -100.939131 68.707253 -12.011974 0.020978 -0.022567 0.823912 0.565880
1693922536.100941 -100.924157 68.696136 -12.012144 0.021844 -0.026122 0.826469 0.561951
1693922536.200406 -100.914825 68.690589 -12.013886 0.015190 -0.023683 0.827998 0.560025
1693922536.300344 -100.910898 68.683745 -12.017500 0.012835 -0.024195 0.828864 0.558780
1693922536.400375 -100.903264 68.674364 -12.020029 0.016088 -0.025901 0.828916 0.558541
1693922536.500224 -100.893570 68.664073 -12.021755 0.019155 -0.023512 0.829467 0.557732
1693922536.599714 -100.885040 68.654082 -12.023358 0.020260 -0.018885 0.829151 0.558338
1693922536.700006 -100.873817 68.646148 -12.024247 0.020307 -0.016503 0.829197 0.558343
1693922536.900371 -100.850949 68.623062 -12.025407 0.027700 -0.014696 0.829140 0.558161
1693922537.100418 -100.828391 68.602794 -12.026937 0.024489 -0.016407 0.829194 0.558184
1693922537.400313 -100.799613 68.575690 -12.028854 0.021362 -0.018846 0.828693 0.558978
1693922537.600315 -100.774897 68.556329 -12.029714 0.020003 -0.020675 0.827782 0.560313
1693922537.799801 -100.737460 68.539547 -12.030325 0.019285 -0.023659 0.826228 0.562509
1693922537.900284 -100.709487 68.533898 -12.029881 0.018769 -0.024347 0.824339 0.565261
1693922538.000437 -100.673221 68.529693 -12.028869 0.018924 -0.024274 0.821994 0.568664
1693922538.200348 -100.573543 68.529389 -12.023853 0.019138 -0.026325 0.815498 0.577844
1693922538.300397 -100.512390 68.533396 -12.020648 0.016983 -0.026490 0.811742 0.583169
1693922538.400425 -100.437909 68.534338 -12.015932 0.017643 -0.025206 0.809285 0.586610
1693922538.500489 -100.355119 68.536495 -12.010705 0.018257 -0.027245 0.806104 0.590864
1693922538.600022 -100.262322 68.541587 -12.004694 0.019453 -0.026918 0.801393 0.597215
1693922538.700413 -100.159832 68.548130 -11.999471 0.018464 -0.026359 0.794427 0.606507
1693922538.799687 -100.048919 68.547339 -11.995369 0.020640 -0.027223 0.789128 0.613277
1693922538.900452 -99.929063 68.542814 -11.992008 0.022513 -0.031077 0.782760 0.621140
1693922539.000401 -99.799789 68.544387 -11.987682 0.023004 -0.033251 0.773760 0.632187
1693922539.100358 -99.664602 68.539632 -11.984395 0.023248 -0.035760 0.768910 0.637932
1693922539.400484 -99.219749 68.539326 -11.972011 0.016850 -0.035784 0.755748 0.653667
1693922539.600406 -98.907604 68.522545 -11.965377 0.006597 -0.037908 0.753196 0.656670
1693922539.700047 -98.743363 68.509103 -11.958226 0.006897 -0.043676 0.754712 0.654564
1693922539.800025 -98.571626 68.510061 -11.948445 0.000339 -0.039424 0.749864 0.660416
1693922539.900517 -98.389428 68.501594 -11.938216 0.003424 -0.036282 0.750413 0.659964
1693922540.000512 -98.199305 68.503174 -11.926986 0.004514 -0.031047 0.749820 0.660898
1693922540.100137 -98.004879 68.503236 -11.915116 0.008819 -0.018830 0.752728 0.658004
1693922540.300374 -97.624582 68.494979 -11.901586 0.008723 -0.007889 0.765224 0.643657
1693922540.400504 -97.440492 68.489475 -11.896829 0.007600 -0.006511 0.774126 0.632952
1693922540.500091 -97.262612 68.487301 -11.893951 0.007751 -0.007155 0.781046 0.624384
1693922540.899916 -96.562304 68.516268 -11.885609 0.003555 -0.003609 0.801315 0.598221
1693922541.300494 -95.858674 68.587875 -11.875616 0.011701 -0.000992 0.836024 0.548568
1693922541.399883 -95.690687 68.623796 -11.874812 0.010334 0.001205 0.836977 0.547138
1693922541.500083 -95.523337 68.657118 -11.874404 0.011601 0.000059 0.840099 0.542309
1693922541.600109 -95.357175 68.693336 -11.874985 0.010164 -0.000684 0.842228 0.539025
1693922541.999750 -94.689978 68.850259 -11.877928 0.011172 -0.002053 0.861884 0.506978
1693922542.200011 -94.355070 68.956845 -11.889595 0.013432 -0.000291 0.867268 0.497660
1693922542.400172 -94.027894 69.073340 -11.905543 0.009356 0.002714 0.868994 0.494727
1693922542.599988 -93.702098 69.186939 -11.920751 0.007741 0.000774 0.871534 0.490274
1693922542.800108 -93.375638 69.305686 -11.933697 0.009207 0.003422 0.873686 0.486392
1693922543.399646 -92.414660 69.670825 -11.973547 0.006685 0.001767 0.878408 0.477862
1693922543.500566 -92.253118 69.733225 -11.978360 0.007403 0.000848 0.878812 0.477109
1693922543.600259 -92.093376 69.795789 -11.982782 0.007884 0.003647 0.879382 0.476038
1693922543.700502 -91.935101 69.859879 -11.988286 0.006165 0.003284 0.879133 0.476524
1693922543.800330 -91.775417 69.918854 -11.993140 0.008255 0.003189 0.879591 0.475649
1693922544.200533 -91.141586 70.153091 -12.011629 0.011024 -0.004578 0.877814 0.478854
1693922544.300593 -90.982420 70.215388 -12.013928 0.012192 -0.004065 0.877472 0.479455
1693922544.399818 -90.826993 70.274122 -12.017653 0.012393 -0.004447 0.877162 0.480015
1693922544.500258 -90.667098 70.332868 -12.020856 0.016687 -0.005865 0.876726 0.480665
1693922544.600655 -90.509504 70.394376 -12.024257 0.014700 -0.006653 0.875799 0.482406
1693922544.700945 -90.353106 70.456263 -12.028098 0.012955 -0.006971 0.874751 0.484349
1693922544.900231 -90.040931 70.577886 -12.036640 0.013759 -0.006912 0.870472 0.491977
1693922545.900661 -88.456741 71.120111 -12.085801 0.011731 -0.002083 0.859089 0.511687
1693922546.100086 -88.144337 71.212398 -12.092390 0.012605 -0.004892 0.855419 0.517760
1693922546.300430 -87.832030 71.305355 -12.096931 0.010423 -0.004765 0.851910 0.523563
1693922546.400376 -87.675410 71.350450 -12.098568 0.011582 -0.004485 0.850167 0.526366
1693922546.500296 -87.520118 71.394895 -12.100415 0.011108 -0.004481 0.848127 0.529658
1693922546.600361 -87.363679 71.436735 -12.102065 0.011142 -0.004315 0.847137 0.531239
1693922546.700495 -87.208025 71.478473 -12.104045 0.009788 -0.005756 0.846272 0.532630
1693922547.500609 -85.970191 71.816703 -12.112972 0.009243 -0.000849 0.837796 0.545904
1693922547.600234 -85.816686 71.857171 -12.113447 0.008804 0.000172 0.832612 0.553786
1693922547.700657 -85.662323 71.894893 -12.114318 0.008534 -0.001467 0.827446 0.561479
1693922547.800173 -85.507394 71.927844 -12.114538 0.008870 -0.000642 0.824079 0.566406
1693922547.899914 -85.353501 71.956405 -12.115370 0.008095 -0.001721 0.822388 0.568867
1693922548.200945 -84.881762 72.035401 -12.116126 0.012854 -0.005718 0.820766 0.571092
1693922548.300657 -84.727264 72.064005 -12.116956 0.012228 -0.005579 0.820082 0.572088
1693922548.400748 -84.572628 72.093532 -12.117457 0.012092 -0.006382 0.819050 0.573560
1693922548.499957 -84.419995 72.121059 -12.118774 0.010780 -0.004966 0.818442 0.574467
1693922548.600912 -84.263327 72.147218 -12.118794 0.012162 -0.006370 0.818579 0.574230
1693922548.700438 -84.109394 72.173433 -12.119230 0.011840 -0.007406 0.818190 0.574778
1693922548.900371 -83.799224 72.229473 -12.120593 0.012682 -0.006684 0.817991 0.575053
1693922549.000386 -83.643303 72.258754 -12.121604 0.013130 -0.005677 0.815641 0.578382
1693922549.300640 -83.174248 72.340851 -12.124898 0.013252 -0.005787 0.810276 0.585871
1693922549.500640 -82.853969 72.390511 -12.129249 0.013583 -0.007104 0.808002 0.588980
1693922549.700194 -82.535962 72.438312 -12.133239 0.012802 -0.008248 0.806368 0.591218
1693922549.800528 -82.373839 72.464718 -12.132644 0.014455 -0.006563 0.804724 0.593436
1693922549.900454 -82.216451 72.492829 -12.132344 0.013052 -0.006342 0.803073 0.595704
1693922550.000800 -82.055863 72.519168 -12.131161 0.012641 -0.005448 0.801332 0.598061
1693922550.100678 -81.897717 72.544008 -12.131069 0.013221 -0.005551 0.799410 0.600615
1693922550.200353 -81.739681 72.566521 -12.130471 0.012889 -0.006829 0.798945 0.601227
1693922550.300676 -81.579891 72.590226 -12.128707 0.012380 -0.006451 0.796895 0.603957
1693922551.300006 -79.995621 72.802521 -12.121768 0.009669 -0.004873 0.776057 0.630570
1693922551.399556 -79.837969 72.816087 -12.120820 0.011681 -0.006700 0.777044 0.629302
1693922551.700364 -79.363092 72.859825 -12.117384 0.011778 -0.008532 0.774891 0.631928
1693922551.800732 -79.204256 72.876149 -12.116119 0.010760 -0.006613 0.772666 0.634687
1693922552.000580 -78.888538 72.908434 -12.116718 0.009274 -0.003819 0.766099 0.642644
1693922552.100686 -78.731458 72.916817 -12.117055 0.009107 -0.005632 0.764904 0.644055
1693922552.300699 -78.414917 72.933305 -12.117179 0.010316 -0.008799 0.762292 0.647092
1693922552.400642 -78.259195 72.942442 -12.118458 0.008825 -0.008419 0.762094 0.647352
1693922552.600487 -77.939976 72.956513 -12.120650 0.010698 -0.009820 0.760266 0.649450
1693922552.700748 -77.778826 72.963879 -12.121464 0.012079 -0.008194 0.758980 0.650950
1693922552.800044 -77.620649 72.971721 -12.122571 0.013348 -0.010141 0.758500 0.651457
1693922553.000174 -77.304101 72.988520 -12.128169 0.009198 -0.008474 0.757111 0.653166
1693922553.300625 -76.820799 73.007630 -12.136600 0.013240 -0.006431 0.753514 0.657267
1693922553.900731 -75.866795 73.034296 -12.160791 0.012813 -0.008729 0.749826 0.661453
1693922554.200676 -75.391075 73.048332 -12.172299 0.009529 -0.010360 0.748673 0.662790
1693922554.800765 -74.437320 73.081422 -12.182691 0.011863 -0.011099 0.746153 0.665577
1693922554.900492 -74.278235 73.087095 -12.184797 0.011405 -0.009399 0.745144 0.666740
1693922555.000828 -74.116958 73.091977 -12.185852 0.012749 -0.009389 0.744972 0.666908
1693922555.400787 -73.477818 73.112244 -12.193382 0.011082 -0.009747 0.741857 0.670396
1693922555.700689 -73.001530 73.124917 -12.197699 0.011259 -0.009316 0.742191 0.670029
1693922556.000809 -72.527007 73.141033 -12.199177 0.012133 -0.008413 0.741167 0.671158
1693922556.300687 -72.053423 73.150123 -12.197979 0.011775 -0.010817 0.741024 0.671288
1693922556.400694 -71.894423 73.153903 -12.197238 0.012687 -0.009809 0.740771 0.671566
1693922556.599635 -71.579410 73.164413 -12.195742 0.011649 -0.009135 0.740211 0.672212
1693922556.700730 -71.419902 73.168262 -12.194672 0.011751 -0.007573 0.740664 0.671731
1693922556.799575 -71.264630 73.172797 -12.193254 0.009916 -0.010412 0.740323 0.672097
1693922556.900786 -71.106623 73.178480 -12.192452 0.009309 -0.009527 0.740185 0.672272
1693922557.000766 -70.947620 73.182026 -12.191802 0.008094 -0.010199 0.740791 0.671610
1693922557.199599 -70.626733 73.185046 -12.190620 0.010293 -0.008400 0.741367 0.670968
1693922557.300701 -70.459844 73.188376 -12.192192 0.008974 -0.007763 0.740194 0.672289
1693922557.400712 -70.300181 73.190563 -12.192024 0.010901 -0.005781 0.740888 0.671516
1693922557.500845 -70.141615 73.192778 -12.191796 0.011989 -0.005514 0.741057 0.671313
1693922557.600787 -69.982887 73.197487 -12.192724 0.010828 -0.010005 0.741872 0.670379
1693922557.800867 -69.664406 73.206777 -12.191344 0.009357 -0.009867 0.742697 0.669490
1693922557.901579 -69.503163 73.215802 -12.191080 0.007061 -0.007085 0.740063 0.672463
1693922558.100783 -69.182087 73.220627 -12.189402 0.008639 -0.003672 0.742290 0.670013
1693922558.200746 -69.020898 73.217330 -12.188033 0.009758 -0.006807 0.744637 0.667364
1693922558.400819 -68.697097 73.227261 -12.187132 0.011160 -0.006540 0.742792 0.669397
1693922558.700825 -68.213798 73.238123 -12.185809 0.011306 -0.004877 0.746373 0.665414
1693922558.800761 -68.052967 73.241816 -12.185191 0.008155 -0.005652 0.745189 0.666779
1693922558.900721 -67.891337 73.241054 -12.183787 0.009960 -0.006823 0.746121 0.665700
1693922558.999825 -67.733030 73.244530 -12.184533 0.009278 -0.010529 0.746441 0.665303
1693922559.100778 -67.567501 73.249480 -12.183529 0.011449 -0.005935 0.745719 0.666135
1693922559.200722 -67.405409 73.253145 -12.182244 0.012265 -0.007856 0.746813 0.664874
1693922559.400906 -67.081185 73.258048 -12.183690 0.010841 -0.005182 0.747179 0.664514
1693922559.500804 -66.919287 73.260063 -12.183358 0.008459 -0.005502 0.746431 0.665387
1693922559.600893 -66.757726 73.256562 -12.183517 0.009067 -0.006476 0.747613 0.664042
1693922559.699885 -66.599885 73.255224 -12.184253 0.010132 -0.012365 0.748634 0.662790
1693922559.800940 -66.434528 73.258761 -12.182964 0.010643 -0.010263 0.746445 0.665283
1693922560.000818 -66.112200 73.270360 -12.180840 0.011215 -0.003621 0.745152 0.666791
1693922560.100706 -65.958440 73.269876 -12.180192 0.013607 -0.001771 0.746862 0.664838
1693922560.199757 -65.813075 73.267928 -12.179346 0.012898 -0.002029 0.747893 0.663690
1693922560.300806 -65.672002 73.264389 -12.175260 0.017480 -0.001377 0.748572 0.662822
1693922560.400785 -65.545592 73.261255 -12.173393 0.021450 -0.002306 0.749913 0.661184
1693922560.499818 -65.433951 73.264169 -12.173636 0.020251 -0.001158 0.750788 0.660232
1693922560.600887 -65.328798 73.268781 -12.172223 0.019570 0.000833 0.750328 0.660776
1693922560.700861 -65.237837 73.271142 -12.171853 0.021133 0.002250 0.750836 0.660146
1693922560.801076 -65.159579 73.272258 -12.170089 0.022817 0.003466 0.752116 0.658627
1693922560.900792 -65.094822 73.274856 -12.169011 0.018881 0.002755 0.751720 0.659206
1693922561.000756 -65.040828 73.272429 -12.167770 0.021914 0.003645 0.753782 0.656748
1693922561.099789 -64.999321 73.271348 -12.166746 0.020079 0.001694 0.754306 0.656214
1693922561.200835 -64.968343 73.269417 -12.165398 0.021178 0.001793 0.755233 0.655112
1693922561.300795 -64.948273 73.266369 -12.162446 0.023914 0.001806 0.756594 0.653445
1693922561.400915 -64.942026 73.266704 -12.159269 0.022111 0.000809 0.756076 0.654110
1693922561.500854 -64.946707 73.265466 -12.155710 0.023930 0.000322 0.756220 0.653880
1693922561.600777 -64.966851 73.263604 -12.155805 0.015225 -0.008579 0.757304 0.652828
1693922561.699919 -64.989556 73.261461 -12.155022 0.007509 -0.018234 0.757292 0.652778
1693922561.800899 -64.998726 73.258498 -12.149310 0.008806 -0.016384 0.757115 0.653017
1693922561.900809 -65.004322 73.255588 -12.142456 0.007579 -0.013694 0.756594 0.653698
1693922562.001040 -65.005988 73.251752 -12.134418 0.007681 -0.011057 0.757128 0.653127
1693922562.300052 -65.011337 73.247514 -12.115587 0.008300 -0.008692 0.757563 0.652652
1693922562.500509 -65.011092 73.247773 -12.114501 0.008537 -0.007057 0.757629 0.652592
1693922562.600095 -65.010628 73.248004 -12.114174 0.007989 -0.005854 0.757556 0.652695
1693922562.700867 -65.010505 73.248138 -12.115825 0.008020 -0.005327 0.757593 0.652657
1693922562.800803 -65.008730 73.249119 -12.118943 0.007921 -0.005585 0.757717 0.652511
1693922562.900948 -65.007489 73.248673 -12.121361 0.007425 -0.005521 0.757748 0.652482
1693922563.000954 -65.008030 73.248520 -12.122238 0.007265 -0.005361 0.757712 0.652526
1693922563.100789 -65.005090 73.249277 -12.121100 0.007017 -0.005574 0.757698 0.652544
1693922563.200008 -65.004721 73.249517 -12.120961 0.006427 -0.005930 0.757712 0.652530
1693922563.300967 -65.005634 73.249664 -12.116083 0.007285 -0.005320 0.757662 0.652584
1693922563.400832 -65.005415 73.249259 -12.114376 0.006898 -0.005574 0.757818 0.652406
1693922563.500953 -65.005721 73.249316 -12.113054 0.006553 -0.005775 0.757780 0.652452
1693922563.600925 -65.009657 73.249046 -12.113286 0.006958 -0.006022 0.757740 0.652492
1693922563.700788 -65.009070 73.248977 -12.112814 0.007517 -0.006088 0.757781 0.652437
1693922563.800956 -65.010497 73.248757 -12.112503 0.007886 -0.006274 0.757682 0.652546
1693922563.900012 -65.013142 73.247805 -12.115481 0.007610 -0.006410 0.757818 0.652390
1693922564.000941 -65.015571 73.248079 -12.118567 0.005952 -0.007006 0.757829 0.652389
1693922564.200924 -65.019447 73.249966 -12.114323 0.006681 -0.006343 0.757908 0.652297
1693922564.300852 -65.016971 73.249460 -12.117770 0.007152 -0.005816 0.757960 0.652236
1693922564.501044 -65.020080 73.249613 -12.119339 0.006794 -0.005745 0.758137 0.652035
1693922564.600949 -65.015606 73.249583 -12.120419 0.005678 -0.006699 0.758464 0.651656
1693922564.700979 -65.011498 73.249308 -12.120255 0.004979 -0.007518 0.758648 0.651439
1693922564.801412 -65.003182 73.248651 -12.119897 0.004992 -0.008211 0.759322 0.650644
1693922565.000452 -64.977988 73.247952 -12.118812 0.004370 -0.008918 0.760600 0.649144
1693922565.100923 -64.954901 73.248177 -12.120653 0.004578 -0.009137 0.762052 0.647435
1693922565.200926 -64.920395 73.249078 -12.123075 0.004647 -0.008765 0.763247 0.646030
1693922565.301032 -64.877735 73.250238 -12.119270 0.003874 -0.009893 0.764860 0.644108
1693922565.400040 -64.826648 73.249737 -12.120818 0.004119 -0.010059 0.766654 0.641969
1693922565.500880 -64.762335 73.253909 -12.121518 0.003354 -0.009262 0.766717 0.641909
1693922565.600006 -64.689220 73.254372 -12.119137 0.003565 -0.010434 0.768925 0.639244
1693922565.700417 -64.606973 73.256493 -12.119669 0.004536 -0.009833 0.770043 0.637900
1693922565.800957 -64.513082 73.260967 -12.119618 0.005128 -0.010116 0.771151 0.636552
1693922565.901087 -64.408938 73.269009 -12.118588 0.004662 -0.009610 0.771507 0.636131
1693922566.001058 -64.298235 73.275049 -12.123899 0.004537 -0.008472 0.771973 0.635582
1693922566.100919 -64.176120 73.281802 -12.126231 0.004091 -0.009269 0.773685 0.633489
1693922566.200063 -64.050465 73.293505 -12.123871 0.003174 -0.007986 0.772524 0.634928
1693922566.300069 -63.913445 73.296415 -12.127051 0.003067 -0.008552 0.774288 0.632768
1693922566.399601 -63.766577 73.308893 -12.123198 0.004378 -0.009194 0.775093 0.631765
1693922566.501106 -63.616268 73.320056 -12.124864 0.001797 -0.007917 0.773708 0.633490
1693922566.601019 -63.459529 73.324096 -12.132653 0.005963 -0.007540 0.776770 0.629711
1693922566.700934 -63.293937 73.343808 -12.128352 0.004783 -0.010255 0.775220 0.631590
1693922566.800179 -63.128734 73.358218 -12.137344 0.004048 -0.005137 0.772715 0.634719
1693922567.100382 -62.611055 73.392640 -12.131498 0.003480 -0.005449 0.765626 0.643253
1693922567.201106 -62.438520 73.396314 -12.135637 0.003192 -0.004815 0.764168 0.644992
1693922567.301010 -62.265788 73.405269 -12.132423 0.006733 -0.006333 0.761744 0.647813
1693922567.400522 -62.098635 73.412814 -12.133727 0.003228 -0.005187 0.757587 0.652705
1693922567.501205 -61.930580 73.421967 -12.130886 0.003270 -0.004489 0.753455 0.657476
1693922567.601015 -61.767122 73.422109 -12.137658 0.000731 -0.003301 0.750979 0.660317
1693922567.700116 -61.605060 73.419557 -12.131973 0.003409 -0.004988 0.750269 0.661105
1693922567.800261 -61.438864 73.417969 -12.130878 0.002600 -0.004054 0.746549 0.665313
1693922567.901028 -61.270884 73.415789 -12.127355 0.003378 -0.006043 0.744913 0.667126
1693922567.999659 -61.104606 73.413252 -12.124232 0.002189 -0.004856 0.740013 0.672572
1693922568.101068 -60.932812 73.412639 -12.127669 0.001966 -0.004548 0.735860 0.677116
1693922568.201061 -60.755140 73.408437 -12.118354 0.002105 -0.004517 0.730790 0.682584
1693922568.300033 -60.573721 73.399661 -12.122712 0.001229 -0.004642 0.726657 0.686983
1693922568.401098 -60.381981 73.385333 -12.118122 0.002553 -0.006509 0.723670 0.690111
1693922568.500271 -60.162733 73.352544 -12.111112 0.002491 -0.006815 0.715996 0.698067
1693922568.900104 -59.580844 73.306893 -12.119618 0.001326 -0.005446 0.706638 0.707553
1693922569.000006 -59.429576 73.287288 -12.127699 -0.000109 -0.004910 0.703621 0.710558
1693922569.101225 -59.270775 73.264267 -12.140328 0.000914 -0.007005 0.702869 0.711284
1693922569.201158 -59.109234 73.238771 -12.177403 0.001056 -0.006811 0.701165 0.712966
1693922569.301067 -58.942269 73.209950 -12.145840 0.003238 -0.008202 0.698881 0.715183
1693922569.400114 -58.775444 73.187490 -12.127137 0.003130 -0.006958 0.696495 0.717521
1693922569.500246 -58.607165 73.163080 -12.112456 0.000064 -0.008945 0.694435 0.719500
1693922569.600173 -58.435395 73.134701 -12.103301 0.003630 -0.008642 0.693763 0.720142
1693922569.699991 -58.267541 73.107740 -12.101250 0.001682 -0.007915 0.693676 0.720242
1693922569.800141 -58.093567 73.067663 -12.091050 0.001531 -0.007780 0.692608 0.721270
1693922570.001080 -57.810523 73.022213 -12.095493 0.002373 -0.008730 0.694360 0.719571
1693922570.100180 -57.649397 72.993281 -12.083837 0.003186 -0.009932 0.692191 0.721639
1693922570.200183 -57.482788 72.957847 -12.087772 0.004611 -0.010050 0.694942 0.718980
1693922570.300010 -57.310813 72.928438 -12.096580 0.004187 -0.009755 0.693398 0.720476
1693922570.400307 -57.121079 72.884597 -12.093072 0.004268 -0.009539 0.692761 0.721092
1693922570.600179 -56.819881 72.843032 -12.094340 0.003576 -0.009594 0.690993 0.722789
1693922570.700075 -56.656086 72.811799 -12.095070 0.004361 -0.010871 0.691430 0.722349
1693922570.801160 -56.489243 72.781517 -12.098594 0.003435 -0.009493 0.690799 0.722976
1693922570.900139 -56.324705 72.754816 -12.095716 0.003529 -0.008480 0.689541 0.724188
1693922571.199581 -55.820121 72.663796 -12.098721 0.003425 -0.008061 0.690704 0.723084
1693922571.300227 -55.652216 72.632634 -12.089363 0.002752 -0.008384 0.691102 0.722703
1693922571.401255 -55.483719 72.603654 -12.094004 0.002878 -0.007864 0.691024 0.722783
1693922571.500265 -55.317590 72.575123 -12.093371 0.002581 -0.007909 0.690725 0.723070
1693922571.600142 -55.150167 72.542837 -12.094180 0.003550 -0.008115 0.690759 0.723031
1693922571.700029 -54.980002 72.512660 -12.096302 0.003247 -0.008655 0.690517 0.723258
1693922571.801095 -54.807449 72.482076 -12.093141 0.004853 -0.007188 0.689154 0.724563
1693922571.900176 -54.640973 72.451403 -12.095608 0.001866 -0.008255 0.688908 0.724799
1693922572.000092 -54.475253 72.422990 -12.095142 0.002479 -0.006843 0.686567 0.727030
1693922572.100110 -54.309766 72.391177 -12.098647 0.000142 -0.008776 0.685750 0.727784
1693922572.200240 -54.139261 72.351848 -12.101831 0.004425 -0.009023 0.686701 0.726871
1693922572.301190 -53.966887 72.321356 -12.099202 0.004430 -0.007671 0.684963 0.728524
1693922572.401200 -53.795189 72.285059 -12.095881 0.008744 -0.007069 0.680560 0.732606
1693922572.500258 -53.635434 72.246066 -12.090270 0.004427 -0.010891 0.686670 0.726874
1693922572.600234 -53.470953 72.214630 -12.092885 0.005764 -0.008727 0.687191 0.726401
1693922572.700392 -53.308144 72.180480 -12.087289 0.002119 -0.014680 0.688213 0.725357
1693922572.800231 -53.136593 72.143742 -12.089289 0.007739 -0.011331 0.689484 0.724171
1693922572.899987 -52.937471 72.099679 -12.088882 0.006774 -0.011653 0.686394 0.727105
1693922573.100149 -52.629005 72.044056 -12.093117 0.009543 -0.012722 0.684317 0.729011
1693922573.200105 -52.462471 72.009840 -12.091074 0.010020 -0.012665 0.682135 0.731047
1693922573.500139 -51.952780 71.891328 -12.079758 0.013537 -0.015532 0.675161 0.737383
1693922573.600011 -51.734499 71.825085 -12.089249 0.016118 -0.018200 0.675639 0.736832
1693922573.901170 -51.300614 71.727602 -12.086398 0.015483 -0.019844 0.668569 0.743224
1693922573.999955 -51.142323 71.684979 -12.092093 0.017972 -0.019107 0.669327 0.742505
1693922574.100157 -50.979987 71.645581 -12.098170 0.016924 -0.019373 0.665041 0.746364
1693922574.200084 -50.815385 71.596121 -12.101240 0.018431 -0.020970 0.664131 0.747095
1693922574.300212 -50.654158 71.548008 -12.114115 0.019233 -0.023989 0.662422 0.748499
1693922574.400195 -50.492237 71.501929 -12.099603 0.021423 -0.022052 0.659899 0.750725
1693922574.500204 -50.318619 71.426495 -12.096914 0.023503 -0.024595 0.663169 0.747696
1693922574.700196 -49.998458 71.353350 -12.098078 0.020666 -0.026100 0.667110 0.744215
1693922574.800158 -49.829172 71.308442 -12.117785 0.019354 -0.023132 0.672121 0.739826
1693922574.899798 -49.633855 71.249576 -12.102989 0.022116 -0.023608 0.681403 0.731193
1693922575.100251 -49.242089 71.155905 -12.108682 0.022163 -0.025424 0.691030 0.722039
1693922575.500283 -48.682756 71.060021 -12.118611 0.023343 -0.027577 0.695130 0.717976
1693922575.599581 -48.526765 71.024123 -12.116130 0.021910 -0.028338 0.696286 0.716870
1693922575.799843 -48.210475 70.973596 -12.121249 0.023762 -0.027527 0.703375 0.709889
1693922575.900381 -48.038914 70.954258 -12.113124 0.021789 -0.025697 0.704125 0.709276
1693922576.000150 -47.859017 70.918946 -12.118308 0.022400 -0.027506 0.706437 0.706886
1693922576.199873 -47.559689 70.877236 -12.124452 0.021635 -0.029565 0.708516 0.704744
1693922576.300148 -47.396175 70.857179 -12.109933 0.022814 -0.029322 0.710069 0.703151
1693922576.399747 -47.234423 70.838556 -12.121357 0.020241 -0.028178 0.709478 0.703873
1693922576.499712 -47.068700 70.819036 -12.124963 0.020286 -0.027779 0.708229 0.705144
1693922576.600096 -46.894679 70.798644 -12.116954 0.022921 -0.028365 0.710413 0.702840
1693922576.900348 -46.361048 70.725088 -12.120333 0.022494 -0.028280 0.714118 0.699092
1693922577.099751 -46.087830 70.688081 -12.116388 0.023585 -0.028924 0.716308 0.696785
1693922577.200171 -45.949657 70.669989 -12.124987 0.021006 -0.028180 0.716847 0.696344
1693922577.299799 -45.786073 70.660683 -12.109234 0.021863 -0.029297 0.715947 0.697197
1693922577.400031 -45.632034 70.637855 -12.125786 0.021982 -0.028110 0.719821 0.693242
1693922577.699638 -45.143168 70.576002 -12.115001 0.022516 -0.028576 0.729305 0.683221
1693922577.799855 -44.978403 70.560923 -12.098397 0.019935 -0.028834 0.729656 0.682916
1693922577.899787 -44.811152 70.544577 -12.106952 0.021312 -0.028119 0.731645 0.680773
1693922578.000195 -44.640880 70.534306 -12.102663 0.020006 -0.026879 0.731525 0.680991
1693922578.100219 -44.470432 70.524277 -12.102303 0.021088 -0.026731 0.733868 0.678438
1693922578.200279 -44.300998 70.512909 -12.108787 0.019219 -0.023223 0.735536 0.676815
1693922578.300269 -44.117557 70.502728 -12.111638 0.019524 -0.023925 0.735826 0.676467
1693922578.499818 -43.791854 70.477832 -12.098821 0.019456 -0.026278 0.741067 0.670634
1693922578.599608 -43.626441 70.465042 -12.100151 0.021944 -0.026647 0.743965 0.667327
1693922578.700180 -43.457027 70.461375 -12.098239 0.019550 -0.026523 0.746282 0.664814
1693922578.799762 -43.286094 70.464261 -12.096879 0.019024 -0.025581 0.746687 0.664411
1693922578.899607 -43.116495 70.460612 -12.097702 0.018708 -0.023683 0.749942 0.660814
1693922579.000411 -42.942756 70.462432 -12.102461 0.018257 -0.026653 0.751630 0.658793
1693922579.100218 -42.763824 70.453202 -12.103048 0.020451 -0.025891 0.756912 0.652683
1693922579.199695 -42.585794 70.454840 -12.099019 0.018522 -0.027900 0.758633 0.650656
1693922579.301519 -42.370505 70.456810 -12.103773 0.020765 -0.028007 0.765100 0.642967
1693922579.499820 -42.071324 70.466772 -12.104005 0.017031 -0.027276 0.770278 0.636897
1693922579.600203 -41.883628 70.473656 -12.106278 0.018105 -0.025958 0.775834 0.630143
1693922579.899733 -41.409851 70.492603 -12.105303 0.021899 -0.026721 0.789063 0.613340
1693922579.999696 -41.239816 70.509352 -12.106534 0.019737 -0.025203 0.791060 0.610901
1693922580.099667 -41.076460 70.535918 -12.108717 0.016875 -0.025462 0.790642 0.611516
1693922580.199839 -40.903450 70.553714 -12.103417 0.018439 -0.024092 0.791285 0.610694
1693922580.299851 -40.737055 70.568739 -12.101695 0.018364 -0.025974 0.793173 0.608165
1693922580.399983 -40.560912 70.592477 -12.101715 0.016941 -0.024722 0.791435 0.610518
1693922580.499791 -40.366146 70.613826 -12.095874 0.019433 -0.026056 0.793526 0.607667
1693922580.699667 -40.073146 70.649691 -12.092376 0.016069 -0.024021 0.789836 0.612637
1693922580.799913 -39.905460 70.672893 -12.090353 0.015602 -0.023098 0.788304 0.614654
1693922580.899666 -39.739969 70.686496 -12.090366 0.017928 -0.026072 0.790795 0.611263
1693922580.999725 -39.567796 70.706474 -12.089657 0.015134 -0.026146 0.788399 0.614422
1693922581.100309 -39.399951 70.718334 -12.091241 0.019739 -0.028278 0.791408 0.610314
1693922581.199769 -39.226942 70.735459 -12.085654 0.016542 -0.027519 0.792936 0.608458
1693922581.700572 -38.315643 70.846922 -12.073597 0.017587 -0.027269 0.806516 0.590321
1693922581.900363 -38.044789 70.893738 -12.071735 0.015778 -0.024951 0.806267 0.590815
1693922582.199857 -37.558161 70.972420 -12.075399 0.014152 -0.029136 0.806847 0.589871
1693922582.299653 -37.391815 70.996562 -12.072336 0.018493 -0.026975 0.807778 0.588579
1693922582.600303 -36.890302 71.080812 -12.058418 0.018418 -0.027237 0.810625 0.584642
1693922582.899800 -36.380288 71.159302 -12.051099 0.019251 -0.025967 0.817174 0.575485
1693922582.999796 -36.222997 71.193694 -12.052086 0.015401 -0.025029 0.817254 0.575527
1693922583.099755 -36.062480 71.232219 -12.051188 0.015053 -0.025897 0.817346 0.575367
1693922583.199843 -35.908484 71.259193 -12.059304 0.015263 -0.027138 0.820132 0.571326
1693922583.299966 -35.750493 71.291173 -12.053455 0.010750 -0.030436 0.820637 0.570538
1693922583.399764 -35.593299 71.325649 -12.055245 0.017397 -0.026808 0.822570 0.567765
1693922583.499757 -35.419512 71.358673 -12.041431 0.015984 -0.026831 0.824031 0.565683
1693922583.599693 -35.238444 71.402034 -12.038296 0.022519 -0.014861 0.822378 0.568301
1693922583.699690 -35.040109 71.447121 -12.031482 0.021645 -0.017586 0.826206 0.562677
1693922583.799815 -34.828434 71.497499 -12.042632 0.018146 -0.023261 0.825901 0.563043
1693922584.099766 -34.387127 71.617773 -12.039883 0.007843 -0.023999 0.823259 0.567105
1693922584.299666 -34.125320 71.689221 -12.029091 0.008582 -0.026235 0.828247 0.559683
1693922584.399868 -33.970690 71.726428 -12.024570 0.006903 -0.026407 0.829898 0.557247
1693922584.599828 -33.683006 71.806137 -12.019006 0.009876 -0.025776 0.837306 0.546037
1693922584.699709 -33.527719 71.850827 -12.020217 0.004501 -0.022810 0.836582 0.547348
1693922584.799855 -33.373403 71.892194 -12.019788 0.006357 -0.024149 0.839880 0.542197
1693922584.899806 -33.223128 71.937501 -12.015905 0.004991 -0.023318 0.841606 0.539566
1693922584.999899 -33.077626 71.981333 -12.011005 0.004535 -0.025492 0.842625 0.537878
1693922585.100220 -32.923234 72.022384 -12.006519 0.009027 -0.022627 0.844660 0.534749
1693922585.199877 -32.780621 72.065389 -12.000509 0.002777 -0.023538 0.844393 0.535199
1693922585.300138 -32.619211 72.114621 -11.995171 0.007763 -0.017576 0.843198 0.537259
1693922585.399786 -32.446526 72.163249 -11.992784 0.011932 -0.017112 0.844474 0.535191
1693922585.699852 -31.876441 72.318979 -11.977048 0.026238 -0.007370 0.845970 0.532534
1693922585.899897 -31.567667 72.419088 -11.990675 0.027156 -0.009161 0.838676 0.543877
1693922585.999872 -31.394261 72.468221 -11.992864 0.024776 -0.009075 0.838479 0.544295
1693922586.099814 -31.187621 72.524790 -11.992990 0.025855 -0.008339 0.838019 0.544965
1693922586.299926 -30.847756 72.627964 -11.992666 0.022704 -0.009296 0.834869 0.549901
1693922586.499914 -30.586414 72.702056 -12.002436 0.024223 -0.009453 0.833780 0.551484
1693922586.599879 -30.434942 72.742123 -12.004217 0.022476 -0.011699 0.832098 0.554050
1693922586.699944 -30.269476 72.780063 -12.006593 0.026933 -0.010551 0.832447 0.553350
1693922586.799912 -30.115140 72.832626 -12.008779 0.019520 -0.009913 0.829483 0.558103
1693922586.899803 -29.952931 72.876204 -12.008734 0.019540 -0.012052 0.827871 0.560449
1693922586.999867 -29.786198 72.913133 -12.012251 0.023384 -0.010098 0.830164 0.556938
1693922587.099839 -29.614890 72.954654 -12.014583 0.020062 -0.012162 0.827603 0.560823
1693922587.199908 -29.431031 72.996105 -12.024047 0.012379 -0.025507 0.829114 0.558361
1693922587.399935 -29.162210 73.070225 -12.032138 -0.008408 -0.025819 0.829630 0.557654
1693922587.499921 -28.994018 73.113529 -12.027914 0.010204 -0.024146 0.818854 0.573402
1693922587.599876 -28.794671 73.154560 -12.021726 0.011111 -0.021902 0.824800 0.564891
1693922587.799920 -28.430228 73.237629 -12.003015 0.014142 -0.019020 0.823189 0.567272
1693922588.000459 -28.092764 73.313970 -12.001203 0.015639 -0.018234 0.822047 0.568912
1693922588.199950 -27.815234 73.381743 -11.997745 0.015448 -0.020071 0.820745 0.570733
1693922588.300057 -27.650076 73.418280 -11.995935 0.014359 -0.019752 0.820404 0.571263
1693922588.399906 -27.443060 73.460032 -11.991819 0.018229 -0.018546 0.819921 0.571886
1693922588.599998 -27.088004 73.540167 -11.989357 0.017148 -0.018349 0.818426 0.574063
1693922588.899974 -26.666844 73.631259 -11.992461 0.014007 -0.019985 0.816866 0.576310
1693922588.999827 -26.510206 73.662438 -11.986873 0.018001 -0.014211 0.814590 0.579584
1693922589.099850 -26.333361 73.698517 -11.985012 0.019200 -0.017728 0.816447 0.576829
1693922589.199819 -26.171126 73.741118 -11.984174 0.021288 -0.011197 0.810435 0.585334
1693922589.499885 -25.669937 73.835732 -11.987410 0.015656 -0.013122 0.810807 0.584957
1693922589.599966 -25.509055 73.875421 -11.987568 0.012385 -0.015723 0.806957 0.590270
1693922589.701322 -25.341431 73.897942 -11.982005 0.019038 -0.016405 0.810197 0.585619
1693922589.799902 -25.180588 73.926770 -11.984244 0.012249 -0.018271 0.809662 0.586484
1693922589.899760 -25.017376 73.961963 -11.987985 0.014747 -0.017904 0.807122 0.589929
1693922589.999899 -24.847833 73.990513 -11.986983 0.014544 -0.018973 0.810227 0.585628
1693922590.099790 -24.683677 74.021767 -11.987824 0.015297 -0.016720 0.808467 0.588105
1693922590.200125 -24.513955 74.054127 -11.987605 0.011944 -0.015880 0.807865 0.589032
1693922590.300506 -24.344300 74.092014 -11.988669 0.010970 -0.015479 0.803515 0.594982
1693922590.400502 -24.143440 74.125952 -11.991306 0.010716 -0.015322 0.804878 0.593145
1693922590.699790 -23.701340 74.195631 -11.986248 0.014738 -0.017290 0.804422 0.593624
1693922590.800083 -23.542248 74.216303 -11.982381 0.014339 -0.017809 0.804195 0.593926
1693922590.899996 -23.385820 74.242161 -11.983080 0.013294 -0.017501 0.804544 0.593486
1693922590.999900 -23.227669 74.269045 -11.980161 0.010941 -0.016106 0.805007 0.592946
1693922591.100087 -23.067751 74.305307 -11.981941 0.011957 -0.019046 0.804903 0.592981
1693922591.199882 -22.902990 74.332304 -11.977136 0.015152 -0.017059 0.806661 0.590573
1693922591.299914 -22.731329 74.357645 -11.975244 0.015375 -0.017744 0.808255 0.588364
1693922591.399888 -22.563280 74.379743 -11.976152 0.018654 -0.018215 0.809412 0.586661
1693922591.899903 -21.749077 74.529422 -11.973412 0.012950 -0.015959 0.814478 0.579830
1693922592.000082 -21.576409 74.562961 -11.976558 0.013539 -0.015453 0.815350 0.578604
1693922592.099889 -21.414047 74.587552 -11.982350 0.014856 -0.016820 0.817223 0.575885
1693922592.199975 -21.252929 74.615715 -11.986028 0.015417 -0.017536 0.818979 0.573348
1693922592.299932 -21.089835 74.644092 -11.987646 0.014051 -0.019990 0.818394 0.574138
1693922592.399851 -20.932427 74.670053 -11.987592 0.015515 -0.022355 0.818649 0.573650
1693922592.499834 -20.776025 74.712999 -11.985485 0.013783 -0.019440 0.816239 0.577223
1693922592.600007 -20.594432 74.754183 -11.980814 0.015590 -0.017974 0.811546 0.583804
1693922592.699886 -20.411054 74.782961 -11.973121 0.015641 -0.021470 0.811162 0.584218
1693922592.800021 -20.205840 74.821104 -11.977309 0.018668 -0.020337 0.811057 0.584316
1693922593.099881 -19.794183 74.903261 -11.976220 0.017843 -0.023941 0.809361 0.586551
1693922593.200106 -19.630829 74.928624 -11.978750 0.016452 -0.025778 0.810167 0.585401
1693922593.299978 -19.442020 74.964626 -11.974247 0.016600 -0.021811 0.807114 0.589759
1693922593.500053 -19.167948 75.012414 -11.968163 0.020671 -0.023871 0.807457 0.589081
1693922593.599919 -19.002449 75.043203 -11.962570 0.019074 -0.021934 0.806644 0.590323
1693922593.700299 -18.836477 75.072926 -11.954304 0.014970 -0.023165 0.802573 0.595916
1693922593.800088 -18.652115 75.100619 -11.940714 0.016766 -0.022391 0.801841 0.596883
1693922593.899910 -18.447552 75.123062 -11.927501 0.015510 -0.027630 0.802070 0.596389
1693922594.300076 -17.846645 75.218229 -11.938466 0.019452 -0.023515 0.800365 0.598735
1693922594.700123 -17.192406 75.299861 -11.954111 0.013854 -0.027229 0.792439 0.609186
1693922594.799995 -17.000315 75.328467 -11.950193 0.013688 -0.024848 0.789488 0.613109
1693922595.200102 -16.353558 75.404036 -11.942032 0.015215 -0.023247 0.785803 0.617852
1693922595.300069 -16.185854 75.423580 -11.941160 0.013750 -0.025280 0.786527 0.616886
1693922595.400490 -16.011729 75.443716 -11.938654 0.013114 -0.023254 0.783750 0.620503
1693922595.499897 -15.835667 75.456065 -11.936780 0.015628 -0.024392 0.783861 0.620260
1693922595.600232 -15.636371 75.472043 -11.925439 0.015644 -0.024679 0.781366 0.623388
1693922596.099930 -14.830795 75.549014 -11.903015 0.013365 -0.022576 0.775126 0.631262
1693922596.500145 -14.164597 75.588433 -11.915283 0.011712 -0.025652 0.768810 0.638855
1693922596.600106 -13.990205 75.596395 -11.917971 0.016028 -0.024545 0.767550 0.640318
1693922597.000279 -13.306310 75.619470 -11.905595 0.015499 -0.025458 0.762556 0.646236
1693922597.100148 -13.137237 75.626060 -11.888671 0.013651 -0.026332 0.761610 0.647357
1693922597.400254 -12.626572 75.638695 -11.903917 0.013258 -0.022011 0.757402 0.652443
1693922597.499795 -12.436073 75.641880 -11.899265 0.012698 -0.024478 0.756645 0.653245
1693922597.600508 -12.212687 75.632202 -11.904442 0.013448 -0.024022 0.756191 0.653772
1693922598.500308 -10.804161 75.635506 -11.871676 0.011987 -0.024579 0.750396 0.660422
1693922598.600254 -10.638792 75.631638 -11.859891 0.010801 -0.026414 0.752116 0.658412
1693922599.000259 -9.975302 75.627744 -11.852572 0.010116 -0.025698 0.760062 0.649263
1693922599.100250 -9.820187 75.635548 -11.860565 0.011175 -0.022226 0.759588 0.649928
1693922599.500085 -9.133623 75.646926 -11.878252 0.013164 -0.020141 0.759882 0.649615
1693922599.600102 -8.936303 75.647693 -11.870198 0.015357 -0.020052 0.759409 0.650123
1693922599.800472 -8.621756 75.655352 -11.848940 0.015828 -0.020684 0.757979 0.651759
1693922599.900524 -8.458626 75.657991 -11.848510 0.017134 -0.020461 0.757738 0.652013
1693922600.000180 -8.284012 75.663054 -11.854616 0.014934 -0.018892 0.755640 0.654544
1693922600.100384 -8.099718 75.659834 -11.858135 0.018799 -0.016632 0.755223 0.654987
1693922600.300123 -7.824382 75.656570 -11.870918 0.022884 -0.012989 0.754079 0.656257
1693922600.600169 -7.472129 75.660824 -11.870934 0.021263 -0.013836 0.751275 0.659501
1693922600.700399 -7.338461 75.662057 -11.877670 0.020463 -0.013632 0.749781 0.661229
1693922600.999919 -7.181695 75.660049 -11.881113 0.021679 -0.013472 0.747872 0.663352
1693922601.100134 -7.132344 75.657849 -11.859214 0.023155 -0.013042 0.747077 0.664206
1693922601.400182 -7.044791 75.656066 -11.861310 0.022862 -0.013998 0.746019 0.665385
1693922601.500256 -7.040731 75.659759 -11.853651 0.022405 -0.014414 0.744273 0.667344
1693922601.800253 -7.085947 75.661118 -11.861095 0.012005 -0.023555 0.744136 0.667505
1693922601.900173 -7.090527 75.660480 -11.865254 0.012647 -0.022839 0.744728 0.666857
1693922602.000185 -7.096187 75.661751 -11.863986 0.011887 -0.023308 0.744623 0.666972
1693922602.100248 -7.088949 75.661393 -11.857694 0.014308 -0.021537 0.744747 0.666846
1693922602.200228 -7.081805 75.662891 -11.854558 0.015435 -0.020524 0.744596 0.667021
1693922602.299643 -7.075587 75.662151 -11.849620 0.018059 -0.020062 0.744737 0.666812
1693922602.999708 -7.091648 75.682613 -11.869394 0.013298 -0.029388 0.744514 0.666827
1693922603.500358 -7.107696 75.683357 -11.877842 0.019007 -0.037722 0.743557 0.667337
1693922603.599974 -7.112329 75.683717 -11.879384 0.021203 -0.029402 0.743230 0.668053
1693922604.300475 -7.164930 75.658068 -11.887666 0.015194 -0.024784 0.744694 0.666772
1693922604.500311 -7.179275 75.642718 -11.887844 0.015809 -0.026705 0.744683 0.666696
1693922604.900415 -7.209463 75.619369 -11.890003 0.012849 -0.026047 0.743706 0.667875
1693922605.000287 -7.209085 75.611949 -11.890002 0.011636 -0.026596 0.743558 0.668041
1693922605.300263 -7.162105 75.583850 -11.887653 0.011781 -0.026973 0.744795 0.666643
1693922605.400443 -7.129149 75.572727 -11.886079 0.012031 -0.027061 0.745305 0.666066
1693922605.800463 -6.902915 75.532460 -11.880572 0.010545 -0.028556 0.743203 0.668373
1693922605.900277 -6.823319 75.520481 -11.879169 0.009802 -0.027950 0.743572 0.667999
1693922606.000350 -6.733744 75.506286 -11.877277 0.011352 -0.027028 0.742830 0.668838
1693922606.400515 -6.285324 75.451305 -11.869616 0.010310 -0.027764 0.741124 0.670715
1693922606.500335 -6.150459 75.434556 -11.866076 0.010872 -0.026864 0.739681 0.672334
1693922606.700400 -5.862650 75.406114 -11.862167 0.009646 -0.025830 0.737120 0.675199
1693922606.800396 -5.709222 75.386047 -11.859347 0.011393 -0.025473 0.739149 0.672964
1693922607.100352 -5.224281 75.332995 -11.851408 0.015116 -0.022498 0.738856 0.673318
1693922607.400461 -4.727749 75.279601 -11.848063 0.017145 -0.019169 0.735734 0.676782
1693922607.500311 -4.565430 75.261303 -11.846840 0.018602 -0.023460 0.739231 0.672786
1693922608.300376 -3.264862 75.180583 -11.838990 0.018850 -0.021701 0.767615 0.640267
1693922608.400522 -3.097955 75.179720 -11.835361 0.018355 -0.021785 0.767910 0.639924
1693922608.699935 -2.597512 75.183837 -11.830306 0.018844 -0.020138 0.766815 0.641275
1693922609.000406 -2.097624 75.182809 -11.826373 0.016701 -0.021401 0.763963 0.644689
1693922609.100494 -1.930365 75.181020 -11.823613 0.016029 -0.022332 0.761236 0.647892
1693922609.200518 -1.765400 75.180356 -11.822935 0.014650 -0.024054 0.762231 0.646692
1693922609.900403 -0.570756 75.160723 -11.810465 0.014006 -0.023237 0.767383 0.640615
1693922610.101611 -0.224164 75.165041 -11.809255 0.011747 -0.022414 0.768796 0.638994
1693922610.200502 -0.051442 75.170531 -11.808308 0.010485 -0.022251 0.768887 0.638911
1693922610.400525 0.298072 75.170427 -11.807145 0.012634 -0.021770 0.768974 0.638784
1693922610.500412 0.473812 75.168079 -11.806537 0.013551 -0.023636 0.769406 0.638179
1693922610.700471 0.825350 75.177447 -11.806278 0.010967 -0.020974 0.766973 0.641243
1693922610.800597 1.001341 75.179431 -11.805287 0.011008 -0.021873 0.767133 0.641021
1693922610.900578 1.176574 75.183775 -11.806175 0.010100 -0.021123 0.765547 0.642954
1693922611.000461 1.355435 75.182307 -11.804837 0.013850 -0.021236 0.766783 0.641406
1693922611.100539 1.531309 75.184539 -11.803616 0.012619 -0.021491 0.765220 0.643286
1693922611.300303 1.883637 75.191732 -11.803675 0.010779 -0.021503 0.762742 0.646255
1693922611.500580 2.240915 75.194840 -11.803074 0.010855 -0.020958 0.762325 0.646764
1693922611.800494 2.781575 75.192843 -11.803169 0.012747 -0.020566 0.760727 0.648621
1693922612.300426 3.683001 75.190537 -11.816010 0.011354 -0.019030 0.756886 0.653171
1693922612.800424 4.587829 75.181720 -11.827670 0.008414 -0.022403 0.754196 0.656213
1693922613.100717 5.133536 75.175303 -11.829355 0.009936 -0.021756 0.750150 0.660835
1693922613.499623 5.855079 75.173150 -11.832817 0.006702 -0.019684 0.746120 0.665486
1693922613.600369 6.035950 75.169165 -11.833833 0.007766 -0.019454 0.745086 0.666640
1693922614.999714 8.561226 75.108800 -11.824163 0.012330 -0.017206 0.733889 0.678940
1693922615.100411 8.743619 75.105005 -11.824981 0.013006 -0.015564 0.733030 0.679894
1693922615.200372 8.922046 75.101953 -11.826574 0.011038 -0.015521 0.732764 0.680216
1693922615.600813 9.618722 75.081761 -11.836591 0.005514 -0.018890 0.729241 0.683973
1693922615.900549 10.143717 75.059396 -11.838414 0.006819 -0.018883 0.734854 0.677928
1693922616.000785 10.317727 75.055126 -11.837800 0.006866 -0.019217 0.736708 0.675903
1693922616.300676 10.833015 75.052780 -11.837291 0.005341 -0.018899 0.740452 0.671822
1693922616.900454 11.861918 75.081758 -11.819232 0.009023 -0.016893 0.750037 0.661118
1693922617.000401 12.028387 75.091309 -11.816060 0.007272 -0.017904 0.751299 0.659678
1693922617.100720 12.194968 75.102674 -11.813111 0.005077 -0.017960 0.751455 0.659520
1693922617.700252 13.190656 75.176454 -11.790347 0.002938 -0.017769 0.752832 0.657967
1693922617.900662 13.519667 75.196375 -11.782299 0.002029 -0.018607 0.753647 0.657013
1693922618.200484 14.007478 75.229649 -11.770312 0.002012 -0.020300 0.756077 0.654165
1693922618.300562 14.170594 75.239550 -11.765244 0.001215 -0.020904 0.756383 0.653793
1693922618.900077 15.136167 75.330352 -11.732278 -0.000740 -0.021798 0.764779 0.643923
1693922619.299946 15.768954 75.394584 -11.706814 -0.001560 -0.022737 0.767138 0.641077
1693922619.400698 15.928244 75.411313 -11.699712 -0.001284 -0.023451 0.766659 0.641625
1693922619.500703 16.085887 75.428751 -11.692811 -0.001437 -0.022939 0.765302 0.643260
1693922619.700672 16.400226 75.466349 -11.678947 -0.002800 -0.022300 0.756765 0.653301
1693922619.800631 16.556959 75.483075 -11.671501 -0.003678 -0.022964 0.748753 0.662441
1693922620.200726 17.174694 75.513674 -11.645856 -0.004536 -0.018062 0.684486 0.728788
1693922620.300722 17.319398 75.498517 -11.639768 -0.004157 -0.019864 0.666059 0.745623
1693922620.400126 17.458581 75.482693 -11.633426 -0.006491 -0.020492 0.644759 0.764084
1693922620.900504 18.137925 75.257661 -11.600916 -0.002948 -0.019376 0.530489 0.847465
1693922621.100608 18.376581 75.107376 -11.593228 -0.005963 -0.019136 0.499619 0.866014
1693922621.200738 18.497383 75.028550 -11.586515 -0.003341 -0.015642 0.481203 0.876463
1693922621.300654 18.610167 74.949038 -11.581105 -0.004429 -0.012863 0.465915 0.884725
1693922621.700625 18.962983 74.599359 -11.562172 0.010436 -0.010704 0.418262 0.908203
1693922621.900666 19.084349 74.482042 -11.559127 0.015821 -0.001868 0.397164 0.917609
1693922622.300949 19.171306 74.362206 -11.553680 0.011487 -0.005383 0.357127 0.933970
1693922622.400264 19.174513 74.353473 -11.552145 0.011504 -0.005784 0.346563 0.937938
1693922622.499723 19.172426 74.353938 -11.550810 0.012104 -0.005546 0.338531 0.940861
1693922622.600749 19.162678 74.363296 -11.550919 0.009640 -0.006381 0.335681 0.941905
1693922622.800788 19.135796 74.394166 -11.554423 -0.007927 -0.009750 0.339566 0.940498
1693922622.900645 19.127472 74.400546 -11.552519 -0.010079 -0.012147 0.344378 0.938698
1693922623.000731 19.125999 74.402167 -11.548962 -0.008441 -0.012957 0.345176 0.938411
1693922623.302440 19.126321 74.397494 -11.536054 -0.001126 -0.008684 0.344987 0.938566
1693922623.500711 19.124605 74.401263 -11.534780 -0.003844 -0.012035 0.344669 0.938639
1693922623.599848 19.126255 74.397716 -11.532608 -0.004032 -0.011371 0.344604 0.938671
1693922623.699543 19.126648 74.399073 -11.530263 -0.003709 -0.011822 0.344626 0.938658
1693922623.800025 19.127289 74.400859 -11.530120 -0.003415 -0.011703 0.344781 0.938604
1693922623.901117 19.125307 74.399933 -11.530532 -0.003998 -0.012205 0.344551 0.938680
1693922624.001304 19.124772 74.399843 -11.531201 -0.003559 -0.012193 0.344527 0.938690
1693922624.100685 19.126003 74.398658 -11.530724 -0.004174 -0.011649 0.344554 0.938685
1693922624.200659 19.125773 74.396973 -11.534734 -0.003923 -0.011153 0.344554 0.938692
1693922624.299792 19.126265 74.396771 -11.529554 -0.004157 -0.011274 0.344441 0.938731
1693922624.600728 19.126632 74.395645 -11.527148 -0.003631 -0.011142 0.344516 0.938707
1693922624.899776 19.127027 74.398726 -11.526798 -0.004267 -0.010982 0.344745 0.938622
1693922625.001047 19.128664 74.398525 -11.528510 -0.003954 -0.010998 0.344564 0.938690
1693922625.100654 19.128220 74.397150 -11.526029 -0.003434 -0.011043 0.344717 0.938635
1693922625.301004 19.127945 74.396786 -11.531002 -0.003660 -0.011074 0.344665 0.938653
1693922625.400629 19.127238 74.397630 -11.529741 -0.003347 -0.011203 0.344558 0.938692
1693922625.600729 19.127269 74.397645 -11.537362 -0.003949 -0.011272 0.344645 0.938657
1693922625.700652 19.125363 74.398630 -11.536724 -0.005032 -0.011254 0.344735 0.938619
1693922625.800812 19.125519 74.399959 -11.534009 -0.005971 -0.011369 0.344724 0.938616
1693922625.900756 19.126735 74.402215 -11.530836 -0.005103 -0.011415 0.344630 0.938655
1693922626.000648 19.126678 74.400206 -11.529126 -0.003385 -0.011616 0.344538 0.938694
1693922626.100837 19.127260 74.397809 -11.529401 -0.003929 -0.011339 0.344670 0.938647
1693922626.300712 19.126632 74.401121 -11.529403 -0.004183 -0.011335 0.345059 0.938503
1693922626.399741 19.125674 74.401586 -11.525290 -0.004571 -0.011794 0.344928 0.938544
1693922626.600677 19.126390 74.399678 -11.529356 -0.005570 -0.012004 0.344819 0.938576
1693922626.700778 19.130613 74.395284 -11.531134 -0.006256 -0.012133 0.344409 0.938721
1693922626.800774 19.136357 74.389108 -11.534137 -0.007572 -0.012024 0.343581 0.939016
1693922627.100761 19.176085 74.330529 -11.526715 -0.008433 -0.012608 0.345199 0.938407
1693922627.200818 19.196672 74.290069 -11.527120 -0.009664 -0.013405 0.350436 0.936441
1693922627.299899 19.221493 74.243233 -11.530943 -0.009731 -0.014083 0.360559 0.932579
1693922627.401126 19.255880 74.186513 -11.533206 -0.008540 -0.013324 0.372560 0.927873
1693922627.500751 19.298806 74.117700 -11.540836 -0.010006 -0.014073 0.392477 0.919600
1693922627.700851 19.363741 73.970838 -11.525202 -0.013669 -0.020593 0.432609 0.901243
1693922627.800714 19.454838 73.874756 -11.537012 -0.012618 -0.021992 0.441461 0.896922
1693922628.000762 19.582680 73.730795 -11.528942 -0.014381 -0.021884 0.443981 0.895653
1693922628.100141 19.694085 73.620820 -11.531653 -0.020096 -0.022698 0.444142 0.895443
1693922628.300752 19.834798 73.455260 -11.526285 -0.020215 -0.026506 0.457867 0.888396
1693922628.400681 19.919967 73.353904 -11.511984 -0.018096 -0.039431 0.470906 0.881116
1693922628.600836 20.167359 73.148877 -11.474842 -0.015045 -0.024153 0.493541 0.869257
1693922628.700732 20.283945 73.057878 -11.486112 -0.015387 -0.019770 0.504387 0.863114
1693922628.800898 20.403946 72.960520 -11.487611 -0.009811 -0.017065 0.525167 0.850772
1693922628.899587 20.525859 72.881296 -11.484329 -0.010472 -0.016187 0.543699 0.839059
1693922629.099957 20.746456 72.731398 -11.474711 -0.012610 -0.014350 0.580717 0.813881
1693922629.200814 20.858766 72.670423 -11.463777 -0.013840 -0.015254 0.589171 0.807746
1693922629.299893 20.977614 72.609951 -11.449770 -0.013530 -0.014014 0.597373 0.801727
1693922629.400876 21.098037 72.549946 -11.431105 -0.011706 -0.015420 0.602992 0.797512
1693922629.500892 21.216838 72.494841 -11.409525 -0.011362 -0.015832 0.606971 0.794485
1693922629.600827 21.341704 72.444189 -11.401839 -0.011201 -0.013868 0.606422 0.794943
1693922629.699967 21.459044 72.392380 -11.398159 -0.009036 -0.015571 0.611186 0.791282
1693922629.800838 21.573360 72.339937 -11.399115 -0.009092 -0.015248 0.611448 0.791085
1693922630.100881 21.873704 72.213724 -11.425152 -0.007222 -0.015011 0.618536 0.785580
1693922630.200885 21.958507 72.174518 -11.421289 -0.008605 -0.017869 0.624473 0.780795
1693922630.300003 22.047872 72.137780 -11.425591 -0.010524 -0.017567 0.629138 0.777024
1693922630.400900 22.142973 72.098438 -11.422136 -0.011081 -0.018958 0.634017 0.773008
1693922630.500548 22.246066 72.058348 -11.422895 -0.009468 -0.018882 0.638214 0.769570
1693922630.599613 22.350891 72.024039 -11.431928 -0.005875 -0.016224 0.640047 0.768142
1693922630.700899 22.442368 71.983399 -11.430203 -0.005478 -0.018654 0.641692 0.766716
1693922630.800910 22.534238 71.953855 -11.434946 -0.010357 -0.021311 0.638816 0.768994
1693922630.901102 22.626609 71.931119 -11.444600 -0.002360 -0.012796 0.633020 0.774026
1693922631.000945 22.702331 71.906733 -11.431607 0.000970 -0.012867 0.632457 0.774488
1693922631.100826 22.765403 71.895493 -11.419849 0.002282 -0.004310 0.628075 0.778137
1693922631.201103 22.817159 71.873042 -11.404910 -0.007523 -0.009051 0.628275 0.777902
1693922631.300860 22.881293 71.856517 -11.407135 -0.007308 -0.006237 0.634035 0.773244
1693922631.500990 22.984202 71.766475 -11.359299 0.008017 -0.015021 0.651382 0.758559
1693922631.600961 23.049429 71.714965 -11.342674 0.017136 -0.018364 0.670747 0.741261
1693922631.701016 23.122136 71.653284 -11.341404 0.035807 -0.042803 0.693655 0.718142
1693922631.800976 23.255038 71.701415 -11.342304 0.032743 0.011335 0.703567 0.709784
1693922631.900936 23.366712 71.709426 -11.344182 0.035230 0.024586 0.691549 0.721051
1693922632.199894 23.713491 71.639666 -11.364639 0.014363 0.015023 0.649845 0.759782
1693922632.300821 23.839615 71.590428 -11.367700 0.023375 0.011906 0.654560 0.755555
1693922632.399803 23.980839 71.534264 -11.383289 0.032934 0.007760 0.655184 0.754711
1693922632.500937 24.128905 71.492509 -11.407827 0.033111 0.009775 0.648853 0.760130
1693922632.600900 24.271289 71.430583 -11.440642 0.035202 0.001223 0.641724 0.766126
1693922632.699942 24.427533 71.370527 -11.492526 0.038115 -0.001719 0.646618 0.761859
1693922632.799906 24.576627 71.323774 -11.472437 0.036257 -0.000341 0.641980 0.765864
1693922632.900855 24.727949 71.283543 -11.469720 0.030994 0.000112 0.637676 0.769681
1693922633.000033 24.873342 71.239030 -11.478209 0.019396 -0.003531 0.636828 0.770754
1693922633.100910 25.008120 71.197359 -11.468573 0.009039 -0.011027 0.633901 0.773282
1693922633.199736 25.141047 71.147240 -11.487376 0.005380 -0.014248 0.636821 0.770861
1693922633.300562 25.303572 71.099221 -11.482760 0.009312 -0.010646 0.636918 0.770801
1693922633.600030 25.792197 70.928257 -11.492624 0.014576 -0.009742 0.637862 0.769951
1693922633.702490 25.989726 70.850569 -11.500909 0.012196 -0.012136 0.627698 0.778267
1693922633.899983 26.276225 70.757953 -11.497110 0.015803 -0.008649 0.623414 0.781684
1693922633.999964 26.444479 70.704775 -11.490322 0.017526 -0.003613 0.616968 0.786785
1693922634.100976 26.603228 70.641501 -11.485180 0.013703 -0.006101 0.611684 0.790960
1693922634.401045 27.059093 70.429353 -11.495615 0.013917 -0.017368 0.605063 0.795866
1693922634.501173 27.213481 70.352445 -11.485060 0.017170 -0.021151 0.601925 0.798088
1693922634.600943 27.368307 70.273327 -11.493179 0.018729 -0.025185 0.600627 0.798913
1693922634.899994 27.825497 70.061176 -11.495081 0.013736 -0.025554 0.578071 0.815471
1693922635.000218 28.011616 69.956581 -11.487819 0.017109 -0.025383 0.573508 0.818628
1693922635.200045 28.285016 69.835419 -11.480337 0.013065 -0.025249 0.569051 0.821810
1693922635.300113 28.442019 69.762884 -11.491502 0.007328 -0.017446 0.558754 0.829118
1693922635.400010 28.590059 69.683269 -11.501330 0.010028 -0.017961 0.555302 0.831394
1693922635.700083 29.043767 69.430998 -11.524914 0.007570 -0.012994 0.547422 0.836722
1693922635.799561 29.189563 69.341336 -11.526076 0.011470 -0.012610 0.548803 0.835778
1693922635.899600 29.338299 69.246410 -11.536273 0.012977 -0.011819 0.544242 0.838744
1693922636.000076 29.482359 69.162800 -11.531824 0.016005 -0.014382 0.545487 0.837843
1693922636.100014 29.621026 69.077933 -11.549420 0.002321 -0.015625 0.537779 0.842938
1693922636.200529 29.752194 68.984581 -11.558790 0.001767 -0.022032 0.540559 0.841016
1693922636.300142 29.911599 68.865470 -11.551841 0.006536 -0.021103 0.538942 0.842053
1693922636.499606 30.170081 68.704569 -11.545854 0.007488 -0.023325 0.536902 0.843289
1693922636.600127 30.314591 68.605687 -11.544780 0.009177 -0.025391 0.536557 0.843432
1693922636.700038 30.483489 68.475591 -11.548951 0.013645 -0.023787 0.532308 0.846106
1693922636.899666 30.737975 68.317656 -11.567621 0.015763 -0.020634 0.528507 0.848532
1693922637.000061 30.877767 68.228545 -11.570770 0.015241 -0.020304 0.524966 0.850744
1693922637.101021 31.012623 68.131011 -11.571521 0.015830 -0.018769 0.523187 0.851864
1693922637.200133 31.132328 68.036687 -11.569791 0.016271 -0.022899 0.529239 0.848008
1693922637.300080 31.257346 67.941484 -11.569045 0.015581 -0.023835 0.534237 0.844855
1693922637.399888 31.384367 67.844497 -11.562327 0.017992 -0.024102 0.545219 0.837754
1693922637.500082 31.513881 67.754388 -11.559175 0.017871 -0.023047 0.556799 0.830135
1693922637.600065 31.640082 67.672290 -11.550767 0.017239 -0.023720 0.571369 0.820169
1693922637.700281 31.762950 67.592907 -11.545728 0.017226 -0.025305 0.588366 0.808015
1693922637.799690 31.889130 67.528040 -11.546801 0.015010 -0.023139 0.601213 0.798613
1693922637.900057 32.026990 67.465982 -11.547308 0.011863 -0.021422 0.610316 0.791780
1693922638.000088 32.162420 67.404199 -11.543417 0.009548 -0.022747 0.622056 0.782584
1693922638.100140 32.299717 67.352190 -11.541344 0.009087 -0.024604 0.628677 0.777224
1693922638.200126 32.445305 67.298295 -11.539798 0.008827 -0.024230 0.633528 0.773290
1693922638.300235 32.596696 67.245729 -11.539321 0.009606 -0.024109 0.636493 0.770846
1693922638.400779 32.752399 67.195805 -11.534739 0.011889 -0.023030 0.638770 0.768961
1693922638.500146 32.917718 67.140713 -11.534939 0.014118 -0.023196 0.643911 0.764618
1693922638.600139 33.075732 67.086751 -11.535836 0.014018 -0.021282 0.649767 0.759706
1693922638.699797 33.235639 67.036284 -11.533919 0.013472 -0.020549 0.656204 0.754184
1693922638.799678 33.396856 66.982993 -11.534902 0.015069 -0.021957 0.669535 0.742303
1693922638.900142 33.561814 66.935864 -11.531137 0.015109 -0.022264 0.680414 0.732334
1693922638.999753 33.728650 66.899661 -11.526754 0.012507 -0.019974 0.688794 0.724574
1693922639.100177 33.892920 66.867616 -11.523720 0.011798 -0.020875 0.693084 0.720458
1693922639.200028 34.052591 66.832108 -11.521388 0.012967 -0.022724 0.699432 0.714220
1693922639.300317 34.208955 66.801111 -11.517486 0.015949 -0.021109 0.701862 0.711821
1693922639.400081 34.361932 66.774472 -11.513531 0.018668 -0.022072 0.705705 0.707916
1693922639.500057 34.511466 66.745824 -11.511064 0.019773 -0.022156 0.712266 0.701282
1693922639.600156 34.656814 66.713002 -11.513298 0.017675 -0.022631 0.718811 0.694613
1693922639.700120 34.799073 66.693870 -11.512878 0.020730 -0.022345 0.724810 0.688274
1693922639.800082 34.942389 66.666191 -11.511964 0.019443 -0.017065 0.728638 0.684410
1693922639.899769 35.087657 66.658691 -11.513423 0.018551 -0.018734 0.729614 0.683351
1693922640.000190 35.243999 66.644449 -11.512708 0.019821 -0.019523 0.732118 0.680609
1693922640.100132 35.402754 66.635781 -11.514715 0.020032 -0.019073 0.732692 0.679998
1693922640.199742 35.564180 66.614440 -11.515872 0.021788 -0.019248 0.733901 0.678634
1693922640.299772 35.735129 66.588112 -11.522299 0.019764 -0.015739 0.735425 0.677135
1693922640.400127 35.900583 66.586932 -11.521047 0.019690 -0.015349 0.734423 0.678233
1693922640.499823 36.078377 66.569778 -11.523523 0.019523 -0.012655 0.735580 0.677038
1693922640.600181 36.245046 66.574378 -11.522326 0.019455 -0.015158 0.735200 0.677401
1693922640.699790 36.413806 66.558277 -11.525928 0.020202 -0.017155 0.738511 0.673720
1693922640.799805 36.582645 66.554650 -11.525490 0.019978 -0.016726 0.739230 0.672949
1693922640.900135 36.745637 66.557346 -11.524001 0.021277 -0.022222 0.742188 0.669485
1693922641.000212 36.921190 66.530398 -11.527333 0.020193 -0.019981 0.747993 0.663098
1693922641.099901 37.088617 66.532916 -11.528918 0.017748 -0.019534 0.748530 0.662575
1693922641.200107 37.262458 66.507882 -11.528997 0.015186 -0.015812 0.749656 0.661464
1693922641.299995 37.433659 66.523593 -11.524701 0.015523 -0.018426 0.748778 0.662383
1693922641.400215 37.607384 66.511195 -11.523240 0.014694 -0.018481 0.750157 0.660838
1693922641.500217 37.778047 66.522453 -11.518169 0.015286 -0.018588 0.748483 0.662717
1693922641.600163 37.950444 66.527750 -11.516606 0.014093 -0.023256 0.748281 0.662824
1693922641.699763 38.121301 66.518773 -11.517690 0.016921 -0.022079 0.749850 0.661023
1693922641.799566 38.294330 66.517153 -11.518518 0.015913 -0.021069 0.747130 0.664154
1693922641.900113 38.476259 66.495360 -11.520478 0.013128 -0.018444 0.745664 0.665937
1693922641.999577 38.651307 66.493342 -11.519777 0.015521 -0.016300 0.743287 0.668594
1693922642.100286 38.827244 66.490147 -11.513482 0.013974 -0.019518 0.743816 0.667954
1693922642.200164 39.000306 66.485733 -11.512466 0.017780 -0.018722 0.743312 0.668447
1693922642.299911 39.166409 66.495072 -11.511223 0.016431 -0.021246 0.741211 0.670734
1693922642.400183 39.336342 66.481151 -11.507906 0.015821 -0.019990 0.741239 0.670757
1693922642.500163 39.497501 66.485785 -11.507481 0.012918 -0.020327 0.740653 0.671456
1693922642.599910 39.662474 66.474538 -11.507622 0.012216 -0.019447 0.738986 0.673329
1693922642.700171 39.819217 66.474543 -11.502305 0.011691 -0.020016 0.738855 0.673465
1693922642.800189 39.977085 66.452530 -11.506018 0.010317 -0.020422 0.738373 0.674004
1693922642.899594 40.140154 66.441602 -11.507167 0.014390 -0.018431 0.737811 0.674603
1693922642.999568 40.298182 66.441338 -11.504401 0.014285 -0.018699 0.736025 0.676545
1693922643.099856 40.460518 66.424037 -11.508588 0.016770 -0.019773 0.736106 0.676370
1693922643.200314 40.623158 66.430304 -11.508933 0.017128 -0.020646 0.734535 0.678040
1693922643.299927 40.791562 66.411670 -11.510420 0.015253 -0.017699 0.732294 0.680588
1693922643.400265 40.961565 66.414387 -11.511414 0.017898 -0.017296 0.733254 0.679499
1693922643.499928 41.128128 66.392693 -11.512883 0.014778 -0.017213 0.732062 0.680860
1693922643.599763 41.293063 66.381623 -11.513058 0.014813 -0.018430 0.734754 0.677922
1693922643.699765 41.469637 66.367541 -11.513842 0.019341 -0.014727 0.736601 0.675891
1693922643.799852 41.645607 66.349688 -11.510723 0.020204 -0.012328 0.739641 0.672586
1693922643.899773 41.824803 66.359734 -11.504093 0.026244 -0.011086 0.744779 0.666703
1693922644.199864 42.343785 66.374014 -11.509092 0.022326 -0.002090 0.750175 0.660859
1693922644.300277 42.510311 66.375694 -11.513063 0.018771 -0.005372 0.751990 0.658885
1693922644.399874 42.675707 66.362118 -11.516309 0.018966 -0.005053 0.753438 0.657226
1693922644.499733 42.836961 66.354724 -11.520933 0.014693 -0.010119 0.754543 0.656009
1693922644.599961 43.010859 66.349803 -11.518382 0.016191 -0.011269 0.754326 0.656204
1693922644.699905 43.185602 66.351750 -11.519370 0.015908 -0.009934 0.752578 0.658236
1693922644.800156 43.389147 66.355037 -11.513305 0.020156 -0.008806 0.751740 0.659093
1693922644.999559 43.714748 66.366374 -11.505145 0.018761 -0.010738 0.749680 0.661448
1693922645.099783 43.873659 66.360896 -11.510838 0.014084 -0.011844 0.748458 0.662927
1693922645.400329 44.364901 66.348563 -11.515303 0.012596 -0.018563 0.746881 0.664579
1693922645.499957 44.531349 66.345676 -11.509717 0.012668 -0.020866 0.745049 0.666563
1693922645.599665 44.715775 66.344719 -11.505518 0.016785 -0.018564 0.746024 0.665449
1693922645.699762 44.890414 66.335400 -11.508044 0.016090 -0.020899 0.744737 0.666837
1693922645.799770 45.071276 66.319391 -11.511895 0.015504 -0.017209 0.742341 0.669622
1693922645.899781 45.234946 66.316239 -11.513047 0.013705 -0.018528 0.739937 0.672281
1693922645.999587 45.402368 66.310885 -11.517252 0.016956 -0.022413 0.741507 0.670356
1693922646.099823 45.572443 66.299984 -11.522906 0.014834 -0.017402 0.738881 0.673447
1693922646.199748 45.745864 66.296343 -11.523258 0.014567 -0.017126 0.736514 0.676048
1693922646.299717 45.925820 66.293599 -11.523365 0.017709 -0.011530 0.736002 0.676650
1693922646.399822 46.100034 66.293262 -11.520930 0.018927 -0.013243 0.734827 0.677861
1693922646.499947 46.269398 66.284024 -11.523242 0.018411 -0.012716 0.734965 0.677736
1693922646.599726 46.436637 66.277300 -11.523878 0.020951 -0.015770 0.737472 0.674868
1693922646.699764 46.599696 66.265730 -11.522634 0.020140 -0.017583 0.741694 0.670205
1693922646.799850 46.766479 66.255718 -11.525119 0.021029 -0.014268 0.742058 0.669854
1693922646.899878 46.932533 66.251841 -11.525975 0.019772 -0.011343 0.742897 0.669017
1693922646.999865 47.096120 66.248643 -11.529252 0.016900 -0.006264 0.742598 0.669495
1693922647.099832 47.269711 66.238893 -11.531991 0.019734 -0.009315 0.742928 0.669015
1693922647.199876 47.439160 66.223140 -11.537545 0.017821 -0.010261 0.749037 0.662208
1693922647.299849 47.621391 66.223903 -11.539777 0.024071 -0.008062 0.753688 0.656741
1693922647.399964 47.785934 66.230340 -11.535198 0.021182 -0.010494 0.758489 0.651257
1693922647.499849 47.962707 66.227823 -11.539646 0.024725 -0.005832 0.762376 0.646635
1693922647.599868 48.164331 66.223788 -11.539513 0.024311 -0.013341 0.765456 0.642891
1693922647.799899 48.444569 66.229769 -11.546162 0.022596 -0.010832 0.774434 0.632158
1693922647.899880 48.603010 66.238805 -11.554637 0.016197 -0.018317 0.771754 0.635451
1693922647.999767 48.774887 66.231704 -11.549993 0.025284 -0.025463 0.775546 0.630270
1693922648.099889 48.926635 66.241621 -11.540418 0.022485 -0.028851 0.779409 0.625446
1693922648.199818 49.102662 66.233344 -11.546155 0.029733 -0.025881 0.777881 0.627174
1693922648.300131 49.276654 66.243031 -11.539846 0.030858 -0.028421 0.774680 0.630961
1693922648.399898 49.444912 66.256668 -11.532415 0.030198 -0.030918 0.769645 0.637007
1693922648.499679 49.607553 66.251987 -11.530226 0.035493 -0.040275 0.761686 0.645719
1693922648.599878 49.761264 66.214604 -11.549552 0.030733 -0.049858 0.767810 0.637995
1693922648.699816 49.897955 66.205936 -11.561687 0.021046 -0.052614 0.764162 0.642530
1693922648.799949 50.048988 66.222727 -11.558290 0.022390 -0.062428 0.751510 0.656379
1693922648.899800 50.208659 66.227625 -11.555282 0.020327 -0.055279 0.754308 0.653873
1693922648.999760 50.391674 66.260404 -11.545117 0.019947 -0.034950 0.744123 0.666830
1693922649.099927 50.584749 66.259166 -11.547767 0.018180 -0.030405 0.731305 0.681130
1693922649.200148 50.757839 66.269546 -11.536736 0.016161 -0.027057 0.734150 0.678256
1693922649.299981 50.939194 66.275700 -11.525902 0.018522 -0.023481 0.734801 0.677624
1693922649.399927 51.151778 66.256766 -11.527256 0.020658 -0.020515 0.737105 0.675151
1693922649.599946 51.466198 66.250716 -11.525035 0.020582 -0.020349 0.738549 0.673578
1693922649.699741 51.641502 66.245485 -11.526175 0.020287 -0.017499 0.736602 0.675796
1693922649.799901 51.820980 66.237574 -11.530665 0.021294 -0.014628 0.735069 0.677499
1693922649.900214 51.994901 66.227598 -11.526061 0.023020 -0.013034 0.732440 0.680318
1693922649.999947 52.161377 66.216480 -11.528098 0.021630 -0.018428 0.733335 0.679273
1693922650.099895 52.329197 66.203909 -11.528716 0.022872 -0.019241 0.732637 0.679963
1693922650.199636 52.495365 66.191412 -11.526350 0.022324 -0.020122 0.731138 0.681567
1693922650.299623 52.661459 66.182028 -11.523595 0.023420 -0.021904 0.731340 0.681259
1693922650.399873 52.828600 66.175486 -11.523707 0.020768 -0.019102 0.727870 0.685134
1693922650.499971 52.994082 66.161423 -11.523034 0.018599 -0.021370 0.724051 0.689164
1693922650.599903 53.145206 66.151397 -11.519100 0.018912 -0.026212 0.726766 0.686124
1693922650.699822 53.315758 66.125565 -11.526586 0.016534 -0.028129 0.723669 0.689375
1693922650.799780 53.480733 66.106409 -11.532914 0.019343 -0.026578 0.722381 0.690713
1693922650.899565 53.652220 66.091235 -11.535885 0.016587 -0.025006 0.719369 0.693979
1693922650.999680 53.817341 66.067699 -11.537090 0.016934 -0.024665 0.716279 0.697172
1693922651.099977 53.978810 66.054905 -11.537148 0.012010 -0.030829 0.715385 0.697946
1693922651.200027 54.138937 66.027121 -11.538860 0.013521 -0.030454 0.714288 0.699058
1693922651.299557 54.313818 66.018216 -11.528583 0.014922 -0.028119 0.712758 0.700687
1693922651.399879 54.478537 66.011049 -11.509156 0.010668 -0.026042 0.707174 0.706479
1693922651.499690 54.648256 65.981902 -11.515971 0.013628 -0.023923 0.699303 0.714295
1693922651.599941 54.802143 65.959345 -11.527274 0.010900 -0.031485 0.705748 0.707679
1693922651.699552 55.002652 65.923606 -11.543711 0.014485 -0.022247 0.708856 0.704854
1693922651.899643 55.312367 65.883476 -11.527543 0.015902 -0.016927 0.717966 0.695690
1693922651.999807 55.473309 65.879047 -11.484271 0.014564 -0.025628 0.732029 0.680636
1693922652.099800 55.631947 65.867693 -11.490365 0.012267 -0.024468 0.736159 0.676255
1693922652.199766 55.797117 65.855227 -11.492592 0.007310 -0.025255 0.746779 0.664553
1693922652.299807 55.955747 65.847157 -11.509056 0.010129 -0.024147 0.757897 0.651849
1693922652.399806 56.133662 65.846096 -11.491956 0.015996 -0.018850 0.766372 0.641921
1693922652.499782 56.307101 65.854405 -11.480080 0.009474 -0.019049 0.773385 0.633579
1693922652.599794 56.475250 65.844444 -11.485836 0.021980 -0.015948 0.784019 0.620142
1693922652.699724 56.662982 65.855284 -11.468163 0.020732 -0.018229 0.797363 0.602868
1693922652.799926 56.831615 65.878574 -11.464265 0.013338 -0.017750 0.796612 0.604083
1693922652.899800 56.991665 65.894569 -11.493367 0.012268 -0.014406 0.787674 0.615801
1693922652.999647 57.136747 65.908899 -11.487661 0.013020 -0.024505 0.792316 0.609480
1693922653.099719 57.295730 65.915417 -11.507903 0.020134 -0.018836 0.792880 0.608754
1693922653.199611 57.451862 65.922910 -11.533601 0.014719 -0.017044 0.789198 0.613726
1693922653.299815 57.611986 65.946413 -11.521596 0.028711 -0.018569 0.794380 0.606458
1693922653.399911 57.784342 65.970998 -11.521986 0.021344 -0.016437 0.796095 0.604572
1693922653.499896 57.941768 66.003055 -11.524631 0.011101 -0.009160 0.790915 0.611756
1693922653.599819 58.101900 66.031285 -11.531787 0.006790 -0.013730 0.784465 0.619983
1693922653.699614 58.259375 66.047055 -11.534105 0.008525 -0.018077 0.789149 0.613876
1693922653.799923 58.422239 66.063675 -11.541666 0.007437 -0.015884 0.790050 0.612791
1693922653.899788 58.581422 66.079713 -11.538377 0.009164 -0.016385 0.789273 0.613756
1693922654.000453 58.746293 66.104837 -11.543338 0.005796 -0.012970 0.787151 0.616597
1693922654.099862 58.903788 66.124490 -11.538158 0.005122 -0.014738 0.784933 0.619384
1693922654.199983 59.052537 66.132172 -11.527318 0.007675 -0.016780 0.786050 0.617888
1693922654.299796 59.195712 66.147358 -11.527296 0.011044 -0.017868 0.788835 0.614246
1693922654.399991 59.318547 66.161595 -11.527155 0.011950 -0.008611 0.786325 0.617638
1693922654.499750 59.458913 66.181598 -11.507668 0.016530 -0.006355 0.783931 0.620595
1693922654.599946 59.574365 66.187292 -11.502471 0.020659 -0.009364 0.791080 0.611292
1693922654.699838 59.698866 66.218958 -11.499292 0.016363 -0.003394 0.795101 0.606247
1693922654.899969 59.814392 66.241811 -11.503041 0.013276 -0.000633 0.794682 0.606880
1693922654.999890 59.873658 66.258608 -11.499227 0.009453 0.000210 0.794387 0.607338
1693922655.199924 59.916619 66.274056 -11.493578 0.004592 0.000547 0.790104 0.612956
1693922655.299909 59.937769 66.280290 -11.488556 0.006483 0.000754 0.785019 0.619438
1693922655.399799 59.943821 66.277890 -11.488933 0.007150 -0.000973 0.785101 0.619326
1693922655.499914 59.940360 66.277319 -11.493506 0.006642 -0.001820 0.785059 0.619383
1693922655.599849 59.926944 66.273120 -11.493706 0.002915 -0.006051 0.787088 0.616804
1693922655.699759 59.905184 66.272318 -11.502583 -0.003589 -0.010991 0.788269 0.615223
1693922655.799978 59.898388 66.272927 -11.499716 -0.002815 -0.011094 0.788076 0.615472
1693922655.900232 59.895889 66.271657 -11.501086 -0.002651 -0.011195 0.788262 0.615232
1693922655.999884 59.894547 66.270271 -11.502321 -0.002326 -0.010842 0.788186 0.615338
1693922656.099746 59.896238 66.270355 -11.502017 -0.002278 -0.009763 0.788447 0.615021
1693922656.199823 59.897255 66.270572 -11.504969 -0.001868 -0.008984 0.788523 0.614936
1693922656.299840 59.897847 66.270968 -11.503890 -0.002126 -0.009379 0.788630 0.614793
1693922656.399822 59.896580 66.270502 -11.503402 -0.002732 -0.010132 0.788771 0.614597
1693922656.499883 59.897730 66.270831 -11.500680 -0.002619 -0.010329 0.788599 0.614816
1693922656.600007 59.897739 66.270254 -11.502268 -0.002131 -0.010627 0.788786 0.614572
1693922656.700055 59.897103 66.271173 -11.499842 -0.002048 -0.010668 0.788561 0.614861
1693922656.799891 59.898614 66.270564 -11.500574 -0.001519 -0.010485 0.788717 0.614665
1693922656.899861 59.897806 66.270152 -11.499976 -0.001429 -0.010875 0.788636 0.614762
1693922657.000069 59.897742 66.269958 -11.499503 -0.001354 -0.010696 0.788692 0.614693
1693922657.199919 59.897286 66.269971 -11.499875 -0.001969 -0.010752 0.788634 0.614765
1693922657.300131 59.897295 66.271029 -11.499542 -0.002124 -0.010690 0.788658 0.614736
1693922657.399926 59.897993 66.271038 -11.500506 -0.002434 -0.010646 0.788708 0.614671
1693922657.500100 59.896412 66.271257 -11.502176 -0.002388 -0.010182 0.788646 0.614759
1693922657.600024 59.897289 66.270553 -11.502350 -0.002445 -0.010359 0.788669 0.614726
1693922657.699904 59.895990 66.270254 -11.502728 -0.002090 -0.010284 0.788676 0.614719
1693922657.800009 59.896590 66.270682 -11.502883 -0.002776 -0.011013 0.788698 0.614676
1693922658.099899 59.897971 66.270204 -11.502198 -0.002444 -0.011136 0.788705 0.614667
1693922658.200082 59.896660 66.269680 -11.502923 -0.001971 -0.010375 0.788705 0.614682
1693922658.299904 59.896093 66.269968 -11.503830 -0.001792 -0.010114 0.788750 0.614628
1693922658.599969 59.897631 66.270173 -11.500811 -0.002136 -0.010228 0.788679 0.614716
1693922658.699875 59.896638 66.271199 -11.500239 -0.001945 -0.010455 0.788702 0.614684
1693922658.799956 59.895782 66.270810 -11.497729 -0.001849 -0.010469 0.788710 0.614674
1693922658.899913 59.896527 66.270042 -11.500352 -0.002687 -0.010829 0.788751 0.614611
1693922659.000157 59.898492 66.270496 -11.501408 -0.002869 -0.010820 0.788765 0.614593
1693922659.100159 59.898178 66.270655 -11.501449 -0.001546 -0.009829 0.788632 0.614785
1693922659.200069 59.897770 66.270377 -11.500690 -0.001670 -0.010339 0.788684 0.614709
1693922660.800006 59.896044 66.270259 -11.499899 -0.001713 -0.010348 0.788774 0.614594
1693922660.900081 59.897016 66.271040 -11.501114 -0.001733 -0.010538 0.788776 0.614589
1693922661.000133 59.898384 66.270082 -11.501981 -0.001673 -0.010487 0.788719 0.614662
1693922661.099945 59.899422 66.270319 -11.501368 -0.001695 -0.010685 0.788731 0.614644
1693922661.199823 59.897565 66.271087 -11.506572 -0.001362 -0.010806 0.788700 0.614682
1693922661.299939 59.896505 66.270446 -11.506534 -0.000799 -0.010984 0.788659 0.614732
1693922661.600088 59.895970 66.270498 -11.501716 -0.001182 -0.010799 0.788674 0.614715
1693922661.700042 59.897273 66.270912 -11.501622 -0.001400 -0.010851 0.788684 0.614702
1693922661.800144 59.897548 66.270197 -11.502307 -0.001411 -0.010626 0.788736 0.614638
1693922661.900210 59.898861 66.270111 -11.500689 -0.001374 -0.010635 0.788750 0.614620
1693922661.999881 59.899068 66.271005 -11.499679 -0.001150 -0.010516 0.788743 0.614632
1693922662.100184 59.897746 66.270790 -11.502390 -0.000984 -0.010509 0.788741 0.614635
1693922662.200088 59.897630 66.271326 -11.501137 -0.000885 -0.010706 0.788750 0.614620
1693922662.300076 59.897519 66.271294 -11.501313 -0.000910 -0.010771 0.788755 0.614612
1693922662.400120 59.897428 66.270768 -11.500788 -0.000815 -0.010936 0.788755 0.614610
1693922662.500204 59.895634 66.270389 -11.504022 -0.000496 -0.010618 0.788750 0.614622
1693922662.600232 59.894551 66.270580 -11.499663 -0.000538 -0.010683 0.788722 0.614656
1693922662.700181 59.894315 66.269937 -11.498731 -0.000381 -0.010670 0.788766 0.614601
1693922662.800098 59.894462 66.270383 -11.499995 -0.000249 -0.010699 0.788765 0.614602
1693922662.900013 59.896003 66.270720 -11.502082 0.000127 -0.010612 0.788718 0.614664
1693922663.000143 59.895352 66.269817 -11.500631 -0.000240 -0.010937 0.788711 0.614667
1693922663.099704 59.895611 66.270287 -11.501022 -0.000261 -0.011047 0.788761 0.614601
1693922663.200103 59.895272 66.269651 -11.500894 -0.000285 -0.011103 0.788691 0.614689
1693922663.299840 59.894780 66.269815 -11.497748 -0.000051 -0.010952 0.788736 0.614634
1693922663.400153 59.896564 66.269763 -11.495017 -0.000155 -0.011245 0.788772 0.614583
1693922664.000181 59.894679 66.272891 -11.494642 -0.000851 -0.011820 0.786861 0.617016
1693922664.100080 59.892716 66.274696 -11.496476 -0.001367 -0.012335 0.783546 0.621210
1693922664.200047 59.896249 66.278337 -11.495310 -0.002053 -0.013446 0.776752 0.629660
1693922664.300113 59.900961 66.284687 -11.491040 -0.002664 -0.015701 0.766362 0.642212
1693922664.400224 59.911979 66.294350 -11.494290 -0.003888 -0.017579 0.752154 0.658741
1693922664.500009 59.932187 66.301112 -11.495534 -0.004378 -0.018789 0.735181 0.677597
1693922664.599767 59.959912 66.309666 -11.495547 -0.005609 -0.020301 0.715451 0.698346
1693922664.700134 59.995711 66.317205 -11.494630 -0.006765 -0.021660 0.695404 0.718260
1693922664.800241 60.046463 66.318195 -11.490941 -0.008351 -0.022992 0.677150 0.735438
1693922664.900139 60.105507 66.313704 -11.488452 -0.009878 -0.023187 0.661713 0.749334
1693922665.000179 60.174266 66.301969 -11.492140 -0.010792 -0.022350 0.647651 0.761533
1693922665.100232 60.254668 66.281122 -11.491428 -0.009624 -0.023991 0.637155 0.770302
1693922665.200011 60.339755 66.248327 -11.487953 -0.007190 -0.024601 0.629063 0.776932
1693922665.300093 60.432176 66.210104 -11.483785 -0.005209 -0.025003 0.621701 0.782839
1693922665.400190 60.536121 66.169096 -11.486698 -0.003059 -0.026143 0.617697 0.785975
1693922665.499896 60.646395 66.122630 -11.483929 -0.001462 -0.025886 0.614007 0.788875
1693922665.600150 60.764577 66.073107 -11.483136 0.000410 -0.024868 0.611576 0.790794
1693922665.700237 60.891884 66.022678 -11.476262 0.001836 -0.024643 0.607056 0.794275
1693922666.000382 61.304654 65.846469 -11.472338 0.000962 -0.024737 0.601717 0.798326
1693922666.100166 61.454812 65.786841 -11.466781 0.000927 -0.023186 0.598321 0.800920
1693922666.200153 61.603461 65.719094 -11.460590 0.001609 -0.023035 0.594819 0.803528
1693922666.299979 61.756194 65.643587 -11.461843 0.003478 -0.023127 0.597370 0.801625
1693922666.400285 61.918714 65.572900 -11.463141 0.003621 -0.020970 0.594838 0.803564
1693922666.499748 62.081663 65.496708 -11.461938 0.005800 -0.018465 0.595613 0.803038
1693922666.600387 62.245360 65.423510 -11.455256 0.006342 -0.019276 0.597535 0.801586
1693922666.700261 62.405006 65.345542 -11.459961 0.007990 -0.016870 0.602254 0.798087
1693922666.800295 62.559704 65.268988 -11.468626 0.008899 -0.021329 0.609428 0.792505
1693922666.900311 62.713023 65.194768 -11.473115 0.009982 -0.018896 0.619052 0.785059
1693922667.000303 62.873015 65.129695 -11.460183 0.011097 -0.019653 0.625899 0.779577
1693922667.100209 63.026914 65.067908 -11.453808 0.011690 -0.020607 0.632156 0.774479
1693922667.200267 63.182429 65.018255 -11.445841 0.007746 -0.022013 0.633517 0.773377
1693922667.300356 63.337636 64.976131 -11.438788 0.006079 -0.020820 0.634165 0.772894
1693922667.400416 63.492304 64.919110 -11.455200 0.000917 -0.020125 0.631116 0.775427
1693922667.500444 63.648106 64.866026 -11.450045 0.001770 -0.021394 0.634059 0.772987
1693922667.600287 63.804148 64.812794 -11.452192 0.001625 -0.019351 0.634957 0.772303
1693922667.700232 63.960928 64.756955 -11.446086 0.003906 -0.018079 0.639612 0.768475
1693922667.799544 64.124232 64.707607 -11.447351 0.003789 -0.016082 0.642997 0.765690
1693922667.900377 64.286365 64.656086 -11.441832 0.004384 -0.016365 0.648013 0.761441
1693922668.000357 64.439382 64.605772 -11.452436 0.003607 -0.017382 0.653875 0.756394
1693922668.099919 64.599328 64.549389 -11.454665 0.004898 -0.016126 0.658258 0.752604
1693922668.200213 64.758832 64.502387 -11.460284 0.002554 -0.015665 0.662506 0.748888
1693922668.300292 64.922372 64.462729 -11.439419 0.006322 -0.019125 0.669511 0.742529
1693922668.400406 65.082463 64.427634 -11.444993 0.002880 -0.015481 0.668926 0.743162
1693922668.500414 65.236698 64.392055 -11.437613 0.004034 -0.016666 0.670194 0.741988
1693922668.600236 65.397384 64.347560 -11.434798 0.006350 -0.017892 0.672597 0.739766
1693922668.700339 65.553508 64.319557 -11.431378 0.005901 -0.015653 0.672124 0.740250
1693922668.800288 65.710810 64.278795 -11.462951 0.002972 -0.014715 0.670024 0.742188
1693922668.900403 65.862143 64.217109 -11.486543 0.002149 -0.013159 0.673929 0.738676
1693922669.200317 66.349262 64.110020 -11.435603 0.012667 -0.017405 0.685603 0.727657
1693922669.300172 66.507885 64.068150 -11.438745 0.012584 -0.017428 0.692145 0.721438
1693922669.400258 66.666888 64.034009 -11.450283 0.006652 -0.016325 0.694434 0.719340
1693922669.500374 66.828328 63.998347 -11.446331 0.010767 -0.017848 0.699977 0.713861
1693922669.600366 66.996828 63.981791 -11.440034 0.013942 -0.018427 0.709393 0.704434
1693922669.700245 67.163494 63.950469 -11.434984 0.010598 -0.016208 0.714637 0.699227
1693922669.800413 67.350645 63.903541 -11.433582 0.014109 -0.018002 0.732551 0.680328
1693922670.000272 67.649560 63.896145 -11.449365 0.013814 -0.015533 0.742126 0.669938
1693922670.100262 67.802979 63.875726 -11.448619 0.013055 -0.019231 0.749987 0.661044
1693922670.200401 67.968798 63.870203 -11.462065 0.014462 -0.016491 0.759777 0.649814
1693922670.300334 68.139181 63.873895 -11.440310 0.013779 -0.015396 0.762989 0.646082
1693922670.400433 68.307201 63.880961 -11.436668 0.014400 -0.012432 0.769704 0.638117
1693922670.500529 68.477243 63.889236 -11.428307 0.017432 -0.012950 0.774753 0.631891
1693922670.800541 68.983133 63.918119 -11.443016 0.014855 -0.015099 0.785686 0.618263
1693922670.900382 69.157965 63.924197 -11.453531 0.017793 -0.009333 0.790284 0.612412
1693922671.000255 69.318443 63.944391 -11.467689 0.009137 -0.010652 0.791534 0.610963
1693922671.100393 69.484352 63.978781 -11.454428 0.015350 -0.009701 0.790833 0.611762
1693922671.200238 69.643608 63.993394 -11.460091 0.010029 -0.013679 0.793834 0.607898
1693922671.300318 69.807458 64.017194 -11.456367 0.010521 -0.013611 0.793412 0.608442
1693922671.400533 69.966537 64.027924 -11.450264 0.012708 -0.020002 0.797547 0.602791
1693922671.500363 70.129436 64.027085 -11.471275 0.010645 -0.015177 0.803501 0.595015
1693922671.600278 70.282678 64.057446 -11.471868 0.006910 -0.015954 0.803077 0.595621
1693922671.700370 70.450129 64.093279 -11.452273 0.011214 -0.014868 0.804343 0.593873
1693922671.800419 70.613570 64.117243 -11.441116 0.010319 -0.019179 0.806858 0.590344
1693922671.900448 70.794871 64.154893 -11.423891 0.014355 -0.014473 0.806757 0.590531
1693922672.100433 71.083215 64.199958 -11.420207 0.018398 -0.015104 0.806802 0.590343
1693922672.200482 71.227445 64.221096 -11.424627 0.016188 -0.014975 0.807918 0.588882
1693922672.300438 71.370774 64.233665 -11.429992 0.017092 -0.008744 0.807084 0.590125
1693922672.400043 71.525098 64.277327 -11.424599 0.022797 -0.008219 0.803296 0.595086
1693922672.500287 71.682058 64.295966 -11.420145 0.025963 -0.004498 0.804235 0.593727
1693922672.600487 71.832167 64.329056 -11.418668 0.027894 -0.005187 0.802446 0.596049
1693922672.700487 71.984720 64.328177 -11.423042 0.034210 -0.008974 0.802614 0.595449
1693922672.900520 72.204402 64.374206 -11.441033 0.004212 -0.031082 0.811428 0.583610
1693922673.000365 72.330850 64.412109 -11.452431 0.001285 -0.028725 0.804715 0.592965
1693922673.100549 72.465855 64.449768 -11.443357 -0.005609 -0.024069 0.800231 0.599182
1693922673.200498 72.623231 64.464559 -11.440465 0.002713 -0.018599 0.796540 0.604293
1693922673.300331 72.783844 64.487172 -11.429742 0.007014 -0.015718 0.801327 0.597978
1693922673.400374 72.942956 64.506228 -11.429837 0.008104 -0.015352 0.803264 0.595370
1693922673.500455 73.096514 64.528532 -11.432398 0.005035 -0.016303 0.803804 0.594650
1693922673.600511 73.247570 64.553309 -11.435056 0.006017 -0.015231 0.804148 0.594203
1693922673.700560 73.400885 64.582512 -11.428506 0.005528 -0.018361 0.804466 0.593689
1693922673.800233 73.557114 64.609176 -11.423554 0.005451 -0.016869 0.803410 0.595163
1693922673.900435 73.722828 64.632955 -11.425091 0.004787 -0.019869 0.804071 0.594181
1693922674.000529 73.890404 64.665352 -11.419405 0.005400 -0.018516 0.801953 0.597076
1693922674.100459 74.061508 64.678356 -11.422228 0.004241 -0.021356 0.802530 0.596215
1693922674.200387 74.241644 64.724882 -11.411927 0.007613 -0.019078 0.801803 0.597235
1693922674.400530 74.568315 64.767047 -11.405624 0.008188 -0.013773 0.798050 0.602379
1693922674.500394 74.732090 64.791038 -11.407875 0.007358 -0.014684 0.798111 0.602286
1693922674.600441 74.902599 64.804728 -11.412688 0.011151 -0.014728 0.799091 0.600926
1693922674.700546 75.076794 64.826770 -11.411242 0.012748 -0.012791 0.798416 0.601835
1693922674.800427 75.262149 64.849475 -11.403723 0.026779 -0.003318 0.798595 0.601263
1693922674.900273 75.438972 64.888242 -11.396544 0.021969 -0.008372 0.798657 0.601328
1693922674.999872 75.598264 64.920595 -11.399916 0.015866 0.000156 0.792042 0.610260
1693922675.100090 75.772009 64.932471 -11.408567 0.017399 -0.013085 0.789496 0.613370
1693922675.700501 76.725243 65.041405 -11.409229 0.009648 -0.022210 0.793075 0.608642
1693922675.799988 76.881303 65.062081 -11.408241 0.007256 -0.024514 0.793057 0.608611
1693922675.900550 77.043121 65.080875 -11.410188 0.008297 -0.025379 0.792468 0.609328
1693922676.000503 77.205154 65.099637 -11.405478 0.008505 -0.025798 0.791013 0.611197
1693922676.100488 77.381145 65.104944 -11.407006 0.015954 -0.023517 0.794033 0.607210
1693922676.200337 77.568618 65.138494 -11.394248 0.020179 -0.019359 0.796095 0.604526
1693922676.400419 77.896897 65.167840 -11.398096 0.019252 -0.021092 0.799776 0.599619
1693922676.500568 78.055920 65.200656 -11.395820 0.013780 -0.021364 0.804873 0.592902
1693922676.599940 78.204776 65.223213 -11.403346 0.009576 -0.018345 0.804361 0.593780
1693922676.700508 78.370847 65.259432 -11.403974 0.008388 -0.018923 0.810390 0.585525
1693922676.799603 78.522842 65.287343 -11.399876 0.008273 -0.016814 0.814013 0.580545
1693922676.900505 78.688664 65.320645 -11.398301 0.010364 -0.015256 0.817664 0.575400
1693922677.000461 78.852509 65.351875 -11.397512 0.010858 -0.014249 0.820634 0.571173
1693922677.100526 79.017912 65.387685 -11.394810 0.010325 -0.013441 0.823217 0.567474
1693922677.200512 79.179394 65.426395 -11.391752 0.010461 -0.015133 0.826399 0.562784
1693922677.299878 79.331899 65.462189 -11.393580 0.006244 -0.016055 0.827251 0.561568
1693922677.399559 79.486503 65.504196 -11.391748 0.006090 -0.016786 0.829379 0.558401
1693922677.500227 79.650481 65.545945 -11.389956 0.006563 -0.016625 0.831353 0.555456
1693922677.600294 79.807234 65.587613 -11.389527 0.005470 -0.016113 0.832154 0.554283
1693922677.700570 79.967883 65.630110 -11.390286 0.006719 -0.013519 0.833346 0.552546
1693922677.800405 80.129109 65.673769 -11.385250 0.007377 -0.012517 0.834238 0.551214
1693922677.900481 80.282185 65.715847 -11.389534 0.006232 -0.013549 0.835869 0.548727
1693922677.999628 80.437254 65.762334 -11.391913 0.006597 -0.013815 0.836075 0.548402
1693922678.100415 80.594249 65.804635 -11.388644 0.006987 -0.014178 0.836439 0.547831
1693922678.200499 80.750626 65.851240 -11.390483 0.005875 -0.012012 0.836715 0.547476
1693922678.300508 80.904843 65.900953 -11.382021 0.009013 -0.011138 0.836272 0.548128
1693922678.400002 81.065558 65.939086 -11.387140 0.007999 -0.009897 0.837473 0.546330
1693922678.499634 81.223457 65.987820 -11.383894 0.010886 -0.009449 0.836696 0.547479
1693922678.600482 81.388243 66.027300 -11.385387 0.009890 -0.009842 0.837082 0.546899
1693922678.700692 81.545509 66.075183 -11.384247 0.008716 -0.011770 0.836990 0.547023
1693922678.799829 81.706052 66.118450 -11.387772 0.008182 -0.008568 0.836462 0.547897
1693922678.900468 81.862060 66.170522 -11.379624 0.005919 -0.008675 0.834807 0.550442
1693922679.000564 82.011874 66.221212 -11.372380 0.003547 -0.015254 0.834665 0.550536
1693922679.100175 82.177041 66.256018 -11.383124 0.007475 -0.014965 0.837289 0.546505
1693922679.200358 82.343533 66.299451 -11.387523 -0.000253 -0.009823 0.835930 0.548748
1693922679.300493 82.506435 66.359068 -11.374066 0.003792 -0.009863 0.831839 0.554916
1693922679.400557 82.706928 66.412160 -11.379689 0.007430 -0.011457 0.836779 0.547370
1693922679.600535 82.997471 66.485415 -11.378297 0.005009 -0.010551 0.835684 0.549087
1693922679.700587 83.163090 66.530010 -11.374017 0.008941 -0.008753 0.835824 0.548855
1693922679.800668 83.326665 66.578330 -11.378566 0.006203 -0.008119 0.835169 0.549898
1693922679.899543 83.493120 66.630602 -11.371440 0.008070 -0.004214 0.831921 0.554819
1693922679.999842 83.656449 66.681920 -11.369447 0.007210 -0.005943 0.827154 0.561897
1693922680.099791 83.821668 66.727805 -11.370184 0.007373 -0.004564 0.821723 0.569821
1693922680.200659 83.989243 66.774315 -11.371444 0.005982 -0.003558 0.815507 0.578705
1693922680.300551 84.157646 66.811912 -11.373935 0.008395 -0.002935 0.809817 0.586615
1693922680.400611 84.333066 66.837978 -11.371078 0.008772 -0.004384 0.807741 0.589455
1693922680.500712 84.503670 66.867217 -11.370122 0.008230 -0.006773 0.804588 0.593737
1693922680.599597 84.671503 66.891754 -11.375574 0.007996 -0.008002 0.803247 0.595539
1693922680.700626 84.836182 66.919497 -11.379655 0.006900 -0.009409 0.798576 0.601781
1693922680.800357 85.041872 66.957535 -11.378966 0.008221 -0.010251 0.790750 0.611999
1693922681.000539 85.334278 66.993239 -11.372759 0.007780 -0.011296 0.781851 0.623315
1693922681.100648 85.502093 67.002823 -11.373559 0.008206 -0.012168 0.778331 0.627682
1693922681.200531 85.669993 67.019813 -11.372018 0.006408 -0.014370 0.773956 0.633043
1693922681.299557 85.837233 67.027905 -11.371183 0.008243 -0.012593 0.769671 0.638263
1693922681.400733 86.004891 67.036825 -11.374845 0.006727 -0.013351 0.768112 0.640141
1693922681.499887 86.174925 67.047579 -11.373019 0.008980 -0.010953 0.765549 0.643221
1693922681.600609 86.348064 67.052719 -11.372089 0.007530 -0.011795 0.765326 0.643491
1693922681.700485 86.521495 67.058038 -11.368497 0.008775 -0.010624 0.764623 0.644330
1693922681.800582 86.721321 67.069119 -11.372017 0.007120 -0.009941 0.762705 0.646631
1693922682.000570 87.029012 67.079168 -11.374050 0.005420 -0.011040 0.761140 0.648471
1693922682.100617 87.189741 67.081464 -11.375357 0.006012 -0.011584 0.762079 0.647353
1693922682.200610 87.359621 67.089621 -11.371480 0.008013 -0.010810 0.761190 0.648389
1693922682.500553 87.870733 67.093410 -11.372225 0.009099 -0.013084 0.758716 0.651227
1693922682.600467 88.032455 67.101340 -11.369975 0.006660 -0.017677 0.754781 0.655705
1693922682.700643 88.198477 67.106668 -11.368903 0.006846 -0.016434 0.749827 0.661394
1693922682.800673 88.367424 67.107061 -11.367658 0.006677 -0.018217 0.745055 0.666720
1693922682.900558 88.536416 67.098649 -11.365295 0.007659 -0.015597 0.742834 0.669250
1693922682.999949 88.701908 67.097419 -11.364825 0.006324 -0.019300 0.739543 0.672803
1693922683.100384 88.875091 67.090051 -11.365348 0.007832 -0.016557 0.737059 0.675580
1693922683.200645 89.062240 67.087630 -11.364463 0.006997 -0.017561 0.734577 0.678261
1693922683.400572 89.397741 67.078537 -11.358550 0.003586 -0.016679 0.722727 0.690923
1693922683.599842 89.707802 67.043922 -11.348122 0.003451 -0.017442 0.708715 0.705270
1693922683.699861 89.872600 67.022862 -11.347652 0.002121 -0.016698 0.697508 0.716379
1693922683.800499 90.045050 67.012057 -11.351080 0.002726 -0.015328 0.689577 0.724045
1693922683.999851 90.348546 66.945287 -11.350372 0.001812 -0.017715 0.675660 0.736998
1693922684.400688 91.014277 66.793310 -11.348082 0.005680 -0.013842 0.650138 0.759669
1693922684.500301 91.170415 66.748452 -11.349438 0.002339 -0.016641 0.641894 0.766609
1693922684.600693 91.315928 66.701963 -11.348392 0.001771 -0.015917 0.635917 0.771591
1693922684.699579 91.468786 66.658824 -11.349056 -0.002151 -0.016812 0.626929 0.778892
1693922684.800255 91.617262 66.603001 -11.345045 0.002659 -0.022514 0.628377 0.777579
1693922684.900732 91.788420 66.535316 -11.343381 0.004292 -0.022948 0.627261 0.778459
1693922685.000370 91.979791 66.471305 -11.339040 0.002775 -0.020544 0.621239 0.783347
1693922685.200609 92.244228 66.367987 -11.321850 -0.000696 -0.021646 0.622803 0.782079
1693922685.300654 92.389920 66.309884 -11.316450 0.002844 -0.023593 0.627333 0.778388
1693922685.400159 92.524881 66.250103 -11.312964 0.007931 -0.024266 0.632054 0.774504
1693922685.500386 92.683852 66.196459 -11.315220 0.009238 -0.020445 0.644182 0.764543
1693922685.599782 92.804541 66.147820 -11.315514 0.009159 -0.023724 0.650256 0.759289
1693922685.800659 93.091354 66.063781 -11.324413 0.009956 -0.019506 0.689818 0.723652
1693922685.900622 93.235674 66.029978 -11.320098 0.010003 -0.016028 0.709525 0.704427
1693922686.000170 93.381636 66.004254 -11.321723 0.008364 -0.014834 0.726975 0.686453
1693922686.100625 93.542163 65.981250 -11.324586 0.012902 -0.017193 0.746570 0.664960
1693922686.200632 93.729357 65.973398 -11.327514 0.006873 -0.013181 0.760240 0.649472
1693922686.400171 93.966157 65.993857 -11.333217 -0.002032 -0.011855 0.763243 0.645999
1693922686.500484 94.121012 65.998659 -11.332618 -0.000479 -0.012432 0.767460 0.640976
1693922686.600564 94.271354 66.003354 -11.332521 -0.004259 -0.013640 0.767621 0.640745
1693922686.700697 94.434653 65.995642 -11.333660 0.000284 -0.015529 0.770253 0.637550
1693922687.100758 95.109567 66.032772 -11.315040 0.005053 -0.015754 0.774593 0.632244
1693922687.200156 95.287976 66.043745 -11.315331 0.006076 -0.016705 0.773796 0.633185
1693922687.300878 95.509186 66.059889 -11.314090 0.008239 -0.012973 0.773861 0.633169
1693922687.499923 95.811750 66.069422 -11.308070 0.011589 -0.013150 0.773811 0.633174
1693922687.599814 95.986702 66.078525 -11.307407 0.012805 -0.010758 0.772745 0.634496
1693922688.000118 96.668156 66.119166 -11.319283 0.015999 -0.009258 0.761051 0.648429
1693922688.100436 96.836905 66.132331 -11.322174 0.015335 -0.007733 0.752371 0.658515
1693922688.200193 97.001409 66.137592 -11.321772 0.020562 -0.003885 0.743658 0.668233
1693922688.300676 97.164432 66.138385 -11.318731 0.021890 -0.000465 0.734146 0.678638
1693922688.399941 97.323516 66.130478 -11.319680 0.028837 0.005666 0.722853 0.690376
1693922688.499945 97.454328 66.121837 -11.317329 0.029823 0.005129 0.718454 0.694916
1693922688.799937 97.741668 66.108651 -11.334928 0.022128 0.003704 0.693964 0.719660
1693922688.900703 97.835175 66.091382 -11.339515 0.023913 0.002351 0.685698 0.727489
1693922689.100781 97.929759 66.070346 -11.348310 0.022833 -0.000263 0.674908 0.737548
1693922689.200437 97.973275 66.057356 -11.349656 0.024215 -0.002541 0.669593 0.742329
1693922689.299914 98.006343 66.049464 -11.353610 0.021646 -0.003598 0.664221 0.747214
1693922689.600567 98.061037 66.034275 -11.361697 0.022368 -0.003391 0.654008 0.756149
1693922689.700300 98.059643 66.029076 -11.376384 0.020562 -0.003440 0.653510 0.756631
1693922689.800120 98.047206 66.034302 -11.363645 0.018099 -0.005589 0.654319 0.755982
1693922690.000800 98.023105 66.046544 -11.355952 0.010942 -0.009955 0.654443 0.755966
1693922690.100706 98.021820 66.048396 -11.359078 0.011484 -0.009298 0.655273 0.755247
1693922690.200085 98.025644 66.050171 -11.358978 0.012564 -0.009010 0.655418 0.755108
1693922690.400804 98.029384 66.049549 -11.358817 0.013889 -0.008709 0.655567 0.754959
1693922690.500180 98.024510 66.050939 -11.357041 0.014128 -0.010080 0.655594 0.754914
1693922690.600964 98.023239 66.052421 -11.355173 0.012861 -0.010508 0.655519 0.754996
1693922690.700730 98.022279 66.051690 -11.359749 0.013899 -0.009171 0.655588 0.754935
1693922690.800222 98.021094 66.052476 -11.367370 0.014726 -0.009624 0.655434 0.755047
1693922690.900979 98.021685 66.053091 -11.372249 0.013529 -0.008251 0.655749 0.754812
1693922691.000731 98.024831 66.056448 -11.376205 0.015263 -0.008954 0.656894 0.753775
1693922691.200961 98.028246 66.061456 -11.375447 0.014400 -0.007759 0.656422 0.754217
1693922691.300706 98.027960 66.064905 -11.377439 0.022465 -0.004436 0.655343 0.754984
1693922691.399770 98.027319 66.066406 -11.375168 0.031084 -0.008227 0.655167 0.754799
1693922691.500791 98.024982 66.070601 -11.373634 0.025078 -0.009331 0.654562 0.755535
1693922691.600013 98.025430 66.075146 -11.369949 0.026910 -0.003467 0.655228 0.754944
1693922691.700135 98.023568 66.081379 -11.366691 0.020637 -0.002894 0.654983 0.755356
1693922691.800751 98.020640 66.085119 -11.362753 0.018249 -0.003881 0.655402 0.755050
1693922691.900684 98.018176 66.089023 -11.358615 0.016184 -0.004429 0.655354 0.755136
1693922692.000528 98.016467 66.093176 -11.354450 0.011989 -0.006572 0.655313 0.755234
1693922692.100855 98.017026 66.097003 -11.349794 0.011136 -0.005870 0.655422 0.755158
1693922692.200720 98.016229 66.099342 -11.345127 0.013155 -0.007208 0.655277 0.755239
1693922692.300860 98.013010 66.102622 -11.342767 0.016602 -0.007154 0.655189 0.755248
1693922692.400127 98.012133 66.105975 -11.339291 0.015580 -0.007932 0.654870 0.755539
1693922692.500837 98.013764 66.109448 -11.335774 0.015394 -0.007958 0.654566 0.755806
1693922692.600505 98.018455 66.110339 -11.331745 0.016715 -0.007348 0.654202 0.756100
1693922692.800751 98.025824 66.115880 -11.324854 0.018320 -0.009095 0.652155 0.757809
1693922692.900380 98.030457 66.119683 -11.321588 0.018075 -0.010535 0.650449 0.759262
1693922693.000023 98.037363 66.125184 -11.318532 0.016308 -0.011510 0.645558 0.763451
1693922693.100774 98.048152 66.131340 -11.315390 0.014402 -0.012578 0.635304 0.772026
1693922693.200398 98.064965 66.137830 -11.312051 0.012121 -0.013553 0.618290 0.785740
1693922693.400831 98.120749 66.144583 -11.304196 0.009562 -0.014900 0.567882 0.822920
1693922693.500340 98.158834 66.140896 -11.300000 0.008482 -0.017014 0.540757 0.840964
1693922693.600975 98.204948 66.130759 -11.295516 0.006662 -0.016814 0.514255 0.857447
1693922693.700456 98.257406 66.110904 -11.291757 0.005570 -0.018111 0.493906 0.869309
1693922693.800369 98.317462 66.082313 -11.288371 0.004506 -0.016480 0.475184 0.879720
1693922693.900855 98.383120 66.044945 -11.285226 0.003349 -0.014494 0.458538 0.888550
1693922694.200524 98.596703 65.871466 -11.281908 -0.000041 -0.013758 0.422399 0.906305
1693922694.300770 98.672333 65.792570 -11.284831 -0.001472 -0.016212 0.413379 0.910414
1693922694.400185 98.751174 65.704621 -11.289527 -0.002333 -0.018012 0.402978 0.915029
1693922694.500851 98.834279 65.607516 -11.293414 -0.003421 -0.021937 0.395302 0.918283
1693922694.600879 98.929161 65.503139 -11.296224 -0.002907 -0.022356 0.378590 0.925290
1693922694.700765 99.026507 65.388103 -11.298769 -0.001740 -0.020031 0.365377 0.930643
1693922694.799874 99.122986 65.264521 -11.301731 0.000157 -0.018807 0.351702 0.935923
1693922694.900787 99.220767 65.131065 -11.304554 -0.000248 -0.018234 0.336232 0.941603
1693922695.000409 99.316682 64.991572 -11.308547 0.002616 -0.019553 0.324306 0.945747
1693922695.100884 99.411121 64.846932 -11.311987 -0.001141 -0.016139 0.309950 0.950615
1693922695.200472 99.495913 64.689163 -11.312768 0.004638 -0.019143 0.306894 0.951540
1693922695.301100 99.580935 64.530723 -11.314337 0.004148 -0.018070 0.301671 0.953232
1693922695.400882 99.659251 64.369552 -11.316028 0.006154 -0.020773 0.300361 0.953579
1693922695.500850 99.735380 64.207064 -11.317484 0.005061 -0.025775 0.300462 0.953432
1693922695.600891 99.815783 64.046542 -11.317024 0.003952 -0.028390 0.299035 0.953812
1693922695.700022 99.897706 63.888309 -11.316834 0.004872 -0.027101 0.296224 0.954721
1693922695.800797 99.981133 63.729774 -11.315651 0.002686 -0.026598 0.292734 0.955820
1693922696.000220 100.146618 63.421950 -11.316801 0.000950 -0.018018 0.277181 0.960648
1693922696.100854 100.219215 63.266295 -11.317598 -0.001324 -0.017980 0.269771 0.962756
1693922696.200406 100.289545 63.111002 -11.317936 -0.003262 -0.019332 0.263316 0.964511
1693922696.299907 100.359036 62.954647 -11.316536 -0.004133 -0.019058 0.254282 0.966933
1693922696.400835 100.426527 62.795604 -11.315656 -0.005153 -0.017322 0.247031 0.968839
1693922696.500826 100.486258 62.633067 -11.313791 -0.002804 -0.018822 0.242226 0.970033
1693922696.600918 100.545876 62.471458 -11.312146 -0.004564 -0.019874 0.237652 0.971136
1693922696.700500 100.601799 62.306192 -11.309278 -0.002293 -0.021364 0.233574 0.972102
1693922696.799937 100.658846 62.144326 -11.306648 -0.002019 -0.020880 0.227883 0.973463
1693922696.900550 100.711974 61.980823 -11.305752 -0.002161 -0.020797 0.225011 0.974132
1693922697.000947 100.765833 61.817659 -11.305225 -0.002874 -0.023670 0.221504 0.974868
1693922697.099622 100.814835 61.657884 -11.304409 -0.003446 -0.021473 0.216479 0.976045
1693922697.500981 101.010812 61.004712 -11.301393 -0.003271 -0.022582 0.201283 0.979267
1693922697.600203 101.055266 60.844133 -11.301587 -0.004605 -0.022507 0.197900 0.979953
1693922697.700464 101.098816 60.679552 -11.301238 -0.004077 -0.020838 0.193222 0.980925
1693922697.800504 101.143464 60.515297 -11.301533 -0.004301 -0.024237 0.190272 0.981423
1693922697.900923 101.189228 60.351442 -11.302130 -0.004013 -0.017632 0.180368 0.983433
1693922698.501039 101.396416 59.371988 -11.299886 -0.007141 -0.021730 0.147918 0.988735
1693922698.600487 101.423520 59.208147 -11.297454 -0.006744 -0.023310 0.144129 0.989261
1693922698.699996 101.451107 59.047413 -11.295260 -0.008718 -0.024972 0.136306 0.990314
1693922698.799689 101.476709 58.884126 -11.292901 -0.008384 -0.023601 0.128485 0.991395
1693922698.900498 101.500783 58.720898 -11.290099 -0.008469 -0.022605 0.122497 0.992175
1693922699.000064 101.520633 58.558413 -11.287336 -0.010666 -0.024311 0.115869 0.992910
1693922699.300126 101.571887 58.055932 -11.277535 -0.007240 -0.023672 0.095382 0.995133
1693922699.400221 101.585369 57.887367 -11.275247 -0.006247 -0.023045 0.087476 0.995880
1693922699.500029 101.594622 57.719001 -11.272622 -0.003946 -0.022437 0.082090 0.996365
1693922699.599987 101.599752 57.553210 -11.270850 -0.004433 -0.023841 0.079209 0.996563
1693922699.700954 101.604031 57.387265 -11.269778 -0.008341 -0.024979 0.076366 0.996732
1693922699.800071 101.609204 57.224286 -11.268556 -0.009237 -0.025184 0.074238 0.996880
1693922699.900126 101.614248 57.059876 -11.265963 -0.008767 -0.022769 0.072044 0.997103
1693922700.000947 101.618458 56.891387 -11.262815 -0.007700 -0.023634 0.071178 0.997154
1693922700.100071 101.624217 56.728979 -11.261883 -0.009565 -0.021229 0.068704 0.997365
1693922700.201021 101.623742 56.557993 -11.259096 -0.005662 -0.022554 0.069821 0.997288
1693922700.301015 101.626158 56.392479 -11.257076 -0.006973 -0.021925 0.071270 0.997192
1693922700.400960 101.630894 56.224948 -11.254755 -0.007596 -0.020934 0.068887 0.997376
1693922700.501113 101.634544 56.059444 -11.253978 -0.006932 -0.020067 0.071107 0.997243
1693922700.600337 101.639712 55.894842 -11.253924 -0.006974 -0.018458 0.069587 0.997381
1693922700.699743 101.642750 55.731128 -11.254193 -0.007955 -0.018987 0.071340 0.997240
1693922700.800056 101.650122 55.565793 -11.254112 -0.009495 -0.015759 0.070204 0.997363
1693922701.100053 101.664325 55.066948 -11.252607 -0.010089 -0.011784 0.073807 0.997152
1693922701.200231 101.667428 54.894744 -11.250449 -0.008329 -0.013988 0.075469 0.997015
1693922701.300158 101.674198 54.723023 -11.248850 -0.007072 -0.010296 0.075116 0.997097
1693922701.400088 101.678655 54.548035 -11.246733 -0.001626 -0.010229 0.076238 0.997036
1693922701.499787 101.682562 54.374445 -11.246204 0.001197 -0.010530 0.077039 0.996972
1693922701.599941 101.684003 54.201322 -11.246421 0.001882 -0.011525 0.078301 0.996861
1693922701.900087 101.695768 53.690207 -11.251577 0.000164 -0.015121 0.077297 0.996893
1693922702.000033 101.699734 53.522616 -11.253201 0.000768 -0.014666 0.078302 0.996822
1693922702.100305 101.705365 53.354468 -11.254524 -0.000148 -0.014459 0.076404 0.996972
1693922702.399841 101.717009 52.853573 -11.260167 -0.001473 -0.015140 0.075152 0.997056
1693922702.499815 101.719176 52.685383 -11.261175 -0.001995 -0.015206 0.075773 0.997007
1693922702.600275 101.724591 52.517157 -11.262456 -0.003131 -0.016056 0.073628 0.997152
1693922702.699769 101.728768 52.350690 -11.262068 -0.001952 -0.016093 0.073633 0.997154
1693922702.799847 101.732567 52.180673 -11.261310 -0.002480 -0.014960 0.072546 0.997250
1693922702.899650 101.735937 52.015267 -11.261466 -0.003193 -0.016627 0.074460 0.997080
1693922702.999979 101.742170 51.847235 -11.260248 -0.003763 -0.016558 0.072644 0.997213
1693922703.500385 101.762732 50.999668 -11.250804 -0.000502 -0.018087 0.073821 0.997107
1693922703.599735 101.768276 50.832894 -11.250904 -0.001211 -0.016806 0.069244 0.997457
1693922703.699873 101.769301 50.665386 -11.249982 -0.001634 -0.017051 0.071208 0.997314
1693922703.799665 101.772862 50.500789 -11.248254 -0.003967 -0.016309 0.068814 0.997488
1693922703.900044 101.774595 50.335122 -11.246757 -0.005878 -0.018839 0.068431 0.997461
1693922704.200258 101.769176 49.828121 -11.240026 -0.003026 -0.018912 0.079413 0.996658
1693922704.299699 101.771204 49.662969 -11.238612 -0.003713 -0.020340 0.085055 0.996162
1693922704.399945 101.776026 49.495243 -11.236977 -0.002290 -0.021601 0.090738 0.995638
1693922704.700260 101.804532 48.996315 -11.234518 -0.004778 -0.017640 0.095932 0.995220
1693922705.099894 101.839882 48.327506 -11.232031 -0.003060 -0.017944 0.098294 0.994991
1693922705.200276 101.846650 48.158436 -11.231551 -0.003936 -0.018642 0.097772 0.995026
1693922705.300181 101.854221 47.991356 -11.232002 -0.002429 -0.020158 0.097348 0.995043
1693922705.399633 101.862105 47.826554 -11.233161 -0.002521 -0.017550 0.097030 0.995124
1693922705.699834 101.884909 47.324656 -11.233036 -0.002616 -0.018176 0.099501 0.994868
1693922705.800029 101.892532 47.153558 -11.232822 -0.002210 -0.018098 0.098143 0.995005
1693922705.899654 101.898996 46.989554 -11.234658 -0.001684 -0.016846 0.097886 0.995054
1693922705.999735 101.905018 46.821970 -11.235415 -0.002608 -0.018635 0.098928 0.994917
1693922706.099975 101.913988 46.656438 -11.237402 -0.004425 -0.017535 0.096103 0.995207
1693922706.399799 101.928799 46.159721 -11.238543 -0.004029 -0.017552 0.095407 0.995275
1693922706.500258 101.933409 45.992714 -11.237757 -0.003421 -0.016961 0.095355 0.995293
1693922706.699850 101.937410 45.659019 -11.235605 -0.003755 -0.018518 0.095412 0.995259
1693922706.900177 101.946275 45.321879 -11.233444 0.000167 -0.018690 0.092724 0.995516
1693922707.000047 101.950243 45.153237 -11.232197 0.000551 -0.018884 0.091615 0.995615
1693922707.100312 101.954178 44.985335 -11.233271 0.000657 -0.018302 0.091105 0.995673
1693922707.199804 101.958635 44.819524 -11.232893 0.001907 -0.017609 0.090914 0.995701
1693922707.299625 101.964484 44.656585 -11.234534 -0.000952 -0.015480 0.090162 0.995806
1693922707.399630 101.967773 44.488686 -11.234399 0.000559 -0.015498 0.090548 0.995771
1693922707.500178 101.971476 44.322317 -11.235032 0.000751 -0.012288 0.091786 0.995703
1693922707.599735 101.972488 44.156988 -11.234568 0.000260 -0.013875 0.093216 0.995549
1693922707.700277 101.972737 43.992270 -11.236461 0.000678 -0.013859 0.094650 0.995414
1693922707.799772 101.974047 43.830765 -11.237299 -0.000447 -0.016109 0.095840 0.995266
1693922707.900020 101.979242 43.666840 -11.236779 -0.001953 -0.015066 0.094746 0.995386
1693922708.299809 102.000654 43.033916 -11.238337 -0.006807 -0.010211 0.093794 0.995516
1693922708.399869 102.003667 42.876509 -11.237964 -0.009603 -0.011381 0.095501 0.995318
1693922708.500405 102.010450 42.720115 -11.238540 -0.012343 -0.007071 0.094764 0.995398
1693922708.801494 102.031945 42.228582 -11.231307 -0.010132 -0.003025 0.098007 0.995130
1693922708.901362 102.038934 42.060585 -11.227583 -0.004799 -0.002804 0.100271 0.994945
1693922709.099761 102.052663 41.730439 -11.225862 -0.004156 -0.001705 0.103566 0.994612
1693922709.299777 102.068817 41.401293 -11.225423 -0.003995 -0.001984 0.106550 0.994297
1693922709.399979 102.081939 41.235643 -11.225076 -0.000209 -0.001996 0.103104 0.994669
1693922709.499851 102.095204 41.072761 -11.225502 -0.000138 -0.002201 0.101935 0.994789
1693922709.599787 102.108749 40.905977 -11.224922 0.003199 0.001917 0.093973 0.995568
1693922709.899762 102.122036 40.460628 -11.224699 0.007086 -0.001430 0.089507 0.995960
1693922709.999950 102.124879 40.333457 -11.223217 0.011802 -0.002337 0.089939 0.995875
1693922710.099860 102.127158 40.221323 -11.222433 0.013079 -0.004243 0.092034 0.995661
1693922710.299782 102.137596 40.043886 -11.223104 0.009962 -0.005252 0.093280 0.995576
1693922710.399742 102.143256 39.976803 -11.223383 0.008023 -0.007683 0.093463 0.995561
1693922710.499855 102.147348 39.922625 -11.224557 0.009344 -0.007169 0.094827 0.995424
1693922710.699640 102.153979 39.858175 -11.230924 0.009810 -0.009244 0.094596 0.995424
1693922710.799624 102.156481 39.844634 -11.231212 0.007059 -0.005645 0.094325 0.995500
1693922711.099851 102.165087 39.889327 -11.236508 -0.005584 -0.005535 0.095872 0.995363
1693922711.299984 102.164989 39.906004 -11.234388 -0.006864 -0.006205 0.095755 0.995362
1693922711.399866 102.165209 39.906572 -11.235979 -0.004996 -0.006934 0.096042 0.995341
1693922711.499759 102.166207 39.904031 -11.235075 -0.003398 -0.005880 0.095842 0.995373
1693922711.599743 102.165391 39.900390 -11.234986 -0.003089 -0.004022 0.096380 0.995332
1693922711.699870 102.166251 39.898518 -11.234765 -0.002985 -0.003803 0.096512 0.995320
1693922711.799817 102.168876 39.898085 -11.235168 -0.002444 -0.003595 0.096354 0.995338
1693922711.899614 102.167423 39.898598 -11.234165 -0.003508 -0.003166 0.096669 0.995305
1693922711.999741 102.168546 39.897012 -11.233294 -0.003591 -0.003703 0.096795 0.995291
1693922712.100100 102.169157 39.897532 -11.231969 -0.004188 -0.003108 0.096872 0.995283
1693922712.199677 102.167908 39.895079 -11.232873 -0.003976 -0.003159 0.097033 0.995268
1693922712.300401 102.168078 39.893167 -11.233771 -0.004009 -0.003082 0.096662 0.995304
1693922712.400186 102.168248 39.892835 -11.233267 -0.003633 -0.003070 0.096847 0.995288
1693922712.599836 102.167118 39.891650 -11.230622 -0.004253 -0.003290 0.097169 0.995253
1693922712.799769 102.167588 39.894884 -11.230239 -0.005240 -0.003066 0.096726 0.995293
1693922712.999876 102.169951 39.895262 -11.231265 -0.005753 -0.003346 0.096506 0.995310
1693922713.099630 102.171049 39.889321 -11.230737 -0.006440 -0.003481 0.093831 0.995561
1693922713.199890 102.174305 39.876986 -11.231277 -0.007325 -0.004140 0.090509 0.995860
1693922713.299835 102.174888 39.858548 -11.230227 -0.008007 -0.004285 0.085121 0.996329
1693922713.399973 102.175426 39.831783 -11.231550 -0.009020 -0.004297 0.077894 0.996912
1693922713.499686 102.176596 39.795314 -11.235418 -0.009593 -0.004581 0.070001 0.997490
1693922713.599840 102.176250 39.736847 -11.236687 -0.010608 -0.004211 0.055000 0.998421
1693922713.899726 102.183010 39.564792 -11.235273 -0.012347 -0.003231 0.033849 0.999345
1693922714.000010 102.169702 39.455413 -11.237500 -0.014024 -0.003412 0.019638 0.999703
1693922714.300271 102.141149 39.140224 -11.235200 -0.014534 -0.004414 -0.002326 0.999882
1693922714.599603 102.103833 38.806825 -11.229772 -0.014402 -0.004723 -0.019244 0.999700
1693922714.699982 102.071718 38.645587 -11.228516 -0.012962 -0.005697 -0.027932 0.999510
1693922714.900239 102.026281 38.370008 -11.220347 -0.012012 -0.006959 -0.032933 0.999361
1693922715.199922 101.928690 37.899894 -11.210240 -0.011075 -0.008755 -0.038040 0.999176
1693922715.300385 101.891519 37.733779 -11.208294 -0.010390 -0.010494 -0.037502 0.999187
1693922715.399995 101.848507 37.564117 -11.199963 -0.010104 -0.008974 -0.037963 0.999188
1693922715.499806 101.812660 37.389807 -11.198725 -0.009439 -0.009617 -0.039766 0.999118
1693922715.599670 101.747361 37.193747 -11.193718 -0.008333 -0.009701 -0.042414 0.999018
1693922715.899848 101.665357 36.733134 -11.191144 -0.009959 -0.010851 -0.042407 0.998992
1693922715.999901 101.631327 36.581146 -11.190381 -0.009672 -0.010435 -0.043167 0.998967
1693922716.100317 101.592078 36.425440 -11.185926 -0.011134 -0.011365 -0.043496 0.998927
1693922716.199878 101.555179 36.263642 -11.185816 -0.012531 -0.010411 -0.043968 0.998900
1693922716.299751 101.516214 36.098970 -11.181694 -0.010817 -0.010872 -0.045418 0.998850
1693922716.399848 101.450309 35.897068 -11.177356 -0.009448 -0.011181 -0.046816 0.998796
1693922716.699856 101.368468 35.441528 -11.170805 -0.010034 -0.010362 -0.047820 0.998752
1693922716.799793 101.334522 35.286888 -11.172337 -0.010230 -0.010293 -0.047367 0.998772
1693922716.900182 101.300372 35.123469 -11.170599 -0.007825 -0.008325 -0.049284 0.998719
1693922716.999943 101.261363 34.963152 -11.166574 -0.009659 -0.009822 -0.048189 0.998743
1693922717.099772 101.224919 34.803209 -11.165941 -0.010432 -0.009679 -0.048655 0.998714
1693922717.199934 101.186825 34.638870 -11.164313 -0.012024 -0.009605 -0.050327 0.998614
1693922717.799870 100.944845 33.638662 -11.140068 -0.008752 -0.012525 -0.027841 0.999496
1693922717.900071 100.884083 33.441888 -11.137565 -0.010125 -0.014130 -0.014676 0.999741
1693922718.299864 100.794066 32.824650 -11.132428 -0.006578 -0.015066 0.012804 0.999783
1693922718.399809 100.773079 32.656851 -11.131781 -0.006797 -0.016728 0.020617 0.999624
1693922718.499896 100.748695 32.471329 -11.131168 -0.007120 -0.015388 0.025601 0.999528
1693922718.699866 100.723658 32.169564 -11.125874 -0.007950 -0.015467 0.028102 0.999454
1693922718.799900 100.710074 32.000244 -11.129481 -0.008146 -0.015789 0.027820 0.999455
1693922718.899781 100.692573 31.821332 -11.127689 -0.006561 -0.017021 0.029359 0.999402
1693922718.999941 100.674031 31.626744 -11.122150 -0.007323 -0.017557 0.032829 0.999280
1693922719.099964 100.649484 31.380865 -11.127940 -0.006985 -0.019025 0.042705 0.998882
1693922719.999676 100.573022 29.743420 -11.115197 -0.009413 -0.019566 0.060373 0.997940
1693922720.499650 100.572012 29.124011 -11.103263 -0.007127 -0.015059 0.066160 0.997670
1693922720.600144 100.575891 28.956211 -11.104978 -0.007867 -0.015517 0.065194 0.997721
1693922720.700081 100.570127 28.756743 -11.097958 -0.007002 -0.015577 0.073857 0.997123
1693922720.900072 100.571614 28.388207 -11.094007 -0.005335 -0.015586 0.083610 0.996362
1693922721.099949 100.584780 27.990407 -11.099756 -0.007634 -0.015346 0.089863 0.995807
1693922721.400072 100.596967 27.467370 -11.097575 -0.007662 -0.016789 0.089931 0.995777
1693922721.800463 100.605149 26.890396 -11.113592 -0.007226 -0.018680 0.088517 0.995873
1693922722.300027 100.614601 26.053250 -11.154557 -0.000624 -0.017886 0.091125 0.995679
1693922722.499986 100.640196 25.783643 -11.103380 -0.001812 -0.018519 0.097474 0.995064
1693922722.600463 100.657639 25.633466 -11.091535 -0.002503 -0.019815 0.102388 0.994544
1693922722.699975 100.674945 25.455269 -11.077166 -0.003776 -0.020194 0.107522 0.993990
1693922722.800387 100.692455 25.244105 -11.066440 -0.002952 -0.020388 0.115097 0.993141
1693922723.000141 100.746709 24.832863 -11.059964 -0.002873 -0.017192 0.119447 0.992688
1693922723.500085 100.810161 24.130498 -11.062925 -0.004087 -0.016965 0.121292 0.992464
1693922723.600401 100.834964 23.958095 -11.060370 -0.002087 -0.016971 0.120927 0.992514
1693922723.900426 100.870200 23.542666 -11.061345 -0.004917 -0.018315 0.122709 0.992261
1693922724.000099 100.889843 23.389974 -11.065948 -0.004637 -0.018888 0.122073 0.992331
1693922724.100160 100.909594 23.229633 -11.059986 -0.008723 -0.016767 0.117509 0.992892
1693922724.200148 100.925055 23.055554 -11.055806 -0.008218 -0.018036 0.118125 0.992801
1693922724.899691 101.053802 21.820280 -11.048003 -0.005378 -0.016990 0.133441 0.990896
1693922725.100109 101.090254 21.539704 -11.043756 -0.004746 -0.017272 0.138562 0.990192
1693922725.200341 101.112025 21.373210 -11.041872 -0.003812 -0.017486 0.140114 0.989974
1693922725.299880 101.144354 21.168976 -11.041574 -0.005104 -0.018555 0.143947 0.989398
1693922725.500253 101.183467 20.879892 -11.034561 -0.003866 -0.016881 0.146380 0.989077
1693922725.600145 101.211503 20.711373 -11.034752 -0.003710 -0.015554 0.147683 0.988906
1693922725.699695 101.243234 20.510387 -11.032007 -0.004048 -0.015768 0.151747 0.988285
1693922725.900036 101.293088 20.209244 -11.033188 -0.004996 -0.014321 0.156703 0.987529
1693922726.000526 101.322936 20.038887 -11.031272 0.000521 -0.016276 0.158573 0.987213
1693922726.099844 101.366691 19.846401 -11.027165 -0.000532 -0.015450 0.159487 0.987079
1693922726.300530 101.420111 19.540999 -11.030902 -0.000809 -0.014880 0.160070 0.986993
1693922726.400267 101.476255 19.352310 -11.028342 -0.000954 -0.013789 0.158615 0.987244
1693922726.700003 101.549283 18.873270 -11.031040 0.000136 -0.013165 0.157987 0.987353
1693922726.800069 101.585874 18.684556 -11.034852 -0.002108 -0.014486 0.159125 0.987150
1693922727.000307 101.658284 18.317655 -11.036697 -0.002076 -0.014680 0.157408 0.987422
1693922727.300303 101.724080 17.890305 -11.035779 -0.004022 -0.015322 0.155782 0.987664
1693922727.400091 101.749807 17.731412 -11.037085 -0.004732 -0.016148 0.155189 0.987741
1693922727.500129 101.779803 17.568357 -11.042468 -0.005964 -0.017305 0.152150 0.988188
1693922727.600121 101.806147 17.405919 -11.043055 -0.006454 -0.016019 0.151719 0.988273
1693922727.700070 101.834347 17.237609 -11.039252 -0.003838 -0.016653 0.149439 0.988623
1693922727.800229 101.857441 17.074019 -11.036763 -0.004677 -0.017397 0.149784 0.988555
1693922727.900196 101.886172 16.907876 -11.044420 -0.005318 -0.018482 0.148318 0.988753
1693922728.000140 101.913019 16.738085 -11.040789 -0.005636 -0.018103 0.147276 0.988914
1693922728.100008 101.939757 16.574427 -11.034696 -0.003573 -0.019184 0.146913 0.988957
1693922728.199850 101.967105 16.400962 -11.035784 -0.007326 -0.019047 0.144662 0.989271
1693922728.300122 102.005799 16.208602 -11.031293 -0.004476 -0.019507 0.142329 0.989617
1693922728.600456 102.067395 15.719483 -11.028452 -0.003910 -0.019956 0.140787 0.989831
1693922728.700152 102.099304 15.527675 -11.027384 -0.002035 -0.020479 0.141336 0.989748
1693922728.900351 102.135886 15.206942 -11.026246 -0.003637 -0.020914 0.143891 0.989366
1693922728.999871 102.177476 15.013529 -11.029857 -0.003811 -0.021838 0.148714 0.988632
1693922729.300410 102.239141 14.550920 -11.015029 -0.003203 -0.021525 0.154647 0.987730
1693922729.400364 102.279797 14.365942 -11.018379 -0.002587 -0.021982 0.153895 0.987839
1693922729.600257 102.326676 14.065899 -11.015744 -0.003177 -0.021548 0.153160 0.987961
1693922729.699879 102.356318 13.899142 -11.016040 -0.003243 -0.021863 0.151836 0.988159
1693922729.800213 102.394703 13.705218 -11.012582 -0.003359 -0.022381 0.152324 0.988071
1693922729.999624 102.473175 13.317981 -11.009988 -0.001719 -0.021490 0.150214 0.988418
1693922730.400187 102.547563 12.722916 -11.001203 -0.002189 -0.020693 0.149236 0.988583
1693922730.500217 102.575275 12.560878 -11.004301 -0.005655 -0.020578 0.149116 0.988589
1693922730.600049 102.619133 12.375010 -11.007493 -0.002209 -0.020087 0.148147 0.988759
1693922730.900065 102.692666 11.881723 -11.002847 -0.001570 -0.019260 0.146326 0.989048
1693922731.100410 102.750801 11.545897 -10.999280 -0.000944 -0.018869 0.144543 0.989318
1693922731.300194 102.801596 11.220242 -11.002480 -0.001236 -0.018614 0.143798 0.989431
1693922731.500221 102.842896 10.916616 -11.001263 -0.000998 -0.018711 0.143371 0.989492
1693922731.599550 102.874677 10.738563 -11.005553 -0.001347 -0.018533 0.141974 0.989696
1693922731.800117 102.916177 10.447650 -11.007220 -0.002265 -0.017871 0.140775 0.989878
1693922731.900236 102.941196 10.274981 -11.004703 -0.002620 -0.018031 0.140099 0.989970
1693922732.000238 102.980282 10.077178 -11.004245 -0.002517 -0.018002 0.137663 0.990312
1693922732.300531 103.042823 9.608118 -11.008456 -0.002517 -0.018472 0.135721 0.990572
1693922732.499763 103.074987 9.313780 -11.005854 -0.000230 -0.017652 0.135827 0.990575
1693922732.600085 103.097098 9.143652 -11.007419 -0.003412 -0.016771 0.134623 0.990749
1693922732.699953 103.134688 8.941403 -11.011522 -0.002375 -0.017301 0.133238 0.990930
1693922733.100491 103.193540 8.327976 -11.014910 -0.002963 -0.017437 0.131326 0.991182
1693922733.200496 103.211746 8.153907 -11.018053 -0.003912 -0.016841 0.131402 0.991178
1693922733.500449 103.300520 7.547483 -11.021076 -0.003200 -0.015265 0.128624 0.991571
1693922734.399823 103.457226 6.124787 -11.017142 -0.004543 -0.015741 0.121095 0.992506
1693922734.500420 103.478137 5.934202 -11.016031 -0.004036 -0.015029 0.120122 0.992637
1693922734.700416 103.511432 5.619560 -11.000513 -0.005397 -0.015716 0.119333 0.992715
1693922735.100117 103.598628 4.821947 -11.000336 -0.005276 -0.016264 0.115343 0.993179
1693922735.500308 103.656902 4.268511 -11.005991 -0.003678 -0.017273 0.112902 0.993449
1693922735.600471 103.672968 4.099657 -11.006807 -0.007275 -0.015777 0.111958 0.993561
1693922735.699957 103.695577 3.902246 -11.008784 -0.005170 -0.016014 0.110559 0.993727
1693922736.100443 103.748311 3.250044 -11.000696 -0.003571 -0.016881 0.107641 0.994040
1693922736.300431 103.770444 2.954976 -11.001308 -0.004293 -0.017672 0.106005 0.994199
1693922736.400366 103.780312 2.792715 -10.995501 -0.003400 -0.017151 0.105022 0.994316
1693922736.500491 103.790518 2.627816 -10.986831 -0.005339 -0.017031 0.103703 0.994448
1693922736.600472 103.804874 2.459471 -10.991576 -0.005505 -0.016311 0.101766 0.994659
1693922736.700185 103.816960 2.290024 -10.993841 -0.005921 -0.016218 0.099055 0.994932
1693922736.800478 103.826484 2.112811 -10.996312 -0.005030 -0.015621 0.095087 0.995334
1693922736.900299 103.835640 1.918677 -10.992337 -0.004470 -0.015314 0.089768 0.995835
1693922737.100494 103.856181 1.617221 -10.995012 -0.007299 -0.016086 0.084693 0.996250
1693922737.200409 103.857744 1.454518 -10.990875 -0.010052 -0.016801 0.083223 0.996339
1693922737.300507 103.864271 1.306769 -10.996324 -0.010039 -0.017406 0.082505 0.996388
1693922737.400443 103.872378 1.137561 -10.987177 -0.009270 -0.014178 0.077306 0.996864
1693922737.499852 103.876033 0.974079 -10.988690 -0.007876 -0.016796 0.079977 0.996624
1693922737.600334 103.880112 0.798318 -10.985943 -0.006247 -0.017141 0.079908 0.996635
1693922737.700413 103.887252 0.632263 -10.983025 -0.008063 -0.016048 0.078292 0.996769
1693922737.799930 103.890384 0.466290 -10.981208 -0.006904 -0.017093 0.077657 0.996810
1693922737.900562 103.893963 0.282538 -10.977353 -0.006516 -0.016673 0.077662 0.996819
1693922738.000502 103.903519 0.089661 -10.976252 -0.004390 -0.015386 0.074022 0.997128
1693922738.201017 103.905548 -0.299762 -10.976421 -0.003194 -0.017108 0.073117 0.997172
1693922738.500568 103.914465 -0.744892 -10.977580 -0.003571 -0.017466 0.070861 0.997327
1693922738.600478 103.917296 -0.902572 -10.976950 -0.006323 -0.016242 0.069166 0.997453
1693922738.700475 103.916281 -1.047868 -10.973736 -0.008882 -0.016423 0.068064 0.997506
1693922738.799896 103.915930 -1.213425 -10.970999 -0.006874 -0.018337 0.067929 0.997498
1693922738.900296 103.910777 -1.377063 -10.968281 -0.009267 -0.019137 0.068403 0.997431
1693922739.000729 103.912744 -1.550989 -10.978625 -0.005483 -0.019247 0.067066 0.997548
1693922739.100630 103.907311 -1.731675 -10.971011 -0.000684 -0.019727 0.066972 0.997560
1693922739.202137 103.907899 -1.927294 -10.969771 0.003247 -0.018436 0.064946 0.997713
1693922739.402007 103.906649 -2.260929 -10.976646 -0.002980 -0.018573 0.061989 0.997900
1693922739.600247 103.897336 -2.598263 -10.981320 -0.003858 -0.018184 0.061206 0.997952
1693922739.801950 103.894765 -2.982294 -10.986842 -0.002749 -0.017625 0.061931 0.997921
1693922740.100148 103.900527 -3.442193 -10.985453 -0.002464 -0.015617 0.057143 0.998241
1693922740.200408 103.893494 -3.641606 -10.985003 -0.004098 -0.016104 0.057147 0.998227
1693922740.399967 103.877202 -4.079103 -10.988472 -0.003875 -0.015890 0.049081 0.998661
1693922740.900602 103.851916 -4.738052 -11.000136 -0.007529 -0.015490 0.042532 0.998947
1693922741.100553 103.843836 -5.002209 -10.986746 -0.008405 -0.013999 0.039608 0.999082
1693922741.200462 103.833108 -5.167965 -10.987640 -0.010383 -0.014847 0.038762 0.999084
1693922741.300366 103.811645 -5.381098 -10.975656 -0.008654 -0.015348 0.037974 0.999123
1693922741.500659 103.786192 -5.794685 -10.970316 -0.005019 -0.014265 0.034682 0.999284
1693922741.800674 103.751595 -6.282387 -10.964774 -0.003896 -0.016031 0.032373 0.999340
1693922742.000025 103.726369 -6.632037 -10.961924 -0.004253 -0.015936 0.029160 0.999439
1693922742.200659 103.679836 -7.044196 -10.961981 -0.007075 -0.018470 0.027580 0.999424
1693922742.600663 103.648008 -7.555552 -10.960187 -0.007458 -0.016351 0.021329 0.999611
1693922742.700647 103.632648 -7.722969 -10.952079 -0.007692 -0.016767 0.020899 0.999611
1693922742.800225 103.610816 -7.901852 -10.948949 -0.008274 -0.019236 0.026316 0.999434
1693922742.900448 103.588350 -8.105327 -10.942945 -0.004752 -0.015657 0.021693 0.999631
1693922743.101984 103.558097 -8.446132 -10.942028 -0.004401 -0.016338 0.019764 0.999661
1693922743.300375 103.530609 -8.744735 -10.943951 -0.003697 -0.017470 0.020770 0.999625
1693922743.400574 103.509722 -8.908160 -10.940484 -0.002902 -0.019479 0.027330 0.999432
1693922743.500596 103.487254 -9.072515 -10.941304 -0.002920 -0.020697 0.037209 0.999089
1693922743.600486 103.470547 -9.235846 -10.944023 -0.002451 -0.019678 0.044859 0.998796
1693922743.899556 103.451620 -9.734395 -10.951482 -0.002003 -0.018798 0.056004 0.998252
1693922743.999728 103.447399 -9.894829 -10.954231 -0.003689 -0.018612 0.057852 0.998145
1693922744.900706 103.451848 -11.405822 -10.953485 -0.002493 -0.016579 0.084953 0.996244
1693922745.000639 103.457006 -11.579712 -10.955226 -0.002269 -0.016656 0.084360 0.996294
1693922745.100457 103.462316 -11.766718 -10.955490 -0.001944 -0.014918 0.083837 0.996366
1693922745.200664 103.470436 -11.987830 -10.948938 -0.003079 -0.015422 0.084178 0.996327
1693922745.500628 103.484097 -12.415930 -10.953510 -0.003738 -0.015075 0.081332 0.996566
1693922745.600542 103.493249 -12.567377 -10.962284 -0.004809 -0.015721 0.082033 0.996494
1693922745.701274 103.492874 -12.723843 -10.955527 -0.002493 -0.015684 0.083159 0.996410
1693922745.800716 103.502388 -12.886972 -10.958899 -0.001448 -0.015267 0.082991 0.996432
1693922745.900717 103.507679 -13.047636 -10.958517 0.001500 -0.014444 0.082756 0.996464
1693922746.000568 103.515648 -13.215104 -10.958706 0.002429 -0.013349 0.082769 0.996476
1693922746.100665 103.524521 -13.361169 -10.957115 0.003564 -0.013007 0.083096 0.996450
1693922746.400683 103.533793 -13.746346 -10.956835 0.002799 -0.014032 0.084881 0.996288
1693922746.500556 103.531980 -13.850503 -10.956525 -0.000078 -0.015508 0.085035 0.996257
1693922746.600739 103.536550 -13.953741 -10.959506 -0.000298 -0.015123 0.084467 0.996311
1693922746.700705 103.543060 -14.049888 -10.966484 -0.000516 -0.014588 0.084182 0.996344
1693922746.800700 103.548662 -14.152492 -10.973034 0.000505 -0.014395 0.085348 0.996247
1693922747.000711 103.554719 -14.289352 -10.987803 0.001717 -0.013401 0.088020 0.996027
1693922747.200445 103.558813 -14.380546 -11.003397 0.002522 -0.014298 0.089398 0.995890
1693922747.500657 103.555979 -14.443021 -10.987385 0.002952 -0.015537 0.090175 0.995800
1693922747.600741 103.552482 -14.447310 -10.981663 0.003774 -0.015029 0.089765 0.995842
1693922747.700577 103.552977 -14.426899 -10.979800 -0.006548 -0.014394 0.090861 0.995738
1693922748.000742 103.552340 -14.394949 -10.971224 -0.008323 -0.014216 0.091263 0.995691
1693922748.100686 103.551137 -14.400635 -10.965486 -0.007795 -0.014490 0.091188 0.995698
1693922748.200724 103.551324 -14.409824 -10.960263 -0.005993 -0.013904 0.091157 0.995721
1693922748.300722 103.552100 -14.412631 -10.956721 -0.005902 -0.014014 0.091129 0.995723
1693922748.600769 103.550812 -14.411011 -10.956574 -0.006766 -0.014255 0.091607 0.995670
1693922748.899726 103.551041 -14.411244 -10.958965 -0.006235 -0.015074 0.091357 0.995685
1693922749.000649 103.550926 -14.409430 -10.963818 -0.006187 -0.015100 0.091451 0.995676
1693922749.099777 103.550755 -14.407712 -10.961507 -0.006485 -0.014546 0.091554 0.995673
1693922749.300642 103.551212 -14.401226 -10.972379 -0.008964 -0.014625 0.091930 0.995618
1693922749.400612 103.549769 -14.398586 -10.968543 -0.004854 -0.012532 0.091588 0.995706
1693922749.499763 103.551122 -14.404342 -10.966899 -0.005631 -0.013382 0.091480 0.995701
1693922749.600631 103.551909 -14.409945 -10.960263 -0.005394 -0.014652 0.091296 0.995701
1693922749.900688 103.551310 -14.408636 -10.962872 -0.006843 -0.015955 0.091355 0.995667
1693922749.999816 103.555129 -14.412493 -10.959404 -0.007941 -0.014394 0.091647 0.995656
1693922750.300796 103.557591 -14.417426 -10.966676 -0.009344 -0.015126 0.092090 0.995592
1693922750.500797 103.558483 -14.416083 -10.968603 -0.008786 -0.014831 0.091849 0.995624
1693922750.600812 103.559934 -14.414173 -10.966281 -0.012414 -0.015322 0.091918 0.995571
1693922750.800697 103.559051 -14.403644 -10.963143 -0.008564 -0.017672 0.092488 0.995520
1693922751.100738 103.552845 -14.390431 -10.948998 -0.012791 -0.025315 0.093452 0.995220
1693922751.200723 103.552699 -14.383335 -10.944900 -0.015497 -0.019382 0.094197 0.995244
1693922751.400739 103.546586 -14.373263 -10.939055 -0.014249 -0.019605 0.095079 0.995175
1693922751.600668 103.535853 -14.360607 -10.936495 -0.011268 -0.016739 0.095084 0.995265
1693922751.700766 103.529984 -14.354816 -10.935748 -0.011649 -0.017780 0.094871 0.995263
1693922752.000805 103.506738 -14.337689 -10.935529 -0.010390 -0.018115 0.095840 0.995178
1693922752.100667 103.498166 -14.329582 -10.936381 -0.012185 -0.015003 0.095474 0.995244
1693922752.300746 103.479668 -14.312694 -10.938213 -0.010985 -0.015267 0.095843 0.995219
1693922752.400516 103.469181 -14.305587 -10.938789 -0.010802 -0.015510 0.096081 0.995194
1693922752.600779 103.447007 -14.289338 -10.940618 -0.009412 -0.014597 0.096282 0.995203
1693922752.700684 103.434802 -14.280632 -10.941497 -0.010635 -0.014772 0.096578 0.995159
1693922752.900544 103.409292 -14.263971 -10.943236 -0.010378 -0.014398 0.096846 0.995141
1693922752.999576 103.395575 -14.256421 -10.944148 -0.010688 -0.014449 0.097179 0.995105
1693922753.201076 103.367008 -14.250940 -10.945496 -0.012333 -0.014808 0.098868 0.994914
1693922753.500804 103.329735 -14.287186 -10.948698 -0.016867 -0.017204 0.103529 0.994335
1693922753.600810 103.319380 -14.317827 -10.949349 -0.016610 -0.018417 0.104156 0.994252
1693922753.699972 103.309819 -14.358428 -10.950018 -0.015513 -0.018396 0.104569 0.994227
1693922753.900714 103.291753 -14.469688 -10.950380 -0.014450 -0.017634 0.105975 0.994107
1693922753.999820 103.280472 -14.537970 -10.950224 -0.013889 -0.017175 0.107425 0.993968
1693922754.100802 103.268938 -14.616790 -10.950166 -0.013301 -0.017771 0.109770 0.993709
1693922754.500954 103.242593 -15.012167 -10.952090 -0.015301 -0.018294 0.113150 0.993292
1693922754.700863 103.237578 -15.262102 -10.950696 -0.012753 -0.015612 0.113546 0.993328
1693922754.800741 103.235750 -15.397837 -10.949725 -0.012300 -0.012988 0.112359 0.993507
1693922755.000882 103.227914 -15.688651 -10.948577 -0.010351 -0.013732 0.114340 0.993293
1693922755.100759 103.225479 -15.841014 -10.947149 -0.010835 -0.014857 0.113841 0.993329
1693922755.300976 103.221409 -16.150113 -10.945449 -0.010246 -0.015553 0.114140 0.993290
1693922755.399553 103.220594 -16.305170 -10.944528 -0.012457 -0.015129 0.110490 0.993684
1693922755.500926 103.217338 -16.464393 -10.943611 -0.009716 -0.016300 0.113523 0.993354
1693922755.600831 103.219005 -16.622818 -10.939307 -0.011768 -0.015229 0.109336 0.993818
1693922755.699949 103.216162 -16.782187 -10.937451 -0.005534 -0.016790 0.108858 0.993900
1693922755.800088 103.213691 -16.937449 -10.935752 -0.006592 -0.014959 0.109109 0.993895
1693922756.100890 103.202058 -17.406910 -10.932577 -0.007815 -0.016955 0.105396 0.994255
1693922756.300786 103.192574 -17.714090 -10.931255 -0.007384 -0.017783 0.102738 0.994522
1693922756.400232 103.188752 -17.864882 -10.931671 -0.007847 -0.015957 0.100000 0.994829
1693922756.500551 103.182427 -18.017524 -10.930549 -0.009449 -0.017653 0.098834 0.994902
1693922756.800071 103.164316 -18.482755 -10.923782 -0.006666 -0.016478 0.088192 0.995945
1693922756.899562 103.157730 -18.631597 -10.924262 -0.008834 -0.013330 0.084227 0.996318
1693922756.999860 103.145815 -18.787297 -10.923391 -0.010769 -0.017394 0.082675 0.996367
1693922757.100869 103.134411 -18.943033 -10.920640 -0.007981 -0.015051 0.079651 0.996677
1693922757.399642 103.095769 -19.403295 -10.915073 -0.008515 -0.017467 0.078723 0.996707
1693922757.600868 103.073855 -19.722758 -10.913239 -0.004749 -0.016371 0.075591 0.996993
1693922757.699720 103.060575 -19.879332 -10.913269 -0.005606 -0.016368 0.074836 0.997046
1693922757.800899 103.047795 -20.043631 -10.913253 -0.003468 -0.017282 0.073190 0.997162
1693922758.100273 103.011918 -20.516514 -10.919981 -0.003292 -0.015594 0.068842 0.997500
1693922758.200797 102.998294 -20.672920 -10.919174 -0.002540 -0.016888 0.069406 0.997442
1693922758.399833 102.971664 -20.978355 -10.918559 -0.006251 -0.017169 0.069380 0.997423
1693922758.500902 102.958915 -21.139510 -10.917277 -0.005250 -0.016724 0.068745 0.997480
1693922758.700915 102.934964 -21.469703 -10.912133 0.004255 -0.017224 0.067312 0.997574
1693922758.800869 102.925487 -21.626749 -10.913288 0.001873 -0.014646 0.067269 0.997626
1693922758.900071 102.912918 -21.784905 -10.915757 0.000902 -0.016083 0.066222 0.997675
1693922759.199868 102.881794 -22.250243 -10.919812 -0.003455 -0.014982 0.066222 0.997686
1693922759.301012 102.873053 -22.407581 -10.921532 -0.003058 -0.013580 0.066348 0.997699
1693922759.500932 102.853792 -22.725223 -10.919978 -0.001824 -0.012803 0.066571 0.997698
1693922759.600920 102.846168 -22.879588 -10.921323 -0.006861 -0.013209 0.066781 0.997657
1693922759.800241 102.836079 -23.197278 -10.918476 -0.002886 -0.011165 0.065736 0.997770
1693922759.901043 102.829880 -23.359959 -10.916939 -0.002994 -0.011284 0.065462 0.997787
1693922760.000880 102.820913 -23.518164 -10.917055 -0.000708 -0.012819 0.068890 0.997542
1693922760.100143 102.814567 -23.676629 -10.915026 -0.001794 -0.012852 0.072596 0.997277
1693922760.200127 102.813987 -23.838478 -10.912388 -0.003424 -0.011777 0.073667 0.997207
1693922760.399896 102.812088 -24.163221 -10.910474 0.002338 -0.011781 0.078457 0.996845
1693922760.499650 102.810223 -24.324327 -10.909552 0.000432 -0.013499 0.079871 0.996714
1693922760.699918 102.814829 -24.644989 -10.908835 -0.000407 -0.013120 0.079089 0.996781
1693922760.799653 102.818230 -24.807110 -10.906662 0.000020 -0.012219 0.078401 0.996847
1693922760.899994 102.817288 -24.969070 -10.905255 0.001048 -0.012899 0.082026 0.996546
1693922760.999918 102.818201 -25.130011 -10.904570 -0.001597 -0.013682 0.083130 0.996444
1693922761.100942 102.819396 -25.293208 -10.903507 -0.000677 -0.015525 0.086350 0.996144
1693922761.200984 102.824684 -25.454650 -10.902814 -0.003395 -0.015423 0.087042 0.996079
1693922761.499985 102.843671 -25.945896 -10.899231 -0.001759 -0.014611 0.088468 0.995970
1693922761.599667 102.847941 -26.111386 -10.899129 0.000404 -0.012267 0.089119 0.995945
1693922761.700972 102.853154 -26.277513 -10.897045 -0.001299 -0.015574 0.095787 0.995279
1693922761.899937 102.869667 -26.611145 -10.895990 0.003509 -0.015023 0.094000 0.995453
1693922762.000224 102.877894 -26.777483 -10.895745 0.002394 -0.015086 0.094427 0.995415
1693922762.099767 102.888359 -26.941622 -10.896274 -0.000685 -0.013084 0.094086 0.995478
1693922762.199837 102.895336 -27.107546 -10.897527 0.000728 -0.014571 0.095654 0.995308
1693922762.300076 102.905940 -27.268611 -10.899088 -0.004987 -0.014684 0.096476 0.995215
1693922762.700976 102.952754 -27.931879 -10.888916 -0.007409 -0.012541 0.091799 0.995671
1693922762.799970 102.962715 -28.100953 -10.885131 -0.004518 -0.012815 0.092894 0.995583
1693922762.900055 102.971593 -28.270752 -10.881485 -0.004537 -0.014408 0.092364 0.995611
1693922762.999872 102.978700 -28.443293 -10.878675 -0.003333 -0.016128 0.092814 0.995547
1693922763.099575 102.988171 -28.613863 -10.877077 -0.002817 -0.016075 0.092185 0.995608
1693922763.501019 103.031894 -29.307202 -10.871193 -0.001229 -0.016872 0.096486 0.995191
1693922763.599756 103.045818 -29.479027 -10.869945 -0.001421 -0.016608 0.096902 0.995154
1693922763.700053 103.060418 -29.655583 -10.869323 0.001453 -0.015222 0.098061 0.995063
1693922763.799753 103.075222 -29.828016 -10.869328 0.000234 -0.014073 0.100450 0.994843
1693922763.900096 103.087565 -30.001960 -10.870363 -0.000236 -0.014762 0.102435 0.994630
1693922763.999988 103.100492 -30.174953 -10.871048 -0.001063 -0.015384 0.105501 0.994300
1693922764.099798 103.118090 -30.348669 -10.870268 -0.002753 -0.016347 0.104951 0.994339
1693922764.199892 103.135289 -30.524795 -10.869780 -0.000296 -0.014187 0.104245 0.994450
1693922764.300050 103.149451 -30.700755 -10.869942 -0.001317 -0.015661 0.106607 0.994177
1693922764.401005 103.166669 -30.879965 -10.869688 0.000739 -0.013960 0.104495 0.994427
1693922764.500970 103.180746 -31.055913 -10.869632 0.000871 -0.014816 0.105607 0.994297
1693922764.599980 103.196206 -31.230579 -10.869854 -0.002138 -0.015751 0.104115 0.994438
1693922764.701004 103.210575 -31.408858 -10.869369 -0.000410 -0.014940 0.103534 0.994514
1693922764.800973 103.224857 -31.586375 -10.867680 -0.002765 -0.016515 0.103472 0.994491
1693922764.900051 103.239648 -31.761882 -10.867484 -0.001241 -0.015440 0.102065 0.994657
1693922764.999789 103.254140 -31.938170 -10.867119 -0.003321 -0.016720 0.101935 0.994645
1693922765.100988 103.269815 -32.120909 -10.865868 -0.002157 -0.016447 0.101307 0.994717
1693922765.199968 103.284217 -32.298095 -10.864643 0.000479 -0.016061 0.101576 0.994698
1693922765.300990 103.300173 -32.481114 -10.864267 -0.000900 -0.015551 0.100594 0.994806
1693922765.401186 103.314136 -32.659980 -10.864777 0.001403 -0.014630 0.102187 0.994657
1693922765.501115 103.328476 -32.838636 -10.864503 -0.001009 -0.015043 0.101200 0.994752
1693922765.601055 103.342442 -33.019853 -10.864243 -0.000810 -0.016090 0.100996 0.994756
1693922765.700133 103.355804 -33.196275 -10.864428 0.000161 -0.015884 0.100416 0.994819
1693922765.800085 103.369441 -33.375427 -10.865112 -0.003201 -0.016720 0.099012 0.994941
1693922765.899849 103.382299 -33.556183 -10.865029 -0.001880 -0.016062 0.098651 0.994991
1693922766.001067 103.395257 -33.740400 -10.864011 -0.001849 -0.016718 0.098024 0.995042
1693922766.101095 103.409580 -33.922931 -10.863518 -0.002436 -0.017898 0.096924 0.995128
1693922766.201015 103.425030 -34.108726 -10.862615 0.000303 -0.017078 0.095170 0.995314
1693922766.299803 103.441794 -34.292195 -10.862586 0.001666 -0.015137 0.094042 0.995452
1693922766.400043 103.454005 -34.478875 -10.861605 0.003503 -0.016012 0.094763 0.995365
1693922766.499822 103.467555 -34.660337 -10.862146 0.000807 -0.015960 0.095043 0.995345
1693922766.601289 103.479915 -34.845426 -10.861172 0.000256 -0.019245 0.097205 0.995078
1693922766.701151 103.495415 -35.026388 -10.859845 -0.002367 -0.018867 0.098953 0.994910
1693922766.801051 103.509045 -35.210334 -10.858634 -0.000370 -0.019154 0.104364 0.994355
1693922766.901045 103.526464 -35.391648 -10.858478 -0.001925 -0.018385 0.107178 0.994068
1693922767.000065 103.543113 -35.575377 -10.859623 -0.001133 -0.019153 0.109607 0.993790
1693922767.199672 103.583079 -35.944374 -10.862580 0.001692 -0.017560 0.110130 0.993761
1693922767.300100 103.602055 -36.128690 -10.864401 -0.000438 -0.017089 0.110096 0.993774
1693922767.399858 103.617778 -36.307945 -10.867528 -0.003056 -0.016997 0.110681 0.993706
1693922767.499825 103.634156 -36.487330 -10.869027 -0.007614 -0.019722 0.112720 0.993402
1693922767.599884 103.655479 -36.674219 -10.868207 -0.005071 -0.019484 0.109154 0.993821
1693922767.700040 103.675571 -36.856247 -10.866807 -0.004355 -0.017807 0.110181 0.993743
1693922767.799792 103.694224 -37.043448 -10.866205 -0.004285 -0.017417 0.108331 0.993953
1693922767.900058 103.710612 -37.227720 -10.867219 -0.002812 -0.017601 0.109890 0.993784
1693922768.099802 103.747455 -37.597856 -10.866330 -0.006726 -0.018206 0.108605 0.993896
1693922768.200091 103.763937 -37.785875 -10.866462 -0.001781 -0.018508 0.108735 0.993897
1693922768.399843 103.802627 -38.157476 -10.868635 -0.003367 -0.017507 0.105424 0.994268
1693922768.600168 103.837685 -38.528449 -10.869068 -0.002077 -0.015292 0.105402 0.994310
1693922768.700228 103.853698 -38.713549 -10.870108 -0.002019 -0.016112 0.105095 0.994330
1693922768.800087 103.870225 -38.896268 -10.871816 -0.004448 -0.015061 0.103932 0.994460
1693922768.899919 103.884553 -39.081869 -10.872501 -0.003873 -0.016014 0.103502 0.994493
1693922768.999828 103.898052 -39.267915 -10.872729 -0.002915 -0.017375 0.103519 0.994471
1693922769.299654 103.943467 -39.826103 -10.875212 -0.001626 -0.016276 0.103422 0.994503
1693922769.399867 103.958213 -40.012050 -10.876521 -0.000505 -0.016747 0.105240 0.994306
1693922769.499924 103.971850 -40.196494 -10.877894 -0.000534 -0.017499 0.109142 0.993872
1693922769.599622 103.988648 -40.379241 -10.879147 -0.001428 -0.017160 0.112059 0.993552
1693922769.700140 104.004376 -40.560627 -10.881968 -0.003882 -0.017834 0.117186 0.992942
1693922769.799916 104.021899 -40.744344 -10.883463 -0.003022 -0.018787 0.121762 0.992377
1693922769.899851 104.042276 -40.927452 -10.884238 -0.002832 -0.019811 0.125926 0.991838
1693922770.000014 104.067680 -41.113338 -10.883681 -0.000565 -0.017607 0.125865 0.991891
1693922770.099936 104.091124 -41.293851 -10.886239 -0.000339 -0.015681 0.128107 0.991636
1693922770.399650 104.157307 -41.844807 -10.890306 0.003248 -0.016988 0.130880 0.991247
1693922770.499896 104.180286 -42.031186 -10.891296 0.000755 -0.017350 0.128901 0.991505
1693922770.599796 104.203622 -42.215384 -10.893310 0.002934 -0.016597 0.128147 0.991612
1693922770.699571 104.224194 -42.398347 -10.891190 0.003703 -0.017694 0.128533 0.991540
1693922770.899803 104.266507 -42.759387 -10.887407 -0.001191 -0.019406 0.128032 0.991579
1693922770.999755 104.288255 -42.939908 -10.884248 -0.001286 -0.020338 0.128062 0.991557
1693922771.099676 104.312324 -43.121108 -10.880615 -0.002625 -0.019343 0.126422 0.991785
1693922771.199748 104.334628 -43.303349 -10.877952 -0.000601 -0.019643 0.126006 0.991835
1693922771.299753 104.355550 -43.484471 -10.879367 -0.001221 -0.018932 0.123948 0.992107
1693922771.400039 104.373535 -43.667210 -10.880139 -0.000354 -0.020861 0.123966 0.992067
1693922771.499824 104.393983 -43.845875 -10.880287 -0.001825 -0.020604 0.120983 0.992439
1693922771.599674 104.413585 -44.024374 -10.881370 -0.002209 -0.019612 0.120170 0.992557
1693922771.699759 104.431266 -44.202772 -10.882064 -0.003381 -0.020580 0.119379 0.992630
1693922771.799677 104.448240 -44.382187 -10.882731 -0.004198 -0.020898 0.118605 0.992713
1693922771.999610 104.480350 -44.744330 -10.882077 -0.001429 -0.021847 0.116777 0.992917
1693922772.199608 104.516493 -45.099503 -10.885149 -0.000515 -0.021285 0.112469 0.993427
1693922772.299921 104.531923 -45.277550 -10.886517 -0.001948 -0.020601 0.111699 0.993527
1693922772.399646 104.543357 -45.453332 -10.886293 -0.001632 -0.022480 0.112817 0.993360
1693922772.499780 104.561210 -45.628582 -10.885982 -0.003830 -0.020981 0.109336 0.993776
1693922772.599855 104.576559 -45.803747 -10.885579 -0.002108 -0.020670 0.108393 0.993891
1693922772.699780 104.590445 -45.977474 -10.885378 -0.004277 -0.020349 0.108522 0.993877
1693922772.799840 104.604577 -46.151843 -10.885233 -0.004093 -0.019522 0.107133 0.994045
1693922772.899829 104.616517 -46.322461 -10.885325 -0.005368 -0.020754 0.107840 0.993937
1693922772.999634 104.629681 -46.494990 -10.883917 -0.005985 -0.021586 0.106408 0.994070
1693922773.100260 104.644872 -46.667256 -10.882676 -0.005250 -0.019395 0.105319 0.994235
1693922773.199759 104.657791 -46.838473 -10.880412 -0.006217 -0.020289 0.105011 0.994245
1693922773.299897 104.672720 -47.012003 -10.879678 -0.004414 -0.018115 0.103524 0.994452
1693922773.399833 104.687199 -47.179432 -10.879577 -0.005487 -0.016542 0.102086 0.994623
1693922773.499575 104.697498 -47.353198 -10.877657 -0.005881 -0.019147 0.102730 0.994508
1693922773.700251 104.724901 -47.698942 -10.874205 -0.003865 -0.017760 0.100216 0.994800
1693922773.799676 104.737307 -47.870512 -10.874094 -0.001627 -0.016540 0.100812 0.994767
1693922773.899981 104.748942 -48.041847 -10.874087 0.000319 -0.016637 0.100033 0.994845
1693922773.999707 104.759436 -48.211297 -10.874007 -0.002950 -0.017505 0.100071 0.994822
1693922774.099845 104.772786 -48.379807 -10.874460 -0.002157 -0.017596 0.099073 0.994922
1693922774.199824 104.787915 -48.545057 -10.873936 -0.004075 -0.016560 0.097954 0.995045
1693922774.299763 104.801281 -48.710890 -10.872312 -0.005206 -0.016260 0.097484 0.995091
1693922774.399747 104.813450 -48.876985 -10.870792 -0.004791 -0.016000 0.096685 0.995175
1693922774.499579 104.825705 -49.043808 -10.868019 -0.005678 -0.016647 0.095728 0.995252
1693922774.599859 104.837841 -49.211506 -10.864958 -0.004954 -0.016679 0.095162 0.995310
1693922774.699916 104.849930 -49.379875 -10.861388 -0.003126 -0.016646 0.094657 0.995366
1693922774.899770 104.871468 -49.709219 -10.855375 -0.003397 -0.017881 0.093288 0.995473
1693922774.999715 104.882805 -49.871118 -10.853689 -0.005998 -0.017722 0.092009 0.995582
1693922775.099804 104.895127 -50.034749 -10.851053 -0.006602 -0.019282 0.090900 0.995651
1693922775.199650 104.906742 -50.199306 -10.848350 -0.006001 -0.019055 0.089620 0.995776
1693922775.299662 104.919335 -50.364116 -10.845849 -0.003978 -0.018015 0.087501 0.995994
1693922775.399839 104.929071 -50.527465 -10.844606 -0.003387 -0.017214 0.086752 0.996075
1693922775.500049 104.938296 -50.688777 -10.843204 -0.004742 -0.016861 0.085037 0.996224
1693922775.799954 104.964170 -51.177358 -10.836753 -0.003625 -0.020671 0.081438 0.996457
1693922775.899732 104.972322 -51.339587 -10.835923 -0.002469 -0.019913 0.080054 0.996589
1693922775.999758 104.979893 -51.501797 -10.834101 -0.002596 -0.020088 0.078179 0.996734
1693922776.099840 104.988560 -51.662125 -10.833016 -0.003955 -0.019931 0.075349 0.996950
1693922776.199845 104.993704 -51.823464 -10.831337 -0.003548 -0.020896 0.075028 0.996956
1693922776.299843 104.999478 -51.982011 -10.831122 -0.005964 -0.020669 0.072762 0.997117
1693922776.399638 105.003053 -52.141464 -10.831204 -0.005192 -0.020630 0.071380 0.997222
1693922776.499844 105.006441 -52.299908 -10.831530 -0.005654 -0.020325 0.069979 0.997325
1693922776.599698 105.011321 -52.457656 -10.831738 -0.007260 -0.020118 0.068070 0.997451
1693922776.699907 105.015271 -52.618467 -10.830311 -0.006337 -0.019391 0.067471 0.997513
1693922776.799817 105.016386 -52.775908 -10.830043 -0.006589 -0.018359 0.067500 0.997529
1693922776.899787 105.016415 -52.932606 -10.829199 -0.008176 -0.019190 0.066715 0.997554
1693922776.999771 105.015963 -53.090209 -10.827317 -0.008848 -0.019618 0.066213 0.997573
1693922777.099943 105.017444 -53.245657 -10.824860 -0.010211 -0.020031 0.066203 0.997553
1693922777.199631 105.020189 -53.405539 -10.820996 -0.011162 -0.020387 0.063770 0.997694
1693922777.299863 105.020238 -53.563963 -10.817994 -0.009259 -0.018998 0.064497 0.997694
1693922777.399904 105.018029 -53.723373 -10.812840 -0.008888 -0.020565 0.064731 0.997651
1693922777.499844 105.017112 -53.880525 -10.809823 -0.009021 -0.018666 0.062818 0.997810
1693922777.599830 105.015832 -54.038022 -10.806769 -0.007492 -0.019640 0.062044 0.997852
1693922777.699744 105.015367 -54.196598 -10.803863 -0.007909 -0.019152 0.059400 0.998019
1693922777.799753 105.010481 -54.357071 -10.800127 -0.005385 -0.022116 0.060397 0.997915
1693922777.899747 105.009163 -54.516303 -10.797414 -0.004387 -0.020294 0.057273 0.998143
1693922777.999777 105.005579 -54.672990 -10.794380 -0.003797 -0.020321 0.056270 0.998202
1693922778.100106 105.005722 -54.825249 -10.793317 -0.006045 -0.019444 0.053032 0.998385
1693922778.299700 104.994498 -55.123185 -10.787037 -0.008388 -0.021071 0.052112 0.998384
1693922778.399803 104.984484 -55.272248 -10.781868 -0.004024 -0.026547 0.053043 0.998231
1693922778.499741 104.982797 -55.415211 -10.781223 -0.007344 -0.020307 0.050200 0.998506
1693922778.599930 104.976889 -55.549990 -10.778176 -0.007203 -0.024184 0.050957 0.998382
1693922778.699802 104.973851 -55.681090 -10.774375 -0.006265 -0.022677 0.049819 0.998481
1693922778.799752 104.965711 -55.804164 -10.769527 0.001164 -0.024319 0.050826 0.998411
1693922779.099715 104.945818 -56.078925 -10.752586 0.007712 -0.030906 0.046670 0.998402
1693922779.199717 104.945750 -56.137812 -10.750722 0.006132 -0.030683 0.044785 0.998507
1693922779.299841 104.942668 -56.186291 -10.747661 0.004552 -0.026627 0.036992 0.998950
1693922779.399916 104.934543 -56.227775 -10.742076 0.004918 -0.029126 0.035140 0.998946
1693922779.499964 104.926821 -56.256993 -10.737642 0.006428 -0.027558 0.032614 0.999067
1693922779.699910 104.918977 -56.281888 -10.720314 0.020877 -0.035287 0.030474 0.998694
1693922779.799825 104.916417 -56.280593 -10.716328 0.013010 -0.031088 0.029067 0.999009
1693922779.899916 104.912845 -56.264663 -10.718757 -0.002621 -0.025506 0.029759 0.999228
1693922779.999920 104.909812 -56.241076 -10.726935 -0.011034 -0.031199 0.031663 0.998951
1693922780.099842 104.904521 -56.232243 -10.732686 -0.008743 -0.028766 0.032936 0.999005
1693922780.199838 104.902047 -56.226097 -10.737127 -0.006810 -0.025350 0.031471 0.999160
1693922780.299850 104.897579 -56.226718 -10.745243 -0.007687 -0.026035 0.032938 0.999089
1693922780.399818 104.896157 -56.228013 -10.750132 -0.005912 -0.026402 0.032573 0.999103
1693922780.499910 104.897442 -56.228042 -10.755195 -0.006405 -0.026817 0.032891 0.999079
1693922780.599755 104.896797 -56.227971 -10.755768 -0.006273 -0.026123 0.032988 0.999095
1693922780.699904 104.895326 -56.228106 -10.754462 -0.006658 -0.027369 0.032915 0.999061
1693922780.799925 104.893637 -56.227563 -10.755886 -0.006828 -0.028249 0.032834 0.999038
1693922780.899841 104.893225 -56.227261 -10.755745 -0.006053 -0.027426 0.032243 0.999085
1693922780.999763 104.894934 -56.229088 -10.757363 -0.004851 -0.025975 0.032660 0.999117
1693922781.099882 104.895074 -56.229833 -10.758043 -0.005347 -0.024396 0.032355 0.999164
1693922781.200004 104.898382 -56.228738 -10.757053 -0.005409 -0.023197 0.032760 0.999179
1693922781.300149 104.897780 -56.228145 -10.756627 -0.006150 -0.023133 0.032387 0.999189
1693922781.399904 104.897492 -56.226916 -10.755070 -0.006652 -0.023050 0.032759 0.999175
1693922781.499838 104.894619 -56.226547 -10.755765 -0.006272 -0.022623 0.032296 0.999203
1693922781.599830 104.895036 -56.224184 -10.755773 -0.006715 -0.023216 0.032718 0.999172
1693922781.699773 104.895054 -56.223400 -10.758361 -0.006599 -0.022716 0.032552 0.999190
1693922781.799784 104.895912 -56.223327 -10.757903 -0.006661 -0.022155 0.032719 0.999197
1693922781.899904 104.896523 -56.225047 -10.758064 -0.006301 -0.022721 0.032498 0.999194
1693922781.999809 104.894639 -56.228608 -10.756824 -0.005934 -0.023644 0.032331 0.999180
1693922782.099761 104.892964 -56.229241 -10.756687 -0.006088 -0.023650 0.032539 0.999172
1693922782.199911 104.891938 -56.230268 -10.754746 -0.006096 -0.024223 0.032916 0.999146
1693922782.299888 104.892725 -56.227047 -10.757925 -0.007344 -0.023774 0.032773 0.999153
1693922782.399794 104.891312 -56.225616 -10.760487 -0.007697 -0.023841 0.033074 0.999139
1693922782.499889 104.893014 -56.228329 -10.760752 -0.007557 -0.024834 0.032460 0.999136
1693922782.599971 104.890319 -56.236661 -10.763205 -0.008382 -0.024406 0.032267 0.999146
1693922782.699976 104.891636 -56.249271 -10.764721 -0.010172 -0.022713 0.031837 0.999183
1693922782.799864 104.891558 -56.269978 -10.764602 -0.010947 -0.021908 0.032515 0.999171
1693922782.899946 104.891321 -56.300026 -10.767217 -0.013143 -0.021283 0.033815 0.999115
1693922782.999990 104.885251 -56.360071 -10.765937 -0.012838 -0.022192 0.035456 0.999042
1693922783.300050 104.867065 -56.520166 -10.759080 -0.010865 -0.021054 0.041243 0.998868
1693922783.400074 104.864894 -56.615105 -10.760498 -0.012486 -0.021248 0.032045 0.999183
1693922783.599908 104.849636 -56.766454 -10.767002 -0.013579 -0.021536 0.030002 0.999226
1693922783.700105 104.840833 -56.865573 -10.763797 -0.013626 -0.020570 0.028918 0.999277
1693922783.799969 104.824720 -56.968685 -10.763497 -0.007833 -0.023205 0.033848 0.999127
1693922783.899850 104.817972 -57.091007 -10.769081 -0.014119 -0.019588 0.029224 0.999281
1693922784.000069 104.803074 -57.214963 -10.760845 -0.006868 -0.023112 0.030027 0.999258
1693922784.100015 104.793830 -57.351209 -10.756090 -0.008268 -0.021000 0.031031 0.999264
1693922784.199933 104.787550 -57.498801 -10.758285 -0.002335 -0.022606 0.029734 0.999299
1693922784.300011 104.780919 -57.652720 -10.753629 -0.005908 -0.020499 0.032241 0.999252
1693922784.399976 104.780104 -57.805106 -10.759214 -0.004590 -0.018759 0.026786 0.999455
1693922784.500056 104.767592 -57.966857 -10.756648 -0.004447 -0.020464 0.023955 0.999494
1693922784.599881 104.758696 -58.126022 -10.760315 -0.009003 -0.020021 0.024212 0.999466
1693922784.700011 104.743584 -58.296239 -10.764027 -0.006381 -0.020864 0.023510 0.999485
1693922784.800054 104.726622 -58.456285 -10.762110 -0.007743 -0.020937 0.022463 0.999498
1693922784.899985 104.702956 -58.631264 -10.759339 -0.004232 -0.023433 0.023169 0.999448
1693922785.000004 104.685855 -58.798516 -10.757829 -0.005413 -0.021724 0.024609 0.999446
1693922785.100091 104.672180 -58.968395 -10.755784 -0.002893 -0.020248 0.021850 0.999552
1693922785.400015 104.629253 -59.459259 -10.764676 -0.003652 -0.022795 0.022102 0.999489
1693922785.500242 104.614491 -59.621260 -10.764311 -0.007260 -0.020907 0.020767 0.999539
1693922785.600195 104.604076 -59.787588 -10.764727 -0.003785 -0.025441 0.024215 0.999376
1693922785.700038 104.591417 -59.947321 -10.765318 -0.002129 -0.022470 0.023135 0.999478
1693922785.799900 104.578569 -60.106706 -10.759500 -0.002478 -0.021652 0.016934 0.999619
1693922785.900087 104.564433 -60.269271 -10.759900 -0.004208 -0.020429 0.013342 0.999693
1693922786.000019 104.547229 -60.428919 -10.761881 -0.003983 -0.018908 0.008087 0.999781
1693922786.100021 104.531577 -60.593391 -10.762849 -0.005574 -0.018895 0.003217 0.999801
1693922786.199762 104.511359 -60.760957 -10.764716 -0.005717 -0.017971 -0.000761 0.999822
1693922786.299806 104.486200 -60.928291 -10.766501 -0.005782 -0.018684 -0.002588 0.999805
1693922786.399989 104.460285 -61.091135 -10.763613 -0.005257 -0.019760 -0.002630 0.999787
1693922786.500129 104.437995 -61.263294 -10.761528 -0.004518 -0.018481 -0.004988 0.999807
1693922786.600070 104.414474 -61.429688 -10.762257 -0.006170 -0.017152 -0.007834 0.999803
1693922786.700006 104.392550 -61.598030 -10.761450 -0.005200 -0.018453 -0.008076 0.999784
1693922786.800060 104.368537 -61.767158 -10.761887 -0.005587 -0.019581 -0.009682 0.999746
1693922786.900081 104.348983 -61.935627 -10.764034 -0.004403 -0.017480 -0.011071 0.999776
1693922787.000000 104.321197 -62.105858 -10.765720 -0.006351 -0.019056 -0.014601 0.999692
1693922787.100223 104.293384 -62.295334 -10.765345 -0.005421 -0.017936 -0.016034 0.999696
1693922787.300058 104.235668 -62.603063 -10.764220 -0.003815 -0.019575 -0.016417 0.999666
1693922787.400208 104.205092 -62.771186 -10.762470 -0.005342 -0.018193 -0.017056 0.999675
1693922787.499995 104.175545 -62.944970 -10.767259 -0.004855 -0.017503 -0.021019 0.999614
1693922787.600014 104.142186 -63.135790 -10.768254 -0.004035 -0.018126 -0.018808 0.999651
1693922787.800103 104.087165 -63.432670 -10.767809 -0.005812 -0.019684 -0.010864 0.999730
1693922787.900098 104.050150 -63.594232 -10.765498 -0.000679 -0.023955 0.001981 0.999711
1693922788.000205 104.018988 -63.759277 -10.764832 -0.002472 -0.022275 0.018579 0.999576
1693922788.100214 103.991374 -63.919700 -10.768634 0.001162 -0.024343 0.037362 0.999005
1693922788.200009 103.966860 -64.073155 -10.760799 -0.000352 -0.023414 0.061851 0.997811
1693922788.300121 103.953017 -64.223767 -10.757530 -0.000825 -0.023587 0.076519 0.996789
1693922788.400145 103.951337 -64.375667 -10.760627 0.000030 -0.024074 0.087627 0.995862
1693922788.499610 103.953089 -64.529978 -10.767706 -0.001217 -0.025002 0.095358 0.995128
1693922788.600229 103.956964 -64.683640 -10.760438 -0.001286 -0.021162 0.100075 0.994754
1693922788.700237 103.968588 -64.840209 -10.760502 0.000138 -0.021598 0.100969 0.994655
1693922788.800007 103.978292 -64.995423 -10.765169 -0.001553 -0.022322 0.103284 0.994400
1693922788.900167 103.993434 -65.145534 -10.761029 0.000092 -0.019020 0.099043 0.994901
1693922789.000116 104.001767 -65.289490 -10.759014 -0.003223 -0.018419 0.100847 0.994726
1693922789.099997 104.010733 -65.433922 -10.762693 -0.003406 -0.020107 0.101155 0.994662
1693922789.200160 104.013593 -65.584589 -10.760236 -0.002109 -0.021914 0.101903 0.994551
1693922789.300124 104.023169 -65.731720 -10.760741 -0.000480 -0.021396 0.103449 0.994405
1693922789.600174 104.066303 -66.177507 -10.766653 0.002505 -0.013975 0.078843 0.996786
1693922789.700287 104.078159 -66.319866 -10.772461 0.004186 -0.012860 0.060212 0.998094
1693922789.800161 104.083721 -66.457699 -10.774530 0.011048 -0.012781 0.034113 0.999275
1693922789.900173 104.086828 -66.593886 -10.778390 0.017340 -0.023022 0.000492 0.999584
1693922790.000275 104.059080 -66.708030 -10.765795 0.014566 -0.025433 -0.005690 0.999554
1693922790.300267 104.054468 -66.963624 -10.777366 0.004809 -0.012647 -0.115869 0.993172
1693922790.400144 104.052079 -67.039594 -10.779384 0.003226 -0.006269 -0.164003 0.986435
1693922790.500132 104.034252 -67.107988 -10.784172 0.002130 -0.019741 -0.210576 0.977376
1693922790.600122 103.992746 -67.173537 -10.775487 -0.004482 -0.019621 -0.239516 0.970684
1693922790.700152 103.961980 -67.233729 -10.778035 -0.005860 -0.023648 -0.275485 0.960997
1693922790.800128 103.917072 -67.300282 -10.771624 -0.008551 -0.021377 -0.312198 0.949738
1693922790.900097 103.877310 -67.362561 -10.775274 -0.010741 -0.019750 -0.348391 0.937080
1693922791.000452 103.826165 -67.419413 -10.772400 -0.011065 -0.016914 -0.377445 0.925811
1693922791.100168 103.767884 -67.492110 -10.767087 -0.008870 -0.011966 -0.416690 0.908926
1693922791.200258 103.695758 -67.559117 -10.769316 -0.009307 -0.008639 -0.444332 0.895772
1693922791.300171 103.608656 -67.623053 -10.773344 -0.009947 -0.007763 -0.463413 0.886053
1693922791.400185 103.509131 -67.679211 -10.777409 -0.011516 -0.008963 -0.479522 0.877409
1693922791.500208 103.392134 -67.729914 -10.778579 -0.014605 -0.009254 -0.490421 0.871314
1693922791.600220 103.272369 -67.784633 -10.778547 -0.013360 -0.008062 -0.499401 0.866230
1693922791.700268 103.149230 -67.836687 -10.778020 -0.011832 -0.008090 -0.505344 0.862799
1693922791.799681 103.019821 -67.883932 -10.775758 -0.012728 -0.007261 -0.508883 0.860711
1693922791.900223 102.881118 -67.935283 -10.771657 -0.013397 -0.008637 -0.510710 0.859605
1693922792.000160 102.736325 -67.988161 -10.771978 -0.014070 -0.009446 -0.511794 0.858941
1693922792.100155 102.588482 -68.042414 -10.766624 -0.014195 -0.007830 -0.513242 0.858091
1693922792.200166 102.436684 -68.101548 -10.768537 -0.013514 -0.007761 -0.515506 0.856744
1693922792.300241 102.281685 -68.159466 -10.772532 -0.016299 -0.004129 -0.515064 0.856987
1693922792.400298 102.114121 -68.227313 -10.775649 -0.013586 -0.003842 -0.515616 0.856703
1693922792.600142 101.820505 -68.334827 -10.768383 -0.014825 -0.003633 -0.520078 0.853983
1693922792.700140 101.661164 -68.382854 -10.755279 -0.011800 -0.009491 -0.516613 0.856085
1693922792.800299 101.513069 -68.433965 -10.755461 -0.013338 -0.006117 -0.518473 0.854968
1693922792.900315 101.358108 -68.493123 -10.759257 -0.012986 -0.004824 -0.521232 0.853303
1693922793.000144 101.206691 -68.543141 -10.759629 -0.015874 -0.007913 -0.520024 0.853967
1693922793.100366 101.051346 -68.592903 -10.752198 -0.010797 -0.004617 -0.524019 0.851625
1693922793.200227 100.897223 -68.666422 -10.753137 -0.010763 -0.003801 -0.531698 0.846857
1693922793.299647 100.739134 -68.722065 -10.749243 -0.010563 -0.007969 -0.532721 0.846187
1693922793.400285 100.570447 -68.774818 -10.744330 -0.007280 -0.009120 -0.535746 0.844299
1693922793.500206 100.410035 -68.827228 -10.743986 -0.007890 -0.012412 -0.541659 0.840470
1693922793.600276 100.245267 -68.868268 -10.745337 -0.007832 -0.013490 -0.541096 0.840816
1693922793.700401 100.087411 -68.917354 -10.750247 -0.007923 -0.013294 -0.547585 0.836607
1693922793.800331 99.929035 -68.971936 -10.753922 -0.011552 -0.011156 -0.557329 0.830136
1693922793.900319 99.766300 -69.013745 -10.751823 -0.012107 -0.008740 -0.561318 0.827465
1693922794.000474 99.602400 -69.053524 -10.759254 -0.017021 -0.006867 -0.566003 0.824199
1693922794.099990 99.424654 -69.101410 -10.765432 -0.021683 -0.003919 -0.572640 0.819511
1693922794.300446 99.131098 -69.168155 -10.758593 -0.018185 -0.004710 -0.582042 0.812942
1693922794.400371 98.974714 -69.206348 -10.754935 -0.018981 -0.003389 -0.584621 0.811077
1693922794.500277 98.810991 -69.237403 -10.747610 -0.017042 -0.005098 -0.590444 0.806883
1693922794.600350 98.649129 -69.260133 -10.743502 -0.020891 -0.005466 -0.593231 0.804742
1693922794.700204 98.481723 -69.283067 -10.740288 -0.021773 -0.008355 -0.596596 0.802203
1693922794.800030 98.314344 -69.301317 -10.731808 -0.021229 -0.009974 -0.601537 0.798500
1693922794.900468 98.146749 -69.319485 -10.730149 -0.021413 -0.010820 -0.606973 0.794360
1693922795.000277 97.982647 -69.341140 -10.738053 -0.024899 -0.013852 -0.610740 0.791319
1693922795.099701 97.818398 -69.357783 -10.738283 -0.026677 -0.012674 -0.615071 0.787918
1693922795.200291 97.649056 -69.377697 -10.739606 -0.025891 -0.013402 -0.620611 0.783576
1693922795.300224 97.483461 -69.398574 -10.738175 -0.024282 -0.015023 -0.625393 0.779787
1693922795.400372 97.306871 -69.416547 -10.729491 -0.023115 -0.015713 -0.629562 0.776447
1693922795.500279 97.138627 -69.430803 -10.729705 -0.022114 -0.016165 -0.631258 0.775089
1693922795.599664 96.964704 -69.441888 -10.722867 -0.020595 -0.015102 -0.635844 0.771395
1693922795.700234 96.783858 -69.457884 -10.718224 -0.017707 -0.017431 -0.638907 0.768883
1693922795.800486 96.595726 -69.474275 -10.719102 -0.012447 -0.021330 -0.641656 0.766595
1693922795.900483 96.409040 -69.488919 -10.715269 -0.009695 -0.019149 -0.644863 0.763997
1693922796.000380 96.209971 -69.500490 -10.720996 -0.007903 -0.018333 -0.647503 0.761802
1693922796.200260 95.892005 -69.517386 -10.731331 -0.009057 -0.015003 -0.650100 0.759646
1693922796.300519 95.730634 -69.518684 -10.737146 -0.007439 -0.013309 -0.650456 0.759391
1693922796.400449 95.565539 -69.522171 -10.737564 -0.009827 -0.009815 -0.649956 0.759845
1693922796.500501 95.400349 -69.528705 -10.736725 -0.011264 -0.010982 -0.650722 0.759153
1693922796.600564 95.225671 -69.530686 -10.739690 -0.011324 -0.008883 -0.654371 0.756037
1693922796.700169 95.035182 -69.534110 -10.742678 -0.012583 -0.007436 -0.658300 0.752613
1693922796.899726 94.735483 -69.529782 -10.744918 -0.012323 -0.007635 -0.661839 0.749506
1693922797.000477 94.570307 -69.526028 -10.746973 -0.012353 -0.008578 -0.661326 0.749948
1693922797.100251 94.402407 -69.524689 -10.746559 -0.012965 -0.008672 -0.662240 0.749130
1693922797.199548 94.233999 -69.522500 -10.743224 -0.012816 -0.008762 -0.662926 0.748524
1693922797.300482 94.068166 -69.521731 -10.744554 -0.014750 -0.008141 -0.662612 0.748773
1693922797.399550 93.902205 -69.521188 -10.742788 -0.013096 -0.008030 -0.663604 0.747926
1693922797.500008 93.734469 -69.521038 -10.743760 -0.015274 -0.006017 -0.664125 0.747442
1693922797.600476 93.566930 -69.516223 -10.740210 -0.014373 -0.008402 -0.664234 0.747340
1693922797.700506 93.401357 -69.507817 -10.739149 -0.011466 -0.007705 -0.665198 0.746539
1693922797.800441 93.229499 -69.505155 -10.738362 -0.011554 -0.007318 -0.665788 0.746016
1693922797.900482 93.060297 -69.502662 -10.738515 -0.010078 -0.008950 -0.666191 0.745659
1693922798.000410 92.891761 -69.502153 -10.743466 -0.013821 -0.008006 -0.667583 0.744364
1693922798.100297 92.724467 -69.496116 -10.743400 -0.013319 -0.007197 -0.667625 0.744344
1693922798.200537 92.555185 -69.493057 -10.740144 -0.013897 -0.007486 -0.668362 0.743669
1693922798.300417 92.384053 -69.486886 -10.738509 -0.013258 -0.008014 -0.668819 0.743264
1693922798.399877 92.213348 -69.478534 -10.738772 -0.011903 -0.007592 -0.669568 0.742617
1693922798.500411 92.024467 -69.473887 -10.739214 -0.012596 -0.007956 -0.669758 0.742430
1693922798.700320 91.707086 -69.465955 -10.747985 -0.011432 -0.008351 -0.671190 0.741151
1693922798.800472 91.532996 -69.462158 -10.752722 -0.013069 -0.006790 -0.670312 0.741934
1693922798.900403 91.340453 -69.452279 -10.754605 -0.012024 -0.006682 -0.670851 0.741464
1693922799.100553 91.005298 -69.439051 -10.754145 -0.012604 -0.006359 -0.670253 0.741999
1693922799.299906 90.702017 -69.429064 -10.752087 -0.011734 -0.007020 -0.670350 0.741919
1693922799.400493 90.514252 -69.424545 -10.750016 -0.012430 -0.007015 -0.670956 0.741360
1693922799.600532 90.167612 -69.410744 -10.752478 -0.012931 -0.006943 -0.671788 0.740598
1693922799.800428 89.827609 -69.400618 -10.745133 -0.011112 -0.007667 -0.673298 0.739248
1693922800.000538 89.515651 -69.389841 -10.746575 -0.011049 -0.008469 -0.672613 0.739864
1693922800.100335 89.334716 -69.382961 -10.740807 -0.009779 -0.009119 -0.669808 0.742414
1693922800.400429 88.901158 -69.362149 -10.742635 -0.011655 -0.009729 -0.659659 0.751411
1693922800.500518 88.752102 -69.360135 -10.748185 -0.014017 -0.009320 -0.653337 0.756880
1693922800.600457 88.590652 -69.362287 -10.742885 -0.011234 -0.011063 -0.647798 0.761649
1693922800.700511 88.425423 -69.369421 -10.744116 -0.011918 -0.010452 -0.642165 0.766403
1693922800.800643 88.254798 -69.371031 -10.742405 -0.010159 -0.012056 -0.636698 0.770952
1693922800.900598 88.077044 -69.377380 -10.744756 -0.011539 -0.011231 -0.631981 0.774817
1693922801.000561 87.894239 -69.388230 -10.747243 -0.011040 -0.012477 -0.626179 0.779501
1693922801.100570 87.709837 -69.400604 -10.745003 -0.011206 -0.012991 -0.621443 0.783271
1693922801.200524 87.491783 -69.424163 -10.744054 -0.012090 -0.012077 -0.612281 0.790455
1693922801.600441 86.886086 -69.475439 -10.746562 -0.013088 -0.013042 -0.603325 0.797282
1693922801.700409 86.698228 -69.501030 -10.746942 -0.013608 -0.012256 -0.599613 0.800081
1693922801.900525 86.363109 -69.543595 -10.752137 -0.014380 -0.011884 -0.597055 0.801983
1693922801.999715 86.161507 -69.594440 -10.756113 -0.012631 -0.011141 -0.597530 0.801669
1693922802.400476 85.552674 -69.668579 -10.758537 -0.013297 -0.011480 -0.597100 0.801974
1693922802.500546 85.364708 -69.700265 -10.758142 -0.015127 -0.012103 -0.597265 0.801810
1693922802.700558 84.995884 -69.759354 -10.757277 -0.013994 -0.010461 -0.598915 0.800622
1693922802.900500 84.575532 -69.840823 -10.760229 -0.012623 -0.007775 -0.600435 0.799536
1693922803.300488 84.021375 -69.919468 -10.749995 -0.012287 -0.006840 -0.604119 0.796770
1693922803.500476 83.707250 -69.960617 -10.743745 -0.012719 -0.008160 -0.602225 0.798183
1693922803.700662 83.389428 -70.001791 -10.748723 -0.013404 -0.009114 -0.602597 0.797881
1693922803.900527 83.084199 -70.035690 -10.744502 -0.014204 -0.011541 -0.603245 0.797346
1693922804.000496 82.919201 -70.054640 -10.743791 -0.012484 -0.015677 -0.602691 0.797723
1693922804.100482 82.743102 -70.077117 -10.735363 -0.010211 -0.016802 -0.604998 0.795984
1693922804.200571 82.568356 -70.098887 -10.734746 -0.008074 -0.019496 -0.606598 0.794729
1693922804.300648 82.390300 -70.121191 -10.739867 -0.006411 -0.021159 -0.608308 0.793393
1693922804.400112 82.194648 -70.158276 -10.751215 -0.004549 -0.025379 -0.608664 0.793009
1693922804.700046 81.731360 -70.214120 -10.752183 0.004030 -0.033549 -0.605507 0.795122
1693922804.900353 81.409908 -70.273156 -10.769657 0.021070 -0.036735 -0.604870 0.795197
1693922805.100683 81.131863 -70.323838 -10.780635 0.034030 -0.042646 -0.603607 0.795413
1693922805.199825 80.993323 -70.345247 -10.783783 0.032390 -0.040557 -0.600342 0.798057
1693922805.300210 80.870006 -70.364875 -10.795111 0.033126 -0.041543 -0.596015 0.801214
1693922805.400600 80.748436 -70.385502 -10.805559 0.030972 -0.039437 -0.591555 0.804704
1693922805.699833 80.434224 -70.452025 -10.844288 0.029281 -0.034693 -0.581069 0.812587
1693922805.900547 80.251624 -70.492525 -10.887747 0.040950 -0.035442 -0.570568 0.819463
1693922806.500529 79.950329 -70.584815 -10.898418 0.059944 -0.063562 -0.488304 0.868289
1693922806.599990 79.868517 -70.611644 -10.887229 0.067033 -0.059099 -0.454717 0.886141
1693922807.000077 79.833028 -70.658282 -10.868355 0.056629 -0.045331 -0.490305 0.868527
1693922807.100667 79.811708 -70.677568 -10.865365 0.053047 -0.046750 -0.520030 0.851216
1693922807.200647 79.776803 -70.672829 -10.867202 0.047464 -0.049876 -0.535678 0.841611
1693922807.299975 79.742699 -70.675219 -10.881143 0.041308 -0.047808 -0.542059 0.837962
1693922807.400589 79.713326 -70.707059 -10.899403 0.045821 -0.036275 -0.551845 0.831896
1693922807.500696 79.690146 -70.750390 -10.919571 0.046678 -0.015863 -0.567303 0.822032
1693922807.600343 79.686917 -70.789089 -10.942679 0.041515 0.022899 -0.576000 0.816073
1693922807.699883 79.658631 -70.808420 -10.962775 0.005892 0.023785 -0.577622 0.815936
1693922808.200200 79.321730 -70.723532 -10.992173 -0.034943 -0.018805 -0.497683 0.866451
1693922808.800672 78.786970 -70.811539 -10.955340 -0.045435 -0.014337 -0.585156 0.809520
1693922808.900601 78.666697 -70.832288 -10.961841 -0.047230 -0.013442 -0.586249 0.808642
1693922809.000515 78.535977 -70.859421 -10.952060 -0.048836 -0.010696 -0.594766 0.802343
1693922809.100739 78.382673 -70.874331 -10.962120 -0.051789 -0.012401 -0.600788 0.797632
1693922809.200701 78.213414 -70.898083 -10.955586 -0.047220 -0.016722 -0.605803 0.794036
1693922809.500551 77.573985 -71.009588 -10.942210 -0.020714 -0.015709 -0.638659 0.769050
1693922809.800587 77.064863 -71.030919 -10.932186 -0.021210 -0.013962 -0.639543 0.768336
1693922810.100572 76.634317 -71.058560 -10.933377 -0.022362 -0.008861 -0.646751 0.762322
1693922810.300587 76.343989 -71.057784 -10.935484 -0.023572 -0.009002 -0.649952 0.759556
1693922810.599692 75.826851 -71.053508 -10.924063 -0.024430 -0.010564 -0.664629 0.746700
1693922810.800562 75.511017 -71.036824 -10.921809 -0.025581 -0.016224 -0.666710 0.744702
1693922810.899941 75.333579 -71.033001 -10.919489 -0.018044 -0.020334 -0.672492 0.739605
1693922811.000281 75.134562 -71.023543 -10.917916 -0.014908 -0.022193 -0.679579 0.733115
1693922811.200572 74.798157 -71.008952 -10.911236 -0.011190 -0.023944 -0.680952 0.731851
1693922811.300413 74.632447 -70.997254 -10.913089 -0.009958 -0.023969 -0.682337 0.730577
1693922811.400740 74.465356 -70.978018 -10.919905 -0.013779 -0.022248 -0.684180 0.728843
1693922811.500683 74.305669 -70.974408 -10.936959 -0.019217 -0.020979 -0.683303 0.729580
1693922811.600655 74.140265 -70.964576 -10.933310 -0.018344 -0.019091 -0.688037 0.725192
1693922811.700957 73.960380 -70.944872 -10.942142 -0.018322 -0.023130 -0.685632 0.727350
1693922811.800671 73.762987 -70.937848 -10.947664 -0.006095 -0.027802 -0.693466 0.719927
1693922812.100633 73.263577 -70.888339 -10.945813 0.004926 -0.040493 -0.723391 0.689233
1693922812.300581 72.942594 -70.803291 -10.961233 -0.008567 -0.045069 -0.739190 0.671933
1693922812.500662 72.648566 -70.728805 -10.975437 -0.012451 -0.037289 -0.751350 0.658732
1693922812.900871 72.406312 -70.664952 -10.980154 -0.015099 -0.031838 -0.759435 0.649629
1693922813.099661 72.321213 -70.631293 -10.994813 -0.022005 -0.028118 -0.760665 0.648162
1693922813.200262 72.269040 -70.605807 -11.006121 -0.027445 -0.024946 -0.759005 0.650027
1693922813.300436 72.209013 -70.585917 -11.000937 -0.025194 -0.021103 -0.754169 0.655858
1693922813.400713 72.147157 -70.573307 -11.011507 -0.025968 -0.019135 -0.755974 0.653806
1693922813.500633 72.085992 -70.564382 -11.018109 -0.023151 -0.016209 -0.761185 0.647918
1693922813.700800 72.014592 -70.601665 -11.044442 -0.050018 0.033041 -0.785880 0.615467
1693922813.900637 71.975756 -70.566722 -11.052400 -0.067952 0.061323 -0.783508 0.614604
1693922813.999655 71.908884 -70.539831 -11.051300 -0.066516 0.063424 -0.788908 0.607600
1693922814.100294 71.813711 -70.510978 -11.035222 -0.062852 0.062641 -0.790092 0.606532
1693922814.199852 71.704887 -70.473297 -11.034887 -0.060078 0.059106 -0.794058 0.601971
1693922814.400772 71.467233 -70.372124 -10.971552 -0.032881 0.029590 -0.796987 0.602375
1693922814.600820 71.275312 -70.261650 -10.929199 -0.038210 0.007949 -0.785569 0.617541
1693922814.800093 71.082374 -70.166706 -10.926494 -0.038566 0.007956 -0.789516 0.612465
1693922814.900459 70.971225 -70.110154 -10.926242 -0.048071 0.004801 -0.796970 0.602084
1693922815.000645 70.861283 -70.040837 -10.910610 -0.046345 0.006217 -0.794660 0.605252
1693922815.100694 70.728775 -69.985288 -10.908846 -0.046894 0.006829 -0.797412 0.601571
1693922815.200806 70.586391 -69.913860 -10.899924 -0.047381 0.006416 -0.801710 0.595798
1693922815.400620 70.332392 -69.812269 -10.887642 -0.043539 0.009229 -0.802203 0.595390
1693922815.500826 70.193363 -69.749766 -10.883639 -0.041247 0.002015 -0.800947 0.597310
1693922815.600337 70.051862 -69.676839 -10.883986 -0.038908 -0.004994 -0.787351 0.615256
1693922815.700825 69.902597 -69.613401 -10.874712 -0.034509 -0.015289 -0.775099 0.630711
1693922815.799563 69.757713 -69.575049 -10.860537 -0.025013 -0.010791 -0.762188 0.646783
1693922815.900665 69.613088 -69.526381 -10.863242 -0.030011 0.002895 -0.755328 0.654653
1693922816.099925 69.345886 -69.429759 -10.852116 -0.031167 0.006480 -0.720351 0.692879
1693922816.200743 69.191632 -69.393306 -10.845955 -0.030399 0.007227 -0.708015 0.705505
1693922816.300786 69.006627 -69.357046 -10.843269 -0.032118 0.004594 -0.693752 0.719483
1693922816.500559 68.663618 -69.319534 -10.828219 -0.030416 0.000674 -0.678382 0.734079
1693922816.700785 68.287660 -69.283486 -10.813610 -0.028381 -0.005115 -0.661976 0.748970
1693922816.999793 67.848243 -69.264992 -10.797959 -0.024701 -0.009580 -0.646133 0.762765
1693922817.100772 67.670262 -69.260027 -10.791208 -0.019927 -0.015463 -0.634864 0.772212
1693922817.300116 67.322948 -69.280478 -10.781350 -0.014884 -0.019145 -0.614481 0.788559
1693922817.400830 67.118553 -69.305339 -10.780517 -0.011909 -0.018326 -0.596681 0.802181
1693922817.699834 66.669309 -69.374359 -10.778869 -0.011110 -0.016797 -0.586788 0.809490
1693922817.800767 66.502372 -69.400265 -10.782331 -0.010006 -0.018077 -0.582939 0.812253
1693922817.900890 66.335804 -69.431222 -10.783184 -0.008187 -0.016398 -0.583731 0.811740
1693922818.000277 66.167317 -69.467757 -10.785116 -0.008123 -0.018048 -0.583817 0.811644
1693922818.099967 65.996045 -69.493734 -10.784243 -0.009408 -0.017702 -0.582207 0.812793
1693922818.200919 65.822003 -69.528969 -10.788160 -0.012049 -0.018992 -0.580804 0.813733
1693922818.300865 65.624348 -69.581537 -10.790844 -0.011968 -0.018019 -0.578349 0.815502
1693922818.600830 65.184411 -69.655792 -10.795723 -0.012688 -0.018788 -0.575117 0.817757
1693922818.700774 65.024632 -69.685776 -10.794525 -0.011452 -0.020141 -0.573775 0.818685
1693922818.799732 64.865591 -69.719277 -10.791948 -0.012372 -0.016736 -0.572427 0.819692
1693922818.900764 64.706759 -69.752503 -10.797088 -0.018535 -0.013397 -0.571151 0.820526
1693922819.001142 64.543733 -69.785950 -10.797595 -0.016194 -0.016054 -0.570254 0.821152
1693922819.100809 64.376287 -69.831393 -10.800173 -0.016800 -0.014412 -0.571128 0.820562
1693922819.200878 64.190940 -69.880030 -10.795546 -0.015564 -0.015014 -0.577737 0.815936
1693922819.400068 63.878489 -69.933457 -10.795964 -0.012880 -0.016511 -0.570880 0.820766
1693922819.500902 63.713710 -69.971418 -10.795559 -0.012382 -0.016367 -0.574130 0.818507
1693922819.599737 63.547835 -70.007850 -10.797301 -0.012905 -0.016412 -0.575551 0.817499
1693922819.699944 63.376766 -70.042488 -10.800748 -0.012641 -0.018873 -0.576222 0.816978
1693922819.800001 63.190797 -70.087584 -10.804317 -0.011841 -0.017208 -0.578959 0.815089
1693922820.000000 62.888847 -70.144082 -10.808453 -0.012496 -0.017232 -0.577583 0.816055
1693922820.100839 62.723850 -70.171890 -10.813009 -0.011610 -0.016750 -0.578056 0.815742
1693922820.200894 62.560814 -70.206586 -10.810040 -0.011390 -0.016519 -0.578463 0.815462
1693922820.300976 62.388475 -70.243223 -10.810334 -0.009973 -0.018926 -0.579649 0.814586
1693922820.400899 62.218996 -70.282192 -10.812040 -0.010393 -0.018010 -0.581011 0.813630
1693922820.499988 62.045393 -70.312470 -10.815300 -0.010326 -0.020029 -0.579909 0.814370
1693922820.600898 61.867375 -70.343608 -10.818055 -0.011550 -0.019928 -0.580127 0.814201
1693922820.700822 61.668979 -70.385885 -10.819827 -0.009740 -0.021092 -0.582441 0.812541
1693922820.901895 61.331693 -70.450335 -10.829908 -0.012254 -0.018642 -0.584582 0.811028
1693922821.100837 61.061659 -70.501888 -10.831111 -0.012823 -0.016900 -0.590394 0.806836
1693922821.200997 60.906021 -70.529751 -10.831445 -0.014894 -0.016138 -0.588000 0.808563
1693922821.299754 60.750669 -70.559765 -10.835510 -0.012227 -0.014798 -0.588788 0.808060
1693922821.400906 60.579440 -70.586512 -10.836967 -0.012842 -0.017238 -0.590058 0.807074
1693922821.501001 60.413340 -70.615829 -10.832968 -0.013153 -0.016449 -0.588788 0.808013
1693922821.600963 60.247851 -70.645471 -10.832839 -0.012072 -0.018006 -0.589963 0.807139
1693922821.700847 60.080143 -70.673930 -10.834349 -0.012816 -0.018774 -0.590629 0.806623
1693922821.800949 59.916789 -70.706423 -10.835185 -0.013431 -0.017510 -0.593389 0.804613
1693922821.900904 59.750726 -70.736315 -10.837166 -0.013722 -0.016307 -0.595072 0.803389
1693922822.000830 59.581926 -70.764952 -10.841254 -0.011664 -0.017707 -0.598426 0.800897
1693922822.099884 59.406692 -70.792817 -10.839660 -0.011421 -0.015883 -0.602053 0.798217
1693922822.200873 59.216559 -70.822078 -10.842914 -0.010118 -0.016260 -0.608726 0.793150
1693922822.400275 58.915906 -70.859975 -10.845159 -0.011345 -0.015076 -0.613972 0.789102
1693922822.500909 58.748943 -70.878191 -10.845645 -0.011815 -0.015777 -0.616266 0.787291
1693922822.600836 58.586118 -70.893193 -10.844615 -0.010955 -0.016875 -0.617556 0.786270
1693922822.700813 58.416647 -70.911214 -10.847180 -0.010619 -0.018489 -0.618710 0.785330
1693922822.800935 58.229634 -70.933639 -10.848650 -0.012835 -0.017419 -0.619880 0.784398
1693922822.999876 57.936487 -70.958375 -10.854898 -0.012774 -0.016568 -0.621278 0.783311
1693922823.100869 57.777490 -70.974197 -10.858669 -0.013660 -0.015592 -0.621838 0.782871
1693922823.200272 57.617849 -70.991916 -10.853952 -0.012837 -0.014843 -0.623402 0.781655
1693922823.299938 57.453477 -71.006517 -10.858067 -0.012900 -0.014800 -0.624403 0.780855
1693922823.400056 57.291095 -71.020370 -10.858550 -0.014240 -0.013452 -0.625009 0.780371
1693922823.500909 57.124886 -71.032847 -10.859318 -0.014414 -0.013655 -0.627007 0.778760
1693922823.599897 56.959412 -71.040148 -10.860294 -0.014375 -0.013935 -0.627728 0.778175
1693922823.700069 56.793565 -71.049947 -10.861256 -0.017028 -0.012886 -0.627519 0.778309
1693922823.800892 56.627470 -71.065484 -10.860250 -0.016656 -0.014827 -0.629227 0.776901
1693922823.901006 56.461862 -71.080798 -10.858273 -0.017169 -0.013431 -0.630934 0.775530
1693922824.000946 56.292259 -71.090888 -10.858217 -0.014873 -0.017399 -0.630428 0.775910
1693922824.100006 56.127457 -71.100956 -10.854946 -0.013399 -0.017503 -0.631242 0.775272
1693922824.199933 55.961835 -71.110603 -10.856292 -0.014258 -0.017326 -0.631913 0.774714
1693922824.300963 55.794137 -71.118627 -10.857430 -0.014626 -0.018775 -0.630645 0.775706
1693922824.400893 55.626768 -71.131580 -10.857012 -0.012788 -0.020131 -0.632637 0.774081
1693922824.499628 55.452076 -71.142994 -10.858788 -0.011578 -0.020576 -0.634423 0.772625
1693922824.599774 55.283432 -71.153034 -10.861761 -0.011958 -0.021253 -0.634805 0.772288
1693922824.700045 55.114160 -71.163970 -10.863756 -0.011840 -0.020546 -0.635080 0.772082
1693922824.799914 54.943527 -71.175311 -10.865926 -0.010766 -0.019754 -0.636068 0.771305
1693922824.900780 54.777539 -71.188427 -10.872114 -0.009855 -0.019832 -0.635885 0.771466
1693922825.000341 54.611647 -71.197846 -10.875927 -0.010485 -0.017178 -0.635958 0.771461
1693922825.099934 54.449149 -71.209802 -10.876782 -0.012482 -0.015144 -0.636048 0.771400
1693922825.199861 54.287075 -71.215620 -10.879334 -0.014565 -0.013741 -0.635400 0.771923
1693922825.300883 54.119732 -71.223924 -10.879271 -0.013859 -0.011028 -0.637274 0.770434
1693922825.399611 53.954738 -71.235989 -10.876795 -0.015411 -0.013519 -0.636767 0.770783
1693922825.499889 53.786342 -71.239827 -10.875230 -0.014406 -0.014422 -0.635378 0.771932
1693922825.600952 53.608529 -71.250973 -10.876098 -0.012997 -0.015710 -0.636840 0.770726
1693922825.699930 53.438612 -71.260002 -10.875307 -0.013949 -0.016903 -0.636387 0.771059
1693922825.799712 53.267055 -71.271079 -10.875448 -0.012601 -0.014838 -0.637045 0.770581
1693922825.900936 53.095301 -71.283855 -10.876816 -0.012868 -0.014133 -0.639552 0.768510
1693922825.999905 52.928348 -71.289797 -10.878675 -0.013040 -0.014909 -0.639024 0.768932
1693922826.099891 52.738350 -71.296754 -10.878107 -0.014079 -0.014352 -0.639983 0.768126
1693922826.299557 52.438773 -71.312438 -10.876084 -0.016713 -0.014346 -0.641476 0.766827
1693922826.399972 52.276982 -71.316246 -10.874301 -0.015225 -0.014314 -0.641383 0.766936
1693922826.500186 52.113040 -71.326242 -10.875262 -0.015314 -0.012154 -0.642835 0.765755
1693922826.600058 51.950953 -71.334196 -10.881524 -0.015718 -0.011098 -0.643141 0.765506
1693922826.699926 51.781071 -71.338530 -10.879331 -0.015526 -0.013531 -0.642641 0.765891
1693922826.800162 51.613023 -71.344781 -10.877082 -0.016524 -0.015005 -0.642871 0.765649
1693922826.899706 51.445171 -71.351116 -10.875870 -0.013961 -0.016106 -0.644291 0.764483
1693922826.999870 51.276585 -71.356355 -10.878504 -0.016392 -0.013887 -0.644317 0.764456
1693922827.100975 51.109485 -71.363695 -10.884435 -0.015827 -0.013762 -0.644715 0.764135
1693922827.200140 50.952743 -71.369225 -10.884589 -0.015490 -0.015412 -0.645200 0.763701
1693922827.299802 50.791086 -71.375553 -10.880525 -0.015872 -0.014786 -0.644813 0.764033
1693922827.399810 50.636559 -71.381912 -10.879689 -0.015708 -0.012307 -0.646699 0.762484
1693922827.500012 50.478582 -71.386287 -10.884333 -0.014296 -0.015483 -0.646765 0.762398
1693922827.599645 50.323922 -71.384895 -10.881593 -0.015785 -0.013206 -0.646434 0.762692
1693922827.699849 50.142297 -71.392743 -10.885797 -0.012821 -0.015969 -0.646366 0.762753
1693922827.800133 49.959066 -71.404199 -10.886384 -0.012054 -0.012874 -0.649993 0.759735
1693922827.899958 49.786619 -71.409942 -10.886824 -0.013242 -0.011363 -0.648486 0.761026
1693922828.000459 49.613374 -71.412227 -10.891772 -0.011507 -0.014429 -0.648542 0.760955
1693922828.100178 49.434136 -71.417213 -10.895536 -0.013682 -0.010483 -0.650157 0.759605
1693922828.200129 49.268257 -71.418695 -10.892320 -0.013557 -0.014024 -0.649247 0.760327
1693922828.299885 49.089869 -71.418720 -10.890865 -0.015041 -0.013953 -0.650285 0.759413
1693922828.399820 48.919152 -71.420253 -10.893694 -0.013513 -0.013500 -0.650867 0.758952
1693922828.499618 48.719854 -71.423430 -10.892919 -0.013826 -0.015344 -0.650840 0.758934
1693922828.699620 48.404078 -71.427717 -10.898244 -0.014015 -0.014128 -0.651740 0.758182
1693922828.799827 48.240369 -71.432984 -10.899020 -0.016469 -0.011880 -0.652289 0.757699
1693922828.899704 48.058497 -71.430692 -10.902447 -0.016838 -0.012798 -0.653187 0.756902
1693922829.100090 47.761018 -71.431497 -10.900458 -0.017293 -0.013059 -0.654502 0.755750
1693922829.199769 47.598239 -71.429870 -10.895554 -0.016683 -0.015679 -0.655550 0.754805
1693922829.299726 47.427805 -71.428887 -10.897989 -0.015919 -0.016235 -0.656336 0.754126
1693922829.399771 47.252177 -71.433048 -10.895940 -0.015229 -0.016863 -0.658333 0.752384
1693922829.499714 47.081049 -71.434525 -10.900219 -0.015130 -0.017106 -0.659446 0.751405
1693922829.599960 46.904514 -71.432380 -10.903245 -0.016534 -0.018269 -0.659634 0.751183
1693922829.699763 46.729919 -71.427611 -10.902819 -0.016676 -0.020833 -0.660733 0.750147
1693922829.799896 46.553338 -71.424724 -10.903977 -0.018274 -0.017966 -0.661913 0.749143
1693922829.899830 46.356719 -71.412338 -10.903266 -0.017540 -0.019142 -0.663558 0.747674
1693922830.199679 45.907649 -71.407848 -10.909510 -0.018417 -0.018570 -0.665639 0.745816
1693922830.299639 45.743614 -71.401730 -10.905956 -0.017080 -0.019932 -0.666005 0.745485
1693922830.399869 45.566815 -71.399085 -10.910922 -0.016198 -0.020737 -0.666286 0.745232
1693922830.500103 45.387598 -71.391934 -10.913788 -0.016166 -0.019180 -0.664731 0.746662
1693922830.599940 45.203705 -71.388365 -10.916216 -0.018348 -0.018593 -0.661833 0.749196
1693922830.699786 44.992145 -71.385802 -10.909467 -0.017434 -0.016967 -0.654782 0.755426
1693922831.100194 44.422689 -71.398261 -10.919285 -0.017609 -0.015598 -0.647705 0.761528
1693922831.199840 44.265658 -71.400711 -10.920956 -0.018025 -0.014971 -0.646328 0.762700
1693922831.299695 44.101608 -71.406361 -10.924056 -0.016180 -0.014663 -0.645883 0.763124
1693922831.599947 43.608364 -71.421531 -10.919745 -0.016852 -0.012232 -0.645366 0.763589
1693922831.699712 43.437783 -71.428079 -10.919773 -0.014427 -0.013281 -0.645709 0.763332
1693922831.800091 43.265571 -71.432653 -10.913673 -0.016254 -0.013299 -0.645510 0.763463
1693922831.899910 43.075126 -71.431857 -10.915900 -0.014395 -0.015591 -0.639516 0.768485
1693922832.100007 42.769851 -71.441491 -10.917553 -0.013190 -0.015167 -0.634133 0.772963
1693922832.199840 42.605123 -71.443229 -10.916225 -0.015214 -0.016871 -0.628338 0.777609
1693922832.299757 42.445351 -71.457455 -10.920453 -0.015315 -0.013725 -0.623600 0.781473
1693922832.600110 41.947421 -71.502975 -10.915230 -0.013463 -0.015366 -0.616403 0.787166
1693922832.699895 41.778764 -71.521624 -10.919154 -0.013439 -0.014707 -0.610180 0.792012
1693922832.799853 41.612427 -71.542364 -10.919274 -0.013535 -0.014516 -0.607675 0.793938
1693922832.899921 41.445104 -71.562144 -10.921422 -0.013248 -0.013924 -0.606245 0.795046
1693922832.999667 41.277342 -71.582651 -10.923002 -0.013023 -0.012164 -0.603732 0.796988
1693922833.299607 40.781853 -71.650017 -10.919182 -0.011418 -0.015568 -0.603729 0.796956
1693922833.400204 40.616677 -71.672837 -10.921253 -0.012129 -0.014371 -0.603741 0.796959
1693922833.499822 40.449486 -71.697573 -10.923619 -0.009857 -0.015899 -0.603566 0.797093
1693922833.599915 40.286770 -71.723620 -10.927744 -0.009195 -0.015036 -0.603001 0.797546
1693922833.700130 40.123843 -71.748570 -10.931505 -0.010486 -0.013435 -0.605571 0.795609
1693922833.800350 39.962468 -71.772616 -10.931835 -0.009929 -0.012774 -0.604191 0.796675
1693922833.899883 39.801194 -71.797618 -10.934237 -0.011870 -0.011445 -0.605388 0.795760
1693922833.999923 39.637373 -71.819278 -10.932533 -0.010871 -0.013847 -0.605048 0.795994
1693922834.100099 39.470411 -71.839895 -10.934672 -0.011783 -0.013272 -0.604988 0.796036
1693922834.200317 39.306035 -71.864508 -10.933192 -0.011421 -0.013953 -0.606796 0.794653
1693922834.299677 39.140891 -71.886333 -10.933151 -0.011585 -0.013585 -0.606659 0.794762
1693922834.600036 38.639340 -71.952035 -10.932949 -0.013170 -0.014772 -0.606045 0.795184
1693922834.699839 38.470566 -71.977307 -10.934130 -0.012869 -0.014800 -0.609692 0.792396
1693922834.799863 38.303102 -72.002873 -10.931148 -0.010271 -0.016002 -0.609643 0.792448
1693922834.899906 38.131677 -72.023242 -10.931424 -0.008296 -0.015670 -0.609774 0.792377
1693922835.199789 37.627019 -72.086087 -10.936237 -0.008296 -0.014661 -0.609132 0.792890
1693922835.299912 37.455809 -72.107117 -10.936377 -0.008636 -0.013996 -0.610432 0.791898
1693922835.399849 37.288302 -72.128652 -10.940928 -0.009881 -0.013528 -0.609663 0.792484
1693922835.499862 37.120393 -72.151340 -10.947558 -0.007650 -0.013642 -0.613004 0.789925
1693922835.599907 36.949555 -72.170188 -10.945309 -0.010954 -0.014971 -0.611413 0.791094
1693922835.699772 36.785052 -72.193314 -10.949277 -0.008160 -0.018508 -0.610255 0.791947
1693922835.799834 36.607809 -72.219119 -10.948538 -0.003832 -0.019745 -0.614050 0.789011
1693922835.900047 36.442887 -72.244794 -10.948197 -0.006249 -0.012119 -0.617360 0.786563
1693922835.999797 36.281139 -72.269354 -10.954473 -0.007953 -0.010557 -0.617940 0.786114
1693922836.099907 36.123799 -72.300474 -10.960228 -0.006287 -0.000709 -0.624866 0.780706
1693922836.200095 35.967776 -72.317583 -10.958393 -0.004927 -0.000406 -0.629115 0.777296
1693922836.299753 35.815162 -72.329299 -10.960147 -0.009450 0.001586 -0.622344 0.782685
1693922836.399870 35.660449 -72.348083 -10.962819 -0.006484 0.003617 -0.624145 0.781273
1693922836.499898 35.495683 -72.353897 -10.959770 -0.008768 0.000658 -0.628128 0.778060
1693922836.599853 35.321881 -72.354168 -10.957860 -0.008672 -0.011485 -0.615768 0.787796
1693922836.699847 35.141822 -72.363313 -10.954509 -0.009891 -0.015078 -0.615561 0.787883
1693922836.800514 34.963028 -72.376817 -10.956295 -0.009645 -0.016764 -0.616900 0.786804
1693922836.900358 34.789556 -72.391937 -10.958873 -0.008789 -0.018086 -0.618495 0.785531
1693922837.000081 34.614725 -72.409752 -10.960399 -0.008641 -0.017240 -0.619967 0.784391
1693922837.099785 34.449165 -72.427025 -10.962869 -0.007108 -0.015927 -0.620651 0.783893
1693922837.199845 34.282362 -72.443906 -10.959668 -0.007291 -0.014710 -0.621645 0.783127
1693922837.300018 34.123324 -72.458534 -10.962228 -0.009706 -0.012375 -0.619649 0.784722
1693922837.399906 33.962121 -72.476741 -10.963988 -0.010316 -0.011564 -0.620444 0.784098
1693922837.700024 33.468929 -72.529488 -10.970092 -0.010740 -0.012816 -0.621656 0.783112
1693922837.799820 33.298074 -72.542890 -10.968569 -0.009652 -0.011595 -0.623388 0.781767
1693922837.899860 33.135092 -72.558669 -10.969440 -0.009167 -0.010722 -0.626880 0.778988
1693922837.999656 32.975151 -72.571725 -10.965990 -0.009514 -0.011216 -0.629310 0.777015
1693922838.099845 32.813811 -72.583405 -10.971003 -0.010739 -0.010635 -0.631231 0.775447
1693922838.199945 32.653410 -72.592111 -10.970634 -0.011959 -0.010827 -0.633495 0.773579
1693922838.299834 32.492904 -72.603729 -10.971503 -0.011431 -0.010522 -0.635532 0.771918
1693922838.399921 32.329446 -72.613330 -10.972501 -0.014157 -0.010218 -0.637397 0.770338
1693922838.499856 32.164902 -72.620841 -10.976083 -0.013970 -0.011071 -0.639048 0.768960
1693922838.599878 31.997002 -72.626428 -10.978082 -0.013840 -0.011041 -0.642690 0.765922
1693922838.999821 31.304206 -72.646673 -10.977120 -0.011559 -0.013461 -0.651012 0.758860
1693922839.099973 31.126577 -72.647479 -10.975808 -0.011088 -0.014465 -0.652469 0.757596
1693922839.200094 30.937816 -72.648894 -10.976474 -0.010120 -0.015028 -0.653625 0.756601
1693922839.399915 30.635021 -72.655986 -10.980318 -0.011300 -0.012668 -0.654476 0.755893
1693922839.499910 30.475774 -72.662037 -10.981225 -0.009418 -0.012918 -0.655565 0.754970
1693922839.600159 30.312495 -72.664655 -10.981939 -0.011132 -0.013081 -0.656029 0.754540
1693922839.699934 30.146257 -72.663593 -10.984259 -0.011867 -0.012018 -0.655651 0.754875
1693922839.799836 29.979034 -72.663836 -10.981123 -0.012321 -0.012803 -0.654622 0.755747
1693922839.899853 29.808419 -72.663614 -10.977744 -0.013826 -0.011855 -0.655946 0.754588
1693922839.999919 29.634505 -72.661407 -10.978647 -0.012637 -0.013486 -0.656233 0.754332
1693922840.100555 29.458419 -72.661702 -10.978419 -0.012905 -0.012773 -0.657042 0.753635
1693922840.199888 29.280554 -72.662443 -10.976545 -0.011611 -0.013715 -0.657883 0.752906
1693922840.299870 29.086481 -72.660788 -10.978479 -0.010866 -0.011605 -0.660141 0.750973
1693922840.499901 28.781990 -72.657545 -10.985253 -0.010977 -0.011172 -0.659996 0.751106
1693922840.599790 28.621469 -72.655962 -10.986097 -0.012398 -0.011082 -0.660448 0.750688
1693922840.699856 28.458577 -72.651557 -10.988132 -0.012660 -0.012594 -0.660361 0.750736
1693922840.799884 28.284507 -72.647287 -10.988684 -0.012750 -0.010685 -0.661905 0.749403
1693922840.899812 28.108957 -72.644579 -10.986735 -0.012477 -0.010191 -0.663179 0.748288
1693922841.000195 27.933089 -72.640069 -10.988119 -0.012958 -0.010563 -0.663496 0.747993
1693922841.099950 27.733011 -72.631576 -10.989380 -0.013247 -0.009744 -0.664767 0.746870
1693922841.500102 27.107571 -72.626871 -10.994740 -0.009958 -0.012829 -0.666657 0.745188
1693922841.599554 26.941730 -72.622718 -10.990614 -0.011225 -0.013333 -0.665579 0.746124
1693922841.699972 26.765875 -72.618865 -10.990500 -0.010323 -0.013018 -0.667345 0.744563
1693922841.799902 26.590626 -72.614025 -10.994951 -0.011557 -0.011692 -0.665945 0.745820
1693922841.899975 26.389790 -72.603535 -10.994373 -0.011672 -0.011528 -0.666390 0.745423
1693922842.199578 25.921470 -72.590941 -10.996488 -0.012622 -0.011843 -0.666482 0.745320
1693922842.300275 25.758925 -72.588479 -10.996653 -0.011871 -0.011472 -0.668619 0.743422
1693922842.400247 25.599920 -72.583754 -10.997293 -0.012919 -0.011097 -0.668720 0.743319
1693922842.500505 25.430148 -72.574036 -10.998451 -0.012515 -0.012088 -0.669202 0.742876
1693922842.599968 25.262700 -72.565009 -10.998717 -0.012984 -0.011876 -0.670556 0.741650
1693922842.699895 25.071114 -72.554816 -10.996624 -0.010418 -0.015254 -0.670958 0.741265
1693922842.900158 24.742375 -72.541467 -10.992424 -0.008146 -0.019276 -0.671878 0.740366
1693922843.000193 24.561945 -72.536166 -10.989198 -0.006273 -0.022360 -0.673942 0.738420
1693922843.199567 24.288842 -72.525787 -10.990971 -0.010029 -0.019359 -0.674489 0.737962
1693922843.300099 24.123208 -72.517537 -10.994994 -0.009775 -0.018771 -0.674612 0.737869
1693922843.499932 23.790300 -72.501025 -10.996312 -0.006734 -0.023404 -0.677295 0.735308
1693922844.100211 23.564457 -72.490362 -10.998871 -0.006368 -0.023804 -0.680119 0.732688
1693922844.200110 23.555227 -72.487077 -10.996710 -0.006436 -0.024348 -0.679939 0.732836
1693922844.300050 23.551475 -72.488047 -10.995414 -0.005782 -0.023834 -0.680600 0.732245
1693922844.400124 23.553141 -72.488700 -10.993025 -0.006788 -0.023981 -0.680639 0.732195
1693922844.500517 23.565693 -72.489784 -10.992391 -0.010295 -0.018832 -0.680700 0.732247
1693922844.599676 23.590395 -72.492872 -10.999685 -0.015857 -0.013564 -0.679526 0.733355
1693922844.699949 23.617171 -72.492636 -11.006761 -0.014484 -0.014289 -0.679887 0.733035
1693922844.999621 23.618197 -72.489473 -11.005442 -0.013959 -0.015574 -0.679928 0.732980
1693922845.100089 23.617573 -72.491180 -11.004487 -0.013662 -0.015648 -0.679868 0.733040
1693922845.199586 23.612595 -72.488796 -11.000447 -0.012981 -0.016307 -0.679721 0.733174
1693922845.300188 23.614999 -72.489486 -11.000554 -0.013331 -0.015335 -0.679654 0.733252
1693922845.399667 23.615114 -72.487298 -10.999174 -0.014507 -0.015635 -0.679738 0.733145
1693922845.499984 23.617085 -72.487184 -11.000372 -0.014942 -0.015814 -0.679865 0.733015
1693922845.600009 23.617041 -72.486691 -10.998574 -0.015012 -0.015942 -0.679879 0.732998
1693922845.699777 23.616957 -72.487733 -10.998802 -0.015073 -0.015944 -0.680012 0.732872
1693922845.800275 23.616325 -72.487872 -10.998301 -0.014609 -0.015900 -0.680003 0.732891
1693922845.900037 23.615440 -72.487704 -10.995837 -0.014530 -0.016045 -0.680282 0.732631
1693922845.999933 23.614364 -72.489763 -10.995263 -0.013727 -0.015970 -0.680148 0.732772
1693922846.100043 23.611540 -72.490517 -10.993747 -0.013177 -0.017540 -0.679811 0.733059
1693922846.200081 23.617928 -72.492604 -10.996361 -0.014098 -0.017823 -0.679791 0.733053
1693922846.500370 23.617968 -72.495907 -10.997565 -0.015456 -0.016481 -0.680083 0.732787
1693922846.600233 23.614585 -72.498870 -11.000702 -0.015999 -0.015929 -0.679961 0.732901
1693922846.799971 23.608689 -72.497144 -10.999595 -0.017912 -0.014058 -0.679311 0.733497
1693922846.899550 23.605849 -72.497957 -11.000103 -0.016756 -0.013768 -0.679332 0.733510
1693922847.000340 23.601957 -72.497497 -10.999896 -0.016528 -0.016013 -0.679243 0.733552
1693922847.099747 23.598620 -72.497447 -10.999794 -0.018590 -0.014532 -0.679811 0.733008
1693922847.300159 23.592808 -72.497719 -11.000926 -0.019924 -0.020211 -0.680186 0.732490
1693922847.400062 23.592610 -72.498867 -11.002705 -0.017260 -0.013868 -0.679816 0.733048
1693922847.500156 23.590892 -72.500103 -11.003843 -0.017150 -0.011985 -0.679205 0.733651
1693922847.600029 23.589150 -72.501754 -11.004848 -0.016817 -0.012805 -0.678988 0.733845
1693922847.700089 23.587093 -72.502914 -11.005758 -0.017254 -0.014193 -0.679051 0.733751
1693922847.800235 23.586117 -72.503665 -11.007125 -0.017911 -0.012314 -0.679046 0.733773
1693922847.899549 23.585917 -72.504500 -11.008300 -0.019145 -0.013311 -0.679443 0.733357
1693922847.999687 23.583320 -72.506027 -11.009020 -0.019297 -0.014863 -0.679881 0.732917
1693922848.099927 23.578693 -72.508090 -11.009395 -0.018284 -0.016408 -0.679974 0.732824
1693922848.300061 23.572731 -72.514716 -11.011195 -0.017775 -0.016878 -0.680515 0.732324
1693922848.399630 23.571725 -72.519005 -11.012718 -0.018185 -0.015747 -0.680537 0.732319
1693922848.500094 23.570178 -72.523359 -11.014233 -0.018200 -0.016031 -0.680664 0.732194
1693922848.600278 23.566635 -72.527950 -11.015840 -0.018964 -0.015199 -0.680755 0.732108
1693922848.700436 23.558730 -72.532651 -11.017295 -0.019522 -0.014375 -0.680848 0.732024
1693922848.899578 23.527595 -72.543061 -11.020524 -0.020538 -0.011679 -0.681766 0.731189
1693922849.000172 23.501135 -72.546586 -11.022240 -0.021127 -0.012383 -0.680894 0.731972
1693922849.100139 23.467376 -72.550284 -11.023941 -0.021880 -0.011559 -0.680905 0.731954
1693922849.300375 23.371175 -72.559765 -11.027857 -0.022291 -0.010218 -0.681399 0.731501
1693922849.400446 23.306438 -72.564722 -11.029230 -0.021561 -0.010967 -0.681558 0.731364
1693922849.500075 23.233299 -72.569652 -11.031403 -0.020340 -0.010599 -0.683251 0.729823
1693922849.600193 23.150388 -72.570151 -11.033237 -0.019890 -0.011905 -0.682128 0.730865
1693922849.800443 22.959438 -72.572024 -11.037456 -0.020260 -0.012951 -0.676110 0.736409
1693922849.900206 22.851162 -72.572889 -11.039436 -0.021004 -0.012825 -0.671786 0.740336
1693922850.000126 22.732393 -72.576696 -11.041596 -0.021337 -0.015169 -0.668707 0.743065
1693922850.099791 22.608019 -72.587332 -11.045248 -0.020860 -0.012195 -0.668329 0.743474
1693922850.400357 22.181082 -72.613761 -11.053138 -0.018965 -0.011162 -0.667318 0.744448
1693922850.500516 22.026070 -72.620230 -11.055855 -0.019842 -0.013773 -0.666539 0.745079
1693922850.700129 21.707440 -72.636998 -11.059294 -0.020894 -0.013737 -0.668665 0.743143
1693922850.799732 21.545651 -72.652494 -11.061205 -0.018970 -0.009892 -0.677159 0.735526
1693922850.899817 21.382786 -72.665346 -11.063691 -0.018193 -0.008841 -0.686580 0.726773
1693922851.100394 21.057862 -72.679736 -11.073958 -0.018795 -0.005669 -0.709219 0.704715
1693922851.200496 20.892329 -72.679147 -11.077617 -0.019277 -0.009212 -0.719328 0.694342
1693922851.300565 20.731858 -72.675687 -11.082013 -0.017296 -0.004653 -0.729052 0.684224
1693922851.399832 20.571435 -72.659758 -11.085531 -0.017894 -0.009559 -0.730704 0.682393
1693922851.500254 20.409693 -72.645181 -11.089118 -0.016364 -0.010769 -0.734232 0.678615
1693922851.600343 20.247786 -72.625705 -11.090183 -0.016097 -0.014649 -0.734271 0.678508
1693922851.700486 20.089907 -72.613731 -11.092520 -0.017471 -0.017261 -0.732704 0.680105
1693922851.800194 19.930130 -72.608431 -11.095470 -0.010566 -0.012257 -0.737856 0.674764
1693922851.900269 19.772640 -72.596291 -11.098247 -0.012529 -0.012174 -0.735975 0.676784
1693922852.000528 19.611780 -72.577882 -11.096137 -0.009921 -0.022571 -0.735652 0.676910
1693922852.099689 19.464519 -72.576309 -11.104207 -0.008413 -0.009530 -0.736668 0.676135
1693922852.200220 19.308171 -72.557438 -11.106737 -0.007241 -0.012827 -0.742165 0.670056
1693922852.300325 19.160084 -72.538420 -11.112864 -0.005882 -0.009293 -0.737322 0.675452
1693922852.499774 18.824229 -72.496716 -11.109995 -0.007854 -0.026840 -0.731684 0.681070
1693922852.599569 18.657176 -72.481525 -11.113435 -0.001377 -0.029573 -0.726655 0.686364
1693922852.700081 18.489441 -72.469851 -11.119870 0.004123 -0.030525 -0.724023 0.689087
1693922852.900468 18.176868 -72.443166 -11.134803 0.007081 -0.030372 -0.718482 0.694846
1693922852.999901 18.029225 -72.434622 -11.139321 0.004136 -0.035388 -0.710595 0.702698
1693922853.100188 17.883573 -72.432973 -11.143901 0.012984 -0.036206 -0.715388 0.697668
1693922853.200385 17.752704 -72.431047 -11.148704 0.016681 -0.032244 -0.716927 0.696203
1693922853.400204 17.515315 -72.412449 -11.158546 0.014891 -0.037527 -0.711014 0.702018
1693922853.699901 17.183266 -72.404354 -11.174109 0.023324 -0.055734 -0.684855 0.726170
1693922853.800376 17.048022 -72.405991 -11.178980 0.041304 -0.075620 -0.669344 0.737939
1693922853.900269 16.911945 -72.418852 -11.182548 0.069636 -0.100807 -0.660203 0.741027
1693922854.000280 16.819642 -72.438754 -11.188782 0.081615 -0.107185 -0.656984 0.741770
1693922854.100343 16.771956 -72.456319 -11.192721 0.074305 -0.106080 -0.656343 0.743263
1693922854.200347 16.751184 -72.489502 -11.200948 0.062798 -0.083390 -0.658385 0.745407
1693922854.300359 16.754799 -72.524042 -11.216378 0.046003 -0.051602 -0.670626 0.738567
1693922854.400378 16.768929 -72.575231 -11.245263 0.024400 -0.007617 -0.676946 0.735589
1693922854.600204 16.716998 -72.525917 -11.273592 -0.012773 0.002422 -0.689280 0.724378
1693922854.700372 16.636844 -72.486964 -11.270605 -0.027706 0.005639 -0.652949 0.756874
1693922854.800317 16.523364 -72.470871 -11.261428 -0.033401 -0.020931 -0.667048 0.743971
1693922854.900272 16.404947 -72.473775 -11.255781 -0.030326 -0.018239 -0.695756 0.717406
1693922855.000255 16.271488 -72.470025 -11.249820 -0.018082 -0.020924 -0.723871 0.689381
1693922855.099622 16.148136 -72.470542 -11.251502 -0.016041 -0.015591 -0.747249 0.664168
1693922855.200482 16.022562 -72.456003 -11.252356 -0.007986 -0.007730 -0.776853 0.629584
1693922855.300391 15.905207 -72.415394 -11.254544 -0.019420 -0.007071 -0.803053 0.595549
1693922855.600785 15.558798 -72.218555 -11.247637 -0.037638 -0.016425 -0.824054 0.565022
1693922856.000127 15.106403 -72.001327 -11.248532 0.019870 0.016654 0.881045 -0.472322
1693922856.100425 15.008563 -71.921494 -11.251660 0.015553 0.016890 0.888266 -0.458756
1693922856.400407 14.730736 -71.602800 -11.257670 0.034532 0.026261 0.898253 -0.437333
1693922856.499876 14.626672 -71.499363 -11.260671 0.032990 0.018321 0.902593 -0.428838
1693922856.600007 14.506259 -71.392403 -11.259108 0.019432 0.016289 0.910065 -0.413690
1693922856.900151 14.201871 -71.015114 -11.265128 0.023536 0.021932 0.908353 -0.416965
1693922857.000540 14.096990 -70.881488 -11.266494 0.027983 0.021871 0.911560 -0.409630
1693922857.300016 13.802868 -70.499510 -11.273646 0.028729 0.012966 0.917666 -0.396100
1693922857.399945 13.721607 -70.364531 -11.275758 0.036287 0.011337 0.914618 -0.402527
1693922857.500160 13.621152 -70.232960 -11.273551 0.039192 0.007859 0.913066 -0.405848
1693922857.600019 13.512274 -70.102460 -11.272482 0.035314 0.011958 0.918770 -0.393029
1693922857.700020 13.413339 -69.964848 -11.268051 0.033952 0.015878 0.922452 -0.384289
1693922857.800535 13.313658 -69.827794 -11.267101 0.024634 0.014930 0.921332 -0.387709
1693922858.100399 13.066459 -69.452458 -11.267527 0.032369 0.015042 0.917307 -0.396578
1693922858.200327 12.979439 -69.344739 -11.271759 0.028641 0.006254 0.922606 -0.384627
1693922858.800312 12.457769 -68.584539 -11.269197 0.011378 0.004497 0.944650 -0.327853
1693922859.001876 12.334805 -68.313525 -11.272935 0.023783 -0.004204 0.946898 -0.320626
1693922859.200097 12.196790 -68.026359 -11.271533 0.023579 0.002277 0.949760 -0.312080
1693922859.600051 11.883819 -67.393034 -11.278608 0.023451 0.004521 0.952082 -0.304910
1693922859.700005 11.795929 -67.223398 -11.280703 0.021490 0.008694 0.953957 -0.299046
1693922859.800342 11.705897 -67.046818 -11.281089 0.018621 0.013162 0.955849 -0.292971
1693922859.900411 11.618817 -66.870994 -11.281279 0.015316 0.019515 0.959205 -0.281622
1693922860.200159 11.396218 -66.387316 -11.294881 0.023728 0.006326 0.965959 -0.257527
1693922860.300419 11.322165 -66.231007 -11.297130 0.022360 -0.001186 0.968943 -0.246270
1693922860.400081 11.248468 -66.066383 -11.295967 0.020785 0.003374 0.970076 -0.241887
1693922860.600144 11.109954 -65.729882 -11.291931 0.017482 0.003816 0.973575 -0.227663
1693922860.800179 10.985652 -65.386593 -11.288946 0.020246 0.002883 0.976418 -0.214917
1693922860.900513 10.926853 -65.214042 -11.287099 0.021837 0.002278 0.977573 -0.209450
1693922860.999750 10.863321 -65.046027 -11.285389 0.021915 -0.000625 0.979362 -0.200923
1693922861.100549 10.803136 -64.870730 -11.282247 0.020263 0.003076 0.981402 -0.190867
1693922861.200513 10.751511 -64.700581 -11.280256 0.019967 0.001277 0.981390 -0.190981
1693922861.300185 10.702043 -64.530887 -11.278550 0.022867 -0.002664 0.982026 -0.187338
1693922861.400044 10.652356 -64.361663 -11.276839 0.022135 -0.003683 0.982455 -0.185143
1693922861.599786 10.551801 -64.014892 -11.268014 0.020586 -0.001055 0.983426 -0.180133
1693922861.700172 10.505855 -63.840627 -11.264031 0.020425 -0.002896 0.983021 -0.182331
1693922861.800082 10.461471 -63.663018 -11.260055 0.021610 -0.001572 0.983295 -0.180725
1693922861.900625 10.414290 -63.487227 -11.255600 0.021286 -0.000059 0.983567 -0.179282
1693922862.100498 10.318471 -63.139907 -11.247686 0.019618 0.002673 0.984338 -0.175178
1693922862.200695 10.275859 -62.971837 -11.244298 0.020476 0.001155 0.983924 -0.177407
1693922862.400538 10.193067 -62.658268 -11.233522 0.021024 0.009038 0.983862 -0.177462
1693922862.700496 10.089491 -62.289461 -11.216888 0.014252 0.010156 0.983857 -0.178101
1693922862.900590 10.046412 -62.118738 -11.206861 0.014723 0.007401 0.983151 -0.182053
1693922863.000223 10.032195 -62.053505 -11.201247 0.015463 0.008036 0.982788 -0.183915
1693922863.099964 10.022215 -62.005296 -11.194645 0.021861 0.009584 0.982610 -0.184138
1693922863.199790 10.015211 -61.972160 -11.187809 0.019454 0.008518 0.982608 -0.184472
1693922863.400390 10.019960 -61.951584 -11.169286 0.021123 0.007272 0.982286 -0.186050
1693922863.700696 10.020603 -61.985630 -11.150090 0.018293 -0.006267 0.982624 -0.184596
1693922863.800557 10.014697 -61.987163 -11.142950 0.019078 -0.005375 0.982663 -0.184341
1693922863.900530 10.008340 -61.984896 -11.136724 0.018899 -0.003800 0.982755 -0.183904
1693922864.000412 10.008667 -61.978047 -11.137076 0.017958 -0.003724 0.982787 -0.183829
1693922864.100624 10.008128 -61.974832 -11.133811 0.017315 -0.003460 0.982843 -0.183600
1693922864.201379 10.007691 -61.977250 -11.130483 0.016075 -0.003961 0.982850 -0.183660
1693922864.400244 10.003381 -61.979070 -11.126252 0.015024 -0.002184 0.982841 -0.183830
1693922864.499769 10.002885 -61.978304 -11.126525 0.014726 -0.002237 0.982791 -0.184117
1693922864.599737 10.004701 -61.977217 -11.129072 0.014098 -0.003552 0.982793 -0.184139
1693922864.700344 10.003239 -61.979833 -11.130595 0.014790 -0.004568 0.982871 -0.183642
1693922864.899556 10.003999 -61.978456 -11.132383 0.015331 -0.004033 0.982893 -0.183496
1693922865.199580 10.001810 -61.978613 -11.133623 0.014646 -0.005084 0.982829 -0.183869
1693922865.400610 10.004097 -61.977864 -11.131986 0.014719 -0.005471 0.982872 -0.183621
1693922865.600431 10.004896 -61.976613 -11.129157 0.014435 -0.005119 0.982876 -0.183631
1693922865.700216 10.004159 -61.975001 -11.129634 0.014757 -0.005725 0.983100 -0.182383
1693922865.900609 10.003644 -61.967314 -11.135502 0.016017 -0.006428 0.983490 -0.180137
1693922866.201283 9.997570 -61.928447 -11.137877 0.016228 -0.009549 0.984901 -0.172094
1693922866.399584 9.981599 -61.849534 -11.141809 0.016337 -0.010129 0.987415 -0.156978
1693922867.000619 9.921284 -61.463534 -11.142302 0.014371 -0.009606 0.994632 -0.102025
1693922867.100358 9.909712 -61.356835 -11.135210 0.016001 -0.009868 0.995479 -0.093107
1693922867.200612 9.904867 -61.240591 -11.132859 0.015645 -0.010915 0.996149 -0.085580
1693922867.300647 9.896525 -61.118110 -11.128536 0.016268 -0.012650 0.996442 -0.081725
1693922867.400648 9.890205 -60.987733 -11.123195 0.016222 -0.011493 0.996822 -0.077141
1693922867.500576 9.881646 -60.858040 -11.117479 0.017164 -0.012802 0.996932 -0.075292
1693922867.600530 9.879000 -60.709355 -11.113554 0.017522 -0.011469 0.997077 -0.073472
1693922867.700576 9.877419 -60.540365 -11.113917 0.014929 -0.009352 0.997439 -0.069325
1693922867.899622 9.876308 -60.246319 -11.115435 0.016675 -0.013233 0.997374 -0.069229
1693922868.000398 9.879512 -60.079366 -11.122772 0.017214 -0.008370 0.997588 -0.066727
1693922868.200601 9.876791 -59.756006 -11.128123 0.017151 -0.003709 0.997824 -0.063559
1693922868.300570 9.879728 -59.569803 -11.132500 0.017068 0.002389 0.997871 -0.062892
1693922868.400466 9.890346 -59.389037 -11.134416 0.017993 0.000170 0.998032 -0.060067
1693922868.500060 9.891207 -59.221209 -11.131684 0.016842 -0.002229 0.997926 -0.062092
1693922868.700167 9.889883 -58.891498 -11.112772 0.017413 -0.003363 0.997903 -0.062251
1693922868.799645 9.892262 -58.707544 -11.102404 0.017912 -0.002771 0.997971 -0.061033
1693922868.900591 9.902210 -58.499873 -11.097294 0.019783 0.000976 0.997771 -0.063717
1693922868.999658 9.917926 -58.273148 -11.093548 0.021904 0.009495 0.997926 -0.059785
1693922869.400167 9.922075 -57.718588 -11.103202 0.019268 0.002609 0.998375 -0.053565
1693922869.499563 9.926862 -57.566723 -11.108698 0.021704 -0.000457 0.998446 -0.051329
1693922869.600268 9.930881 -57.413641 -11.102562 0.020853 -0.004277 0.998259 -0.055000
1693922869.700675 9.936044 -57.260811 -11.105845 0.021139 -0.006587 0.998621 -0.047605
1693922869.799875 9.948998 -57.081315 -11.102512 0.024485 -0.004840 0.998560 -0.047491
1693922869.900655 9.957926 -56.907023 -11.106186 0.027269 -0.002921 0.998381 -0.049839
1693922870.000638 9.978380 -56.709594 -11.108843 0.026799 -0.000384 0.998475 -0.048262
1693922870.199677 9.990823 -56.368238 -11.105341 0.024994 0.005991 0.998567 -0.046947
1693922870.399878 9.996796 -56.062701 -11.102678 0.026066 0.005148 0.998469 -0.048523
1693922870.500141 10.016463 -55.897876 -11.106704 0.027520 0.001403 0.998116 -0.054817
1693922870.600649 10.029473 -55.714710 -11.110725 0.025590 -0.001664 0.997798 -0.061167
1693922870.800678 10.027173 -55.440342 -11.101659 0.028445 -0.007558 0.997184 -0.068973
1693922870.900689 10.040052 -55.266349 -11.103054 0.031011 -0.003884 0.996611 -0.076088
1693922871.000762 10.036336 -55.084182 -11.102108 0.031987 -0.001471 0.995665 -0.087326
1693922871.300661 10.024938 -54.578318 -11.087814 0.031793 0.007053 0.994336 -0.101170
1693922871.399553 10.018609 -54.393470 -11.089798 0.031158 0.007452 0.994361 -0.101093
1693922871.500611 10.005555 -54.186352 -11.092656 0.031516 0.005887 0.993970 -0.104861
1693922871.700740 9.996048 -53.883236 -11.093424 0.032906 -0.004666 0.992698 -0.115959
1693922871.899884 9.971744 -53.585317 -11.090247 0.032710 -0.010403 0.991370 -0.126517
1693922872.000238 9.955639 -53.412941 -11.089456 0.032854 -0.010327 0.990208 -0.135286
1693922872.100760 9.933395 -53.211896 -11.085725 0.032145 -0.006442 0.987665 -0.153114
1693922872.300754 9.887019 -52.885384 -11.075557 0.030447 -0.007444 0.984351 -0.173410
1693922872.500821 9.831635 -52.601633 -11.067430 0.030679 -0.009505 0.980225 -0.195261
1693922872.600560 9.795809 -52.441371 -11.061029 0.029765 -0.011602 0.978526 -0.203631
1693922872.700737 9.748025 -52.262984 -11.059477 0.029552 -0.008411 0.975973 -0.215714
1693922872.802428 9.686693 -52.057934 -11.057680 0.026764 -0.005685 0.971298 -0.236287
1693922872.999816 9.575084 -51.706496 -11.054372 0.024402 -0.003146 0.963749 -0.265674
1693922873.199725 9.479725 -51.462295 -11.051626 0.023899 -0.002105 0.960326 -0.277846
1693922873.300695 9.416243 -51.312662 -11.046003 0.026065 -0.000682 0.956997 -0.288923
1693922873.400089 9.345107 -51.159557 -11.038465 0.026017 0.002352 0.953396 -0.300588
1693922873.500143 9.270545 -51.005083 -11.032403 0.026332 0.004223 0.949575 -0.312404
1693922873.600831 9.189601 -50.848517 -11.029349 0.026371 0.006415 0.944480 -0.327446
1693922873.700864 9.102467 -50.697422 -11.026021 0.024340 0.007537 0.940115 -0.339903
1693922873.799795 9.014150 -50.549324 -11.022130 0.024119 0.006205 0.936285 -0.350356
1693922873.900782 8.914104 -50.396939 -11.021276 0.022085 0.005546 0.930983 -0.364351
1693922874.099761 8.727439 -50.127032 -11.033646 0.019724 0.007092 0.922308 -0.385887
1693922874.200920 8.616561 -49.973735 -11.024275 0.019357 0.005804 0.914436 -0.404227
1693922874.399862 8.407593 -49.733768 -11.029822 0.019902 0.005562 0.901620 -0.432035
1693922874.500964 8.293452 -49.613446 -11.033798 0.017936 0.004518 0.895936 -0.443797
1693922874.600733 8.176862 -49.490812 -11.037056 0.017347 0.005247 0.888626 -0.458274
1693922874.699728 8.052985 -49.360127 -11.034483 0.013936 0.005069 0.880554 -0.473713
1693922874.900783 7.818843 -49.136397 -11.045120 0.013897 0.006065 0.867004 -0.498070
1693922875.002074 7.673899 -49.004232 -11.039931 -0.014266 -0.010238 -0.852841 0.521875
1693922875.200903 7.424097 -48.803832 -11.052075 -0.016076 -0.011395 -0.835308 0.549430
1693922875.400421 7.189216 -48.659279 -11.064862 -0.018229 -0.009361 -0.823642 0.566740
1693922875.500729 7.054959 -48.574549 -11.055687 -0.018980 -0.010315 -0.813123 0.581690
1693922875.600816 6.912651 -48.488661 -11.044839 -0.019612 -0.009461 -0.802047 0.596864
1693922875.700955 6.766103 -48.416612 -11.048642 -0.020974 -0.009462 -0.792637 0.609260
1693922875.800853 6.613969 -48.342302 -11.042779 -0.020216 -0.011323 -0.780052 0.625285
1693922875.899763 6.453261 -48.277753 -11.044489 -0.019995 -0.013243 -0.768844 0.638987
1693922876.000785 6.284751 -48.217203 -11.047347 -0.018515 -0.014614 -0.755221 0.655046
1693922876.100757 6.117228 -48.167831 -11.061596 -0.017499 -0.015213 -0.743646 0.668172
1693922876.199821 5.952760 -48.114618 -11.059236 -0.017806 -0.015188 -0.730436 0.682580
1693922876.300854 5.774808 -48.065623 -11.049561 -0.017850 -0.015273 -0.715239 0.698485
1693922876.400757 5.596334 -48.039656 -11.062807 -0.018744 -0.013594 -0.701270 0.712519
1693922876.700191 5.103214 -47.980648 -11.061695 -0.019958 -0.014651 -0.655252 0.755004
1693922876.799799 4.927389 -47.977568 -11.058464 -0.014590 -0.014448 -0.638810 0.769090
1693922877.001060 4.632599 -47.979154 -11.040399 -0.014188 -0.014536 -0.613293 0.789594
1693922877.099756 4.476768 -47.982488 -11.032513 -0.013075 -0.014594 -0.595468 0.803140
1693922877.200890 4.324325 -48.000126 -11.030595 -0.014661 -0.013796 -0.581082 0.813596
1693922877.300893 4.168562 -48.029010 -11.047498 -0.013055 -0.014155 -0.572608 0.819603
1693922877.399839 4.003431 -48.061966 -11.054307 -0.010642 -0.013931 -0.565092 0.824842
1693922877.500877 3.838266 -48.102911 -11.059031 -0.007661 -0.010588 -0.561290 0.827516
1693922877.600786 3.690447 -48.136282 -11.060910 -0.015517 -0.013783 -0.557928 0.829630
1693922877.699904 3.529602 -48.169189 -11.067346 -0.011766 -0.015863 -0.540328 0.841223
1693922877.800838 3.375352 -48.227282 -11.075680 -0.007925 -0.012826 -0.528399 0.848862
1693922877.900872 3.222390 -48.276775 -11.065109 -0.007179 -0.015055 -0.524167 0.851452
1693922877.999884 3.058809 -48.322787 -11.058258 -0.007329 -0.014794 -0.507473 0.861509
1693922878.100877 2.901075 -48.378059 -11.062477 -0.008404 -0.014320 -0.495386 0.868514
1693922878.200780 2.746994 -48.435300 -11.066382 -0.009953 -0.014733 -0.486193 0.873671
1693922878.299834 2.591126 -48.498094 -11.065542 -0.008920 -0.014768 -0.470451 0.882257
1693922878.400823 2.445939 -48.565987 -11.053106 -0.007270 -0.013647 -0.463429 0.885999
1693922878.500774 2.293076 -48.637601 -11.046534 -0.006705 -0.017882 -0.451022 0.892309
1693922878.599774 2.130347 -48.716356 -11.045831 -0.004624 -0.022884 -0.433957 0.900631
1693922878.700872 1.978083 -48.794706 -11.034518 -0.005364 -0.025239 -0.426819 0.903969
1693922878.800779 1.819872 -48.874774 -11.017725 -0.000863 -0.026674 -0.413056 0.910315
1693922878.899829 1.672840 -48.972195 -11.019551 -0.001692 -0.024823 -0.406613 0.913262
1693922879.000806 1.524648 -49.068087 -11.026694 -0.001895 -0.027710 -0.397512 0.917176
1693922879.100798 1.363727 -49.175400 -11.028164 -0.000636 -0.026495 -0.386352 0.921971
1693922879.300871 1.099777 -49.363419 -11.032303 0.000070 -0.026252 -0.364201 0.930950
1693922879.400804 0.962031 -49.480754 -11.045896 0.000753 -0.026705 -0.350835 0.936056
1693922879.600890 0.695021 -49.682958 -11.035312 0.002639 -0.025904 -0.323804 0.945766
1693922879.699650 0.572018 -49.797226 -11.045150 0.001251 -0.024944 -0.310418 0.950272
1693922879.799834 0.456563 -49.910545 -11.048562 0.000553 -0.024395 -0.298179 0.954198
1693922879.900849 0.340200 -50.028936 -11.052617 -0.001882 -0.022141 -0.288800 0.957132
1693922880.000807 0.230383 -50.149997 -11.060850 -0.003675 -0.020814 -0.281574 0.959307
1693922880.099816 0.126168 -50.269205 -11.059348 -0.006076 -0.019546 -0.276998 0.960652
1693922880.200402 0.007896 -50.399283 -11.068376 -0.006222 -0.022118 -0.270790 0.962364
1693922880.300872 -0.144610 -50.563491 -11.081538 -0.004208 -0.021789 -0.269083 0.962861
1693922880.500869 -0.344718 -50.807495 -11.085880 0.002145 -0.023134 -0.258673 0.965685
1693922880.601884 -0.470660 -50.968647 -11.090186 0.002045 -0.021317 -0.261217 0.965043
1693922880.800869 -0.654317 -51.223253 -11.100001 0.000845 -0.025023 -0.247662 0.968523
1693922880.901109 -0.765119 -51.358076 -11.089946 0.002066 -0.024464 -0.223276 0.974446
1693922881.100951 -0.942593 -51.616322 -11.095908 -0.001597 -0.021428 -0.199786 0.979604
1693922881.200877 -1.057258 -51.780749 -11.108493 -0.001477 -0.019942 -0.190421 0.981499
1693922881.400980 -1.214917 -52.045797 -11.119403 -0.002241 -0.020760 -0.175767 0.984210
1693922881.500925 -1.300996 -52.196604 -11.117223 -0.001519 -0.021216 -0.167446 0.985652
1693922881.600108 -1.380889 -52.347602 -11.120127 -0.000894 -0.022183 -0.157600 0.987253
1693922881.700930 -1.466420 -52.509675 -11.119711 0.001145 -0.023956 -0.146919 0.988858
1693922881.900854 -1.605086 -52.806293 -11.125323 0.002792 -0.023022 -0.130941 0.991119
1693922882.000207 -1.672225 -52.964066 -11.124227 0.002966 -0.023154 -0.126293 0.991718
1693922882.100884 -1.736045 -53.127376 -11.122912 0.002952 -0.022980 -0.123821 0.992034
1693922882.200277 -1.797493 -53.278928 -11.120789 0.000687 -0.022949 -0.121691 0.992302
1693922882.300041 -1.856757 -53.432975 -11.116768 -0.001606 -0.024904 -0.120096 0.992449
1693922882.400470 -1.909153 -53.587120 -11.098743 0.000435 -0.024938 -0.119973 0.992464
1693922882.500874 -1.964017 -53.747596 -11.089577 0.000847 -0.026162 -0.124420 0.991884
1693922882.600983 -2.031545 -53.903415 -11.094300 -0.000285 -0.023633 -0.126720 0.991657
1693922882.700895 -2.116059 -54.084769 -11.107022 -0.000051 -0.025312 -0.125393 0.991784
1693922882.900550 -2.220648 -54.360916 -11.107571 -0.000565 -0.027084 -0.122887 0.992051
1693922883.000984 -2.280653 -54.513515 -11.113098 -0.001350 -0.025393 -0.124449 0.991900
1693922883.100068 -2.349416 -54.661951 -11.123257 -0.000819 -0.024189 -0.123899 0.992000
1693922883.201091 -2.440735 -54.829566 -11.124909 -0.000330 -0.025633 -0.119629 0.992488
1693922883.400028 -2.545014 -55.114011 -11.130343 -0.000364 -0.025921 -0.117758 0.992704
1693922883.501102 -2.603815 -55.262154 -11.124878 0.001546 -0.025339 -0.115229 0.993014
1693922883.600969 -2.666144 -55.423196 -11.122875 0.003590 -0.027545 -0.112614 0.993250
1693922883.699941 -2.726615 -55.578406 -11.134269 0.002495 -0.024375 -0.112192 0.993384
1693922883.801007 -2.792943 -55.746773 -11.140791 0.002399 -0.024308 -0.112190 0.993387
1693922883.900928 -2.852396 -55.914289 -11.145619 0.002535 -0.023551 -0.111475 0.993485
1693922883.999600 -2.931408 -56.088841 -11.149250 0.003216 -0.024008 -0.112872 0.993314
1693922884.200947 -3.027030 -56.381370 -11.140950 0.001426 -0.023207 -0.115383 0.993049
1693922884.299960 -3.087986 -56.522477 -11.142235 0.000695 -0.024444 -0.115243 0.993036
1693922884.401084 -3.155625 -56.676675 -11.150140 0.000624 -0.024550 -0.114401 0.993131
1693922884.500989 -3.213338 -56.839226 -11.159436 -0.000539 -0.022558 -0.117835 0.992777
1693922884.600989 -3.272008 -56.989349 -11.169898 0.002245 -0.023118 -0.117317 0.992823
1693922884.701040 -3.336469 -57.151164 -11.168861 0.002580 -0.021402 -0.120008 0.992539
1693922884.801018 -3.394340 -57.304540 -11.163773 0.002343 -0.023300 -0.120139 0.992481
1693922884.901027 -3.456820 -57.461645 -11.160321 0.001984 -0.023580 -0.121023 0.992368
1693922885.000530 -3.517504 -57.616073 -11.153854 0.002418 -0.025079 -0.118733 0.992607
1693922885.100974 -3.577685 -57.769865 -11.154319 0.000512 -0.024707 -0.116540 0.992879
1693922885.200107 -3.633833 -57.919436 -11.150403 0.001962 -0.026098 -0.113604 0.993181
1693922885.300127 -3.690661 -58.073257 -11.148234 0.003282 -0.026811 -0.107814 0.993804
1693922885.400066 -3.744074 -58.226442 -11.151673 0.003555 -0.026207 -0.101498 0.994484
1693922885.500295 -3.799828 -58.380437 -11.154026 0.003331 -0.022367 -0.096488 0.995077
1693922885.599548 -3.846089 -58.536042 -11.151959 0.000580 -0.022432 -0.094626 0.995260
1693922885.699960 -3.898534 -58.692460 -11.134722 0.000991 -0.027884 -0.088295 0.995704
1693922885.800140 -3.960891 -58.845373 -11.146991 0.001737 -0.025560 -0.074328 0.996905
1693922885.901062 -4.012559 -59.002807 -11.148689 0.001636 -0.023719 -0.071188 0.997180
1693922886.000994 -4.055257 -59.156555 -11.152570 -0.000177 -0.024463 -0.068504 0.997351
1693922886.100057 -4.108438 -59.317789 -11.160764 0.003021 -0.021951 -0.064905 0.997645
1693922886.201080 -4.148136 -59.478073 -11.160625 0.004374 -0.021503 -0.066348 0.997555
1693922886.301097 -4.191760 -59.641133 -11.166126 0.003724 -0.020848 -0.065185 0.997648
1693922886.401136 -4.237370 -59.803794 -11.159816 0.003410 -0.020606 -0.064440 0.997703
1693922886.501187 -4.280714 -59.963820 -11.160319 0.002644 -0.020443 -0.062936 0.997805
1693922886.601158 -4.325538 -60.127376 -11.163973 0.003496 -0.020832 -0.063552 0.997755
1693922886.700121 -4.374601 -60.289170 -11.168130 0.001061 -0.020694 -0.061625 0.997884
1693922886.799956 -4.410841 -60.453863 -11.180157 0.000783 -0.021939 -0.061905 0.997841
1693922886.899975 -4.461610 -60.612765 -11.188456 0.001699 -0.020795 -0.059383 0.998017
1693922887.200090 -4.592355 -61.109368 -11.189328 0.002226 -0.023902 -0.063387 0.997700
1693922887.300464 -4.645506 -61.284570 -11.192448 0.003930 -0.025141 -0.066279 0.997477
1693922887.399669 -4.700871 -61.458599 -11.191417 0.006078 -0.025600 -0.073156 0.996973
1693922887.501139 -4.759457 -61.650027 -11.209739 0.004191 -0.023698 -0.082147 0.996330
1693922887.699781 -4.841912 -61.958369 -11.219140 0.001092 -0.023008 -0.093084 0.995392
1693922887.800148 -4.886313 -62.122030 -11.218702 0.000390 -0.023424 -0.100549 0.994656
1693922887.900240 -4.941032 -62.289153 -11.219001 0.001349 -0.022894 -0.107409 0.993950
1693922888.000139 -5.005105 -62.474134 -11.210966 0.001955 -0.021604 -0.121291 0.992380
1693922888.200224 -5.085233 -62.784841 -11.197074 0.000996 -0.019783 -0.139906 0.989967
1693922888.300048 -5.130041 -62.935565 -11.194469 0.000604 -0.017338 -0.157462 0.987373
1693922888.400050 -5.186808 -63.086508 -11.191528 0.002283 -0.015746 -0.179882 0.983559
1693922888.900055 -5.578665 -63.743754 -11.176253 -0.001422 -0.018883 -0.284948 0.958356
1693922889.000202 -5.660669 -63.857040 -11.186352 -0.002616 -0.015969 -0.312284 0.949851
1693922889.100106 -5.764161 -63.972093 -11.196046 -0.001536 -0.017147 -0.338552 0.940790
1693922889.200249 -5.868189 -64.065693 -11.205501 -0.005389 -0.016147 -0.358192 0.933493
1693922889.500340 -6.216435 -64.344085 -11.220521 -0.000086 -0.019775 -0.437123 0.899184
1693922889.602528 -6.329117 -64.410838 -11.211784 0.001696 -0.018718 -0.452041 0.891799
1693922889.799903 -6.538240 -64.537256 -11.223007 -0.001053 -0.021151 -0.507757 0.861240
1693922889.901150 -6.642257 -64.589303 -11.227628 -0.004240 -0.023589 -0.526201 0.850023
1693922890.001102 -6.737922 -64.631660 -11.229029 -0.002246 -0.021438 -0.547333 0.836637
1693922890.100200 -6.823916 -64.672238 -11.225193 -0.003989 -0.018309 -0.573121 0.819256
1693922890.200439 -6.910995 -64.698141 -11.224710 -0.006482 -0.017588 -0.592774 0.805151
1693922890.300023 -6.994078 -64.717303 -11.226415 -0.006790 -0.014919 -0.609921 0.792292
1693922890.400060 -7.071660 -64.723337 -11.227488 -0.007765 -0.013405 -0.624306 0.781026
1693922890.500260 -7.154385 -64.724068 -11.225950 -0.006211 -0.020199 -0.632123 0.774580
1693922890.600083 -7.233087 -64.714715 -11.228568 -0.001249 -0.023957 -0.637561 0.770026
1693922890.700179 -7.310970 -64.711396 -11.230315 -0.001939 -0.025949 -0.639096 0.768687
1693922890.800026 -7.359138 -64.706890 -11.236361 -0.001433 -0.026188 -0.639575 0.768281
1693922890.900189 -7.414439 -64.703989 -11.233772 -0.000666 -0.026092 -0.637992 0.769600
1693922891.101273 -7.462081 -64.712726 -11.237147 -0.002557 -0.025670 -0.639023 0.768755
1693922891.200335 -7.462010 -64.710827 -11.243225 -0.000738 -0.025125 -0.639727 0.768191
1693922891.300498 -7.470491 -64.713345 -11.241597 -0.000776 -0.026293 -0.639940 0.767974
1693922891.400412 -7.460150 -64.713601 -11.244854 -0.002911 -0.023059 -0.639541 0.768406
1693922891.499599 -7.443868 -64.711901 -11.251510 -0.006671 -0.020383 -0.638066 0.769683
1693922891.600134 -7.431170 -64.707234 -11.246275 -0.011209 -0.015152 -0.637663 0.770085
1693922891.700103 -7.427978 -64.708220 -11.242375 -0.011317 -0.017516 -0.638712 0.769163
1693922891.800171 -7.427652 -64.709795 -11.240984 -0.011252 -0.018237 -0.638324 0.769470
1693922891.899814 -7.427873 -64.710120 -11.240391 -0.010555 -0.018961 -0.638450 0.769357
1693922892.000129 -7.431663 -64.710273 -11.236526 -0.010112 -0.019156 -0.638436 0.769370
1693922892.199566 -7.426729 -64.708503 -11.236263 -0.009647 -0.018246 -0.638344 0.769475
1693922892.300119 -7.424585 -64.706251 -11.234053 -0.009652 -0.018278 -0.638474 0.769366
1693922892.400218 -7.427945 -64.710153 -11.233524 -0.010174 -0.017808 -0.638335 0.769485
1693922892.500189 -7.431854 -64.713756 -11.234583 -0.010147 -0.016748 -0.638421 0.769438
1693922892.600374 -7.437090 -64.716779 -11.232349 -0.010247 -0.017200 -0.638373 0.769466
1693922892.699581 -7.438843 -64.717005 -11.230984 -0.008935 -0.018930 -0.638287 0.769514
1693922892.799904 -7.439861 -64.712963 -11.230652 -0.007934 -0.020438 -0.638134 0.769613
1693922893.100163 -7.421645 -64.711977 -11.231114 -0.010523 -0.017592 -0.638721 0.769165
1693922893.200202 -7.413849 -64.710525 -11.233274 -0.012758 -0.018149 -0.638075 0.769654
1693922893.300562 -7.410839 -64.710478 -11.233511 -0.013155 -0.019311 -0.637943 0.769729
1693922893.399620 -7.413032 -64.712030 -11.234447 -0.013457 -0.019360 -0.637765 0.769870
1693922893.499816 -7.420863 -64.717277 -11.232764 -0.014056 -0.015767 -0.638642 0.769214
1693922893.599658 -7.429046 -64.724701 -11.233022 -0.010953 -0.021103 -0.639846 0.768135
1693922893.700263 -7.441260 -64.730073 -11.232082 -0.010793 -0.021896 -0.638584 0.769165
1693922893.800230 -7.457158 -64.734918 -11.231390 -0.013503 -0.023084 -0.638381 0.769256
1693922893.900486 -7.477068 -64.739719 -11.230618 -0.015110 -0.019852 -0.637556 0.770000
1693922894.000162 -7.500096 -64.744711 -11.228986 -0.011263 -0.024017 -0.638195 0.769417
1693922894.099813 -7.524303 -64.751194 -11.228132 -0.008458 -0.020956 -0.638132 0.769595
1693922894.199834 -7.548171 -64.755376 -11.227656 -0.012058 -0.019779 -0.637802 0.769852
1693922894.300240 -7.572857 -64.760451 -11.227256 -0.012524 -0.018679 -0.638518 0.769278
1693922894.400177 -7.596776 -64.764803 -11.227205 -0.013247 -0.019653 -0.637889 0.769764
1693922894.499640 -7.619766 -64.770459 -11.227534 -0.011739 -0.016452 -0.638348 0.769482
1693922894.600122 -7.643367 -64.773792 -11.226462 -0.018271 -0.022887 -0.637979 0.769497
1693922894.700178 -7.666238 -64.776884 -11.226817 -0.019451 -0.015901 -0.637545 0.770004
1693922894.800111 -7.688340 -64.780075 -11.226643 -0.017756 -0.015512 -0.637632 0.769980
1693922894.900263 -7.712046 -64.781606 -11.225652 -0.015542 -0.021823 -0.637734 0.769790
1693922895.099956 -7.754972 -64.782134 -11.224998 -0.021546 -0.022762 -0.638468 0.769010
1693922895.200227 -7.776617 -64.782785 -11.225946 -0.016709 -0.016410 -0.639206 0.768679
1693922895.299579 -7.797968 -64.782100 -11.226212 -0.017257 -0.016156 -0.638788 0.769020
1693922895.399879 -7.819611 -64.781889 -11.226332 -0.016636 -0.016028 -0.639231 0.768668
1693922895.500305 -7.839890 -64.780631 -11.226648 -0.016432 -0.016248 -0.638665 0.769138
1693922895.600246 -7.859569 -64.778943 -11.226991 -0.015770 -0.015768 -0.638019 0.769698
1693922895.700182 -7.879880 -64.776234 -11.227141 -0.014972 -0.016721 -0.635995 0.771367
1693922895.999667 -7.947731 -64.760861 -11.227995 -0.014637 -0.015645 -0.612113 0.790480
1693922896.099624 -7.975997 -64.755469 -11.228046 -0.012037 -0.016886 -0.600065 0.799682
1693922896.199585 -8.007996 -64.752823 -11.228647 -0.013426 -0.014438 -0.591357 0.806169
1693922896.799762 -8.375045 -64.766981 -11.237505 -0.017814 -0.018060 -0.544805 0.838179
1693922896.899928 -8.461051 -64.784231 -11.241723 -0.016608 -0.015815 -0.539350 0.841769
1693922896.999736 -8.550985 -64.805569 -11.246084 -0.020485 -0.013607 -0.535495 0.844180
1693922897.100229 -8.651530 -64.834857 -11.250863 -0.021271 -0.010177 -0.536317 0.843687
1693922897.199769 -8.760812 -64.862273 -11.254022 -0.017381 -0.012003 -0.533642 0.845446
1693922897.399654 -9.010850 -64.928085 -11.257164 -0.017827 -0.010410 -0.531042 0.847094
1693922897.499594 -9.151830 -64.964917 -11.253062 -0.013106 -0.012716 -0.529745 0.847960
1693922897.599606 -9.294863 -65.015854 -11.252961 -0.008433 -0.010356 -0.528686 0.848713
1693922897.699856 -9.453714 -65.065381 -11.247073 -0.000108 -0.013488 -0.535928 0.844156
1693922897.799791 -9.601496 -65.103509 -11.248117 -0.001803 -0.010719 -0.528760 0.848702
1693922897.899880 -9.748467 -65.142312 -11.247322 0.002832 -0.014695 -0.520024 0.854021
1693922897.999654 -9.889907 -65.186319 -11.248612 0.000873 -0.018386 -0.513725 0.857758
1693922898.100276 -10.017316 -65.234543 -11.253337 -0.002077 -0.010299 -0.520620 0.853724
1693922898.199863 -10.158567 -65.267959 -11.250240 0.000307 -0.014879 -0.527941 0.849150
1693922898.299689 -10.292732 -65.295343 -11.248574 -0.005695 -0.026194 -0.514012 0.857364
1693922898.399822 -10.409051 -65.339385 -11.248544 -0.006926 -0.021220 -0.514126 0.857424
1693922898.499750 -10.522644 -65.381440 -11.250689 -0.007684 -0.016681 -0.536506 0.843696
1693922898.700283 -10.742074 -65.456052 -11.246174 -0.007930 -0.022129 -0.557952 0.829540
1693922898.799809 -10.831105 -65.497498 -11.243701 -0.005218 -0.013828 -0.575103 0.817947
1693922898.899767 -10.880602 -65.520292 -11.256563 -0.025008 0.003356 -0.590904 0.806347
1693922898.999777 -10.936063 -65.533304 -11.269642 -0.050660 0.025627 -0.586865 0.807692
1693922899.099844 -11.013534 -65.553000 -11.275408 -0.060715 0.028278 -0.589041 0.805323
1693922899.199808 -11.094027 -65.577969 -11.279964 -0.065699 0.044216 -0.599441 0.796491
1693922899.299682 -11.192956 -65.616838 -11.258564 -0.061307 0.055606 -0.602446 0.793856
1693922899.399805 -11.322148 -65.638116 -11.230940 -0.052317 0.034413 -0.612876 0.787694
1693922899.499822 -11.440336 -65.672178 -11.216157 -0.045908 0.047611 -0.608029 0.791155
1693922900.299857 -12.640373 -65.918614 -11.119027 -0.021747 0.027228 -0.593822 0.803842
1693922900.399722 -12.788456 -65.950560 -11.111590 -0.025246 0.024531 -0.591593 0.805468
1693922900.599762 -13.087786 -66.022553 -11.098737 -0.026350 0.021892 -0.592589 0.804776
1693922900.699763 -13.240345 -66.057476 -11.092185 -0.026348 0.019286 -0.592896 0.804617
1693922900.799869 -13.394372 -66.097842 -11.085263 -0.025720 0.015153 -0.595290 0.802956
1693922901.099906 -13.887280 -66.215516 -11.064787 -0.012201 -0.006765 -0.603571 0.797187
1693922901.299642 -14.224397 -66.291794 -11.064028 -0.005618 -0.013989 -0.608761 0.793210
1693922901.399887 -14.373899 -66.335975 -11.071511 0.000948 -0.016349 -0.608127 0.793671
1693922901.899848 -15.095313 -66.534830 -11.112324 -0.014909 -0.012573 -0.626757 0.778971
1693922901.999717 -15.238347 -66.565530 -11.118953 -0.011620 -0.016990 -0.625584 0.779885
1693922902.099834 -15.385417 -66.600693 -11.123255 -0.013726 -0.019337 -0.624556 0.780620
1693922902.499734 -15.947272 -66.764453 -11.138552 -0.008297 -0.017752 -0.630156 0.776221
1693922902.599837 -16.091660 -66.802935 -11.141742 -0.010426 -0.017892 -0.627636 0.778232
1693922902.699757 -16.226488 -66.849480 -11.148340 -0.012020 -0.015528 -0.631320 0.775274
1693922902.799782 -16.361775 -66.889544 -11.155591 -0.013271 -0.017922 -0.633252 0.773624
1693922902.900418 -16.504330 -66.927893 -11.158986 -0.016164 -0.015983 -0.632191 0.774479
1693922903.199927 -16.921349 -67.058773 -11.173445 -0.014773 -0.020110 -0.633902 0.773011
1693922903.299823 -17.066285 -67.101995 -11.176758 -0.017837 -0.020402 -0.632580 0.774021
1693922903.499850 -17.354933 -67.193206 -11.180659 -0.014268 -0.023371 -0.638389 0.769226
1693922903.600237 -17.499035 -67.237711 -11.186101 -0.016621 -0.023277 -0.636639 0.770632
1693922903.899759 -17.920664 -67.374213 -11.202168 -0.021260 -0.025289 -0.641779 0.766178
1693922904.099961 -18.204108 -67.466666 -11.214488 -0.025881 -0.024163 -0.636505 0.770460
1693922904.200011 -18.349188 -67.516942 -11.219936 -0.021891 -0.025820 -0.641445 0.766422
1693922904.299716 -18.493764 -67.569684 -11.224749 -0.019620 -0.027047 -0.636229 0.770776
1693922904.400172 -18.643264 -67.626252 -11.231282 -0.016915 -0.023290 -0.643459 0.764939
1693922904.499908 -18.785872 -67.670737 -11.237460 -0.014170 -0.032327 -0.644142 0.764091
1693922904.699999 -19.080077 -67.769487 -11.252971 -0.017811 -0.027999 -0.639269 0.768267
1693922905.099802 -19.678982 -67.992660 -11.276664 -0.014286 -0.028284 -0.642917 0.765280
1693922905.499875 -20.278279 -68.206184 -11.299632 -0.018789 -0.025832 -0.638397 0.769044
1693922905.599865 -20.430088 -68.260045 -11.306885 -0.018555 -0.030320 -0.639256 0.768172
1693922905.699713 -20.582731 -68.317558 -11.312191 -0.019028 -0.029960 -0.635867 0.770982
1693922905.899910 -20.897686 -68.432599 -11.323951 -0.017452 -0.028025 -0.638998 0.768500
1693922905.999983 -21.054293 -68.491145 -11.331103 -0.017335 -0.026783 -0.637922 0.769440
1693922906.299827 -21.526361 -68.659698 -11.355109 -0.020421 -0.029311 -0.637041 0.770002
1693922906.400174 -21.688796 -68.718531 -11.359113 -0.020886 -0.028004 -0.637651 0.769533
1693922906.699783 -22.180929 -68.892089 -11.375271 -0.013415 -0.030589 -0.645260 0.763233
1693922907.100029 -22.834431 -69.105433 -11.393391 -0.018525 -0.024822 -0.659818 0.750787
1693922907.299798 -23.170311 -69.202988 -11.393049 -0.014004 -0.032932 -0.661689 0.748924
1693922907.399910 -23.341520 -69.250347 -11.394746 -0.015961 -0.031304 -0.661491 0.749129
1693922907.499894 -23.511296 -69.303692 -11.399147 -0.016113 -0.029365 -0.665265 0.745856
1693922907.599784 -23.682945 -69.347534 -11.403820 -0.011734 -0.035956 -0.665971 0.745018
1693922907.699924 -23.854598 -69.392571 -11.408670 -0.015229 -0.030484 -0.664176 0.746799
1693922907.800061 -24.028977 -69.438768 -11.414843 -0.018511 -0.030821 -0.667081 0.744117
1693922907.899998 -24.204266 -69.487826 -11.420062 -0.018283 -0.028914 -0.669995 0.741577
1693922907.999779 -24.383290 -69.533339 -11.425327 -0.014393 -0.032260 -0.671188 0.740445
1693922908.200059 -24.739542 -69.622245 -11.439588 -0.015951 -0.034285 -0.669075 0.742232
1693922908.299828 -24.919363 -69.664099 -11.447839 -0.017637 -0.032850 -0.657466 0.752561
1693922908.399921 -25.097941 -69.714968 -11.456627 -0.018893 -0.026802 -0.653110 0.756553
1693922908.499855 -25.282919 -69.765803 -11.464416 -0.016995 -0.029744 -0.647893 0.760960
1693922908.600039 -25.467152 -69.819897 -11.473688 -0.013778 -0.031242 -0.642058 0.765895
1693922909.099928 -26.392219 -70.117186 -11.519177 -0.014754 -0.024489 -0.644690 0.763909
1693922909.200202 -26.577407 -70.177821 -11.529702 -0.012058 -0.031302 -0.641307 0.766551
1693922909.399839 -26.947866 -70.304689 -11.549916 -0.012334 -0.020359 -0.645837 0.763104
1693922909.699994 -27.534745 -70.467046 -11.572842 -0.008787 -0.025079 -0.634551 0.772424
1693922909.799973 -27.727884 -70.520181 -11.584531 -0.011577 -0.023365 -0.630087 0.776086
1693922909.900074 -27.927044 -70.570295 -11.593051 -0.014862 -0.026599 -0.626015 0.779216
1693922910.200123 -28.530320 -70.745679 -11.617955 -0.008466 -0.033572 -0.613297 0.789093
1693922910.399986 -28.929454 -70.859482 -11.639411 -0.014733 -0.033086 -0.609066 0.792292
1693922910.499952 -29.133853 -70.921823 -11.647560 -0.014077 -0.035829 -0.610084 0.791401
1693922910.600404 -29.333752 -70.985207 -11.656098 -0.014342 -0.033226 -0.611582 0.790353
1693922910.899900 -29.938530 -71.166474 -11.684924 -0.013712 -0.032357 -0.615173 0.787609
1693922911.000059 -30.141991 -71.222969 -11.695448 -0.015465 -0.030718 -0.614162 0.788430
1693922911.300191 -30.742556 -71.381792 -11.731837 -0.022661 -0.022516 -0.617135 0.786208
1693922911.400180 -30.949801 -71.428869 -11.742896 -0.022280 -0.025320 -0.614632 0.788093
1693922911.499950 -31.150001 -71.481291 -11.753858 -0.020060 -0.020892 -0.614455 0.788420
1693922911.600248 -31.363198 -71.527019 -11.760336 -0.020886 -0.026610 -0.616583 0.786563
1693922912.000143 -32.190393 -71.702813 -11.794283 -0.021268 -0.026197 -0.626624 0.778591
1693922912.100151 -32.399730 -71.740260 -11.802778 -0.021264 -0.030074 -0.623427 0.781013
1693922912.500206 -33.233810 -71.873101 -11.840482 -0.027190 -0.030010 -0.622999 0.781174
1693922912.800232 -33.856176 -71.985705 -11.870592 -0.027825 -0.027020 -0.618719 0.784655
1693922912.900196 -34.065131 -72.025737 -11.880756 -0.023295 -0.028597 -0.619450 0.784169
1693922913.099972 -34.486581 -72.089318 -11.896501 -0.021215 -0.030727 -0.617233 0.785894
1693922913.200217 -34.687963 -72.116820 -11.908995 -0.023311 -0.028900 -0.619039 0.784482
1693922913.500188 -35.300480 -72.201564 -11.937956 -0.024775 -0.034195 -0.626371 0.778380
1693922913.600095 -35.502323 -72.227569 -11.948587 -0.024955 -0.026490 -0.625194 0.779621
1693922913.800187 -35.906865 -72.262785 -11.968702 -0.029855 -0.030814 -0.632909 0.773036
1693922914.000469 -36.311119 -72.296386 -11.985898 -0.033763 -0.031382 -0.636070 0.770253
1693922914.300235 -36.912862 -72.339157 -12.009384 -0.030320 -0.028361 -0.634779 0.771578
1693922914.700157 -37.712061 -72.372758 -12.038517 -0.033203 -0.034051 -0.634914 0.771118
1693922914.799861 -37.914341 -72.385621 -12.047860 -0.028267 -0.036068 -0.630851 0.774549
1693922915.400176 -39.077687 -72.405025 -12.092791 -0.035536 -0.032638 -0.636622 0.769665
1693922915.500246 -39.272422 -72.406556 -12.098802 -0.031446 -0.030333 -0.642297 0.765209
1693922915.599616 -39.468388 -72.401209 -12.105738 -0.031896 -0.031784 -0.641781 0.765565
1693922916.200315 -40.579341 -72.318665 -12.136181 -0.034522 -0.031329 -0.649374 0.759039
1693922916.300149 -40.759454 -72.298056 -12.139232 -0.036920 -0.027553 -0.645446 0.762415
1693922916.400209 -40.941512 -72.284065 -12.140386 -0.035773 -0.023739 -0.645093 0.762897
1693922916.500342 -41.119107 -72.270802 -12.138778 -0.032864 -0.026338 -0.644549 0.763402
1693922916.600116 -41.300547 -72.250648 -12.135991 -0.031819 -0.031482 -0.639001 0.767902
1693922916.800173 -41.640622 -72.224804 -12.138593 -0.035504 -0.019289 -0.640889 0.766569
1693922916.900257 -41.816904 -72.199113 -12.136848 -0.036126 -0.030926 -0.640862 0.766182
1693922917.200365 -42.329923 -72.148719 -12.132408 -0.034383 -0.023528 -0.636297 0.770318
1693922917.300206 -42.501697 -72.134797 -12.130218 -0.031683 -0.024922 -0.638245 0.768777
1693922917.400400 -42.669959 -72.112423 -12.130683 -0.033784 -0.027466 -0.639774 0.767329
1693922917.500238 -42.833111 -72.089549 -12.131933 -0.035348 -0.021871 -0.637652 0.769202
1693922917.600296 -43.000039 -72.066616 -12.131098 -0.035958 -0.022289 -0.641734 0.765759
1693922917.700351 -43.168009 -72.040236 -12.126822 -0.035692 -0.029016 -0.642009 0.765316
1693922918.600355 -44.617259 -71.806931 -12.069250 -0.031243 -0.022509 -0.626808 0.778221
1693922918.700173 -44.772305 -71.784489 -12.057742 -0.029263 -0.026095 -0.625073 0.779581
1693922919.400414 -45.813001 -71.624730 -11.959144 -0.027749 -0.024941 -0.616161 0.786736
1693922919.600292 -46.104106 -71.579041 -11.927722 -0.027252 -0.021774 -0.616086 0.786906
1693922919.800315 -46.397642 -71.532413 -11.891941 -0.026295 -0.025739 -0.621047 0.782909
1693922919.900339 -46.542185 -71.498085 -11.873648 -0.028013 -0.031225 -0.622813 0.781246
1693922920.300451 -47.111542 -71.377028 -11.801969 -0.026545 -0.027744 -0.636226 0.770547
1693922920.400093 -47.251191 -71.339198 -11.787469 -0.029154 -0.028804 -0.635372 0.771118
1693922920.700258 -47.673956 -71.198452 -11.755633 -0.041689 -0.035573 -0.638143 0.767965
1693922920.800211 -47.809757 -71.167949 -11.745990 -0.032716 -0.020132 -0.625375 0.779379
1693922921.000498 -48.080732 -71.079478 -11.723321 -0.031215 -0.022691 -0.635322 0.771283
1693922921.100225 -48.218485 -71.037548 -11.713341 -0.032581 -0.023726 -0.636137 0.770523
1693922921.400529 -48.622312 -70.927029 -11.672956 -0.019963 -0.020381 -0.676481 0.735908
1693922921.500426 -48.746864 -70.874836 -11.659981 -0.018185 -0.025136 -0.695549 0.717809
1693922922.900463 -50.089393 -69.206222 -11.527334 0.026546 0.007917 0.894085 -0.447039
1693922923.500337 -50.531738 -68.191881 -11.461296 0.011073 0.004857 0.958848 -0.283661
1693922923.600410 -50.565253 -68.013398 -11.452218 0.010226 0.000832 0.968389 -0.249236
1693922924.199910 -50.617961 -66.853168 -11.392715 0.018028 -0.008066 0.997705 -0.064759
1693922924.300447 -50.593395 -66.640555 -11.380670 0.018751 -0.008396 0.998843 -0.043488
1693922924.400435 -50.558391 -66.429040 -11.370363 0.019788 -0.012466 0.999289 -0.029572
1693922924.799572 -50.388035 -65.546506 -11.324224 0.024753 -0.007384 0.999246 -0.028970
1693922925.100461 -50.273369 -64.887129 -11.293959 0.023391 -0.010498 0.996543 -0.079024
1693922925.300207 -50.232926 -64.450404 -11.285971 0.020508 -0.011435 0.993545 -0.110983
1693922925.401701 -50.225226 -64.229903 -11.278425 0.022941 -0.007676 0.991937 -0.124405
1693922925.500442 -50.225738 -64.015894 -11.270468 0.020405 -0.008440 0.991646 -0.127084
1693922925.600394 -50.221442 -63.797542 -11.265419 0.023297 -0.004776 0.990378 -0.136329
1693922926.100522 -50.277278 -62.748047 -11.238279 0.017746 -0.010252 0.989983 -0.139692
1693922926.200406 -50.288838 -62.543204 -11.231761 0.019798 -0.009394 0.989396 -0.143582
1693922926.300595 -50.300795 -62.337861 -11.223259 0.022831 -0.006214 0.989021 -0.145870
1693922926.400524 -50.317356 -62.132764 -11.215854 0.020495 -0.008925 0.989019 -0.146086
1693922926.700510 -50.381575 -61.523465 -11.195633 0.016056 -0.006812 0.989381 -0.144294
1693922927.000570 -50.434628 -60.960635 -11.170499 0.018322 0.009025 0.989700 -0.141691
1693922927.300012 -50.486574 -60.511160 -11.153314 0.009961 0.016747 0.991117 -0.131559
1693922928.000434 -50.514016 -60.089382 -11.144999 0.021453 0.003676 0.990285 -0.137342
1693922928.101861 -50.513312 -60.087701 -11.146490 0.023578 0.002659 0.989755 -0.140790
1693922928.500763 -50.515745 -60.102273 -11.156388 0.024508 0.001413 0.989691 -0.141097
1693922928.600477 -50.513456 -60.101133 -11.157240 0.025136 0.003112 0.989682 -0.141027
1693922928.700556 -50.514031 -60.095004 -11.155945 0.023842 0.004074 0.989749 -0.140758
1693922928.800451 -50.514553 -60.091794 -11.157022 0.021351 0.004129 0.989693 -0.141545
1693922929.601177 -50.514641 -60.090242 -11.157815 0.021430 0.002557 0.989767 -0.141049
1693922929.700126 -50.516899 -60.096309 -11.162093 0.021708 0.001365 0.989736 -0.141246
1693922929.801892 -50.518806 -60.098266 -11.161755 0.021879 0.001581 0.989713 -0.141376
1693922930.000626 -50.517290 -60.096325 -11.163232 0.022322 -0.000478 0.989637 -0.141843
1693922930.300392 -50.519625 -60.067202 -11.172190 0.023842 -0.003091 0.989485 -0.142620
1693922930.400455 -50.521106 -60.047618 -11.178445 0.024147 -0.004312 0.989412 -0.143047
1693922930.499871 -50.523885 -60.016833 -11.185826 0.025580 -0.006492 0.989416 -0.142689
1693922930.700548 -50.547027 -59.946315 -11.195582 0.017765 -0.005160 0.988104 -0.152672
1693922931.100441 -50.591477 -59.720802 -11.201929 0.014506 -0.023495 0.990505 -0.134677
1693922931.200622 -50.591408 -59.648273 -11.195773 0.017148 -0.032195 0.990511 -0.132502
1693922931.300562 -50.602539 -59.567438 -11.194461 0.014181 -0.044980 0.990545 -0.128826
1693922931.599608 -50.634355 -59.169363 -11.162884 0.028541 -0.038162 0.992062 -0.116373
1693922931.700534 -50.653323 -58.979290 -11.140138 0.032268 -0.011763 0.991302 -0.127049
1693922932.100918 -50.732130 -58.287153 -11.130352 0.027594 0.001863 0.988756 -0.146958
1693922932.300423 -50.753444 -57.989799 -11.149613 0.030484 0.005556 0.987751 -0.152933
1693922932.500544 -50.824930 -57.731370 -11.158405 0.012699 -0.008892 0.986974 -0.160133
1693922932.599887 -50.867945 -57.597642 -11.163681 0.015117 -0.011094 0.990188 -0.138480
1693922932.700760 -50.903190 -57.433812 -11.168147 0.017005 -0.009440 0.992638 -0.119543
1693922932.899595 -50.943917 -57.129899 -11.142874 0.011676 -0.000802 0.995067 -0.098509
1693922933.000492 -50.961557 -56.974175 -11.123001 0.016239 -0.009945 0.994553 -0.102478
1693922933.100678 -50.971479 -56.813352 -11.118534 0.018194 0.004631 0.992573 -0.120193
1693922933.200704 -50.976866 -56.655840 -11.109914 0.021671 -0.001318 0.990856 -0.133163
1693922933.300767 -51.000953 -56.513863 -11.106871 0.019447 -0.009054 0.992860 -0.117339
1693922933.400367 -51.021849 -56.337808 -11.120944 0.018200 -0.016614 0.993568 -0.110525
1693922933.600517 -51.048096 -56.071814 -11.116146 0.023508 -0.021655 0.993498 -0.109274
1693922933.702191 -51.047950 -55.904490 -11.126675 0.021509 -0.014631 0.993949 -0.106715
1693922934.000057 -51.053954 -55.456078 -11.123880 0.026442 -0.009005 0.993883 -0.106851
1693922934.099718 -51.060852 -55.299317 -11.114131 0.024886 -0.013251 0.994201 -0.103774
1693922934.202066 -51.078444 -55.100675 -11.127051 0.027410 -0.015846 0.995042 -0.094281
1693922934.500653 -51.080899 -54.672822 -11.118278 0.026812 -0.010154 0.995439 -0.090992
1693922934.600670 -51.086187 -54.496926 -11.111283 0.031258 -0.005897 0.995469 -0.089603
1693922934.700680 -51.092716 -54.321259 -11.099873 0.033900 -0.005259 0.995271 -0.090878
1693922934.800517 -51.107785 -54.140713 -11.091436 0.031817 -0.001332 0.995709 -0.086893
1693922934.900621 -51.106631 -53.945311 -11.098936 0.029617 -0.000706 0.996333 -0.080265
1693922935.100493 -51.122966 -53.629664 -11.083626 0.030028 -0.004161 0.996210 -0.081530
1693922935.200734 -51.138683 -53.460323 -11.084016 0.030128 -0.003657 0.996457 -0.078432
1693922935.301092 -51.129926 -53.280669 -11.092773 0.027862 -0.004616 0.996844 -0.074191
1693922935.500443 -51.140587 -52.976527 -11.094268 0.026409 -0.002879 0.997018 -0.072446
1693922935.600675 -51.142243 -52.794742 -11.098883 0.027807 -0.003190 0.997043 -0.071565
1693922935.800460 -51.146894 -52.464355 -11.101529 0.025809 -0.003969 0.997059 -0.072052
1693922935.899778 -51.132084 -52.275789 -11.109580 0.024951 -0.000918 0.997340 -0.068485
1693922936.200842 -51.133590 -51.803934 -11.115198 0.025715 -0.001901 0.997402 -0.067262
1693922936.300585 -51.126721 -51.633261 -11.123869 0.027198 -0.001726 0.997388 -0.066896
1693922936.500762 -51.127889 -51.305662 -11.122357 0.028087 -0.003412 0.997205 -0.069150
1693922936.700244 -51.142650 -51.031637 -11.115025 0.028194 -0.005604 0.997088 -0.070638
1693922936.801027 -51.142676 -50.868329 -11.116534 0.025803 -0.004356 0.997368 -0.067615
1693922936.900590 -51.145288 -50.693983 -11.111962 0.027977 -0.003706 0.997203 -0.069213
1693922937.000511 -51.143569 -50.519196 -11.114707 0.027353 -0.004333 0.997203 -0.069426
1693922937.100649 -51.127449 -50.324353 -11.113572 0.026938 -0.002303 0.997039 -0.071983
1693922937.301359 -51.140504 -49.967990 -11.104218 0.028039 -0.002239 0.996953 -0.072751
1693922937.499767 -51.139009 -49.643899 -11.109319 0.026263 -0.003636 0.997014 -0.072524
1693922937.700867 -51.129957 -49.335189 -11.117266 0.026341 -0.003180 0.996544 -0.078709
1693922937.801256 -51.122422 -49.158354 -11.122469 0.026369 -0.001454 0.996459 -0.079821
1693922938.000728 -51.163553 -48.843807 -11.106593 0.029189 -0.003109 0.995848 -0.086166
1693922938.101020 -51.159026 -48.674801 -11.105519 0.028540 -0.006905 0.996545 -0.077693
1693922938.401237 -51.144428 -48.133960 -11.145688 0.028779 0.001709 0.995651 -0.088584
1693922938.700672 -51.152725 -47.698565 -11.146346 0.027477 0.002401 0.994316 -0.102839
1693922938.800556 -51.163109 -47.536289 -11.130455 0.030211 0.000999 0.994265 -0.102579
1693922938.899939 -51.178773 -47.377574 -11.130785 0.030417 0.003276 0.993253 -0.111855
1693922939.000648 -51.192855 -47.216627 -11.124513 0.028309 -0.000955 0.992962 -0.114996
1693922939.099789 -51.202558 -47.051617 -11.118589 0.028204 -0.000098 0.993008 -0.114627
1693922939.200720 -51.210672 -46.882635 -11.116125 0.027730 0.000665 0.992102 -0.122329
1693922939.300760 -51.242744 -46.703884 -11.099328 0.029798 -0.004321 0.991896 -0.123432
1693922939.399759 -51.252352 -46.530594 -11.099660 0.028164 -0.002985 0.991599 -0.126208
1693922939.500725 -51.281979 -46.317816 -11.100036 0.028974 0.000608 0.991023 -0.130509
1693922939.800828 -51.332852 -45.830177 -11.073568 0.024700 -0.000059 0.991214 -0.129941
1693922939.900700 -51.358441 -45.656091 -11.056012 0.031868 -0.000323 0.990653 -0.132631
1693922940.000771 -51.396158 -45.439267 -11.063907 0.030164 0.002290 0.989657 -0.140225
1693922940.400905 -51.449017 -44.866041 -11.091305 0.027474 -0.000334 0.988882 -0.146139
1693922940.500728 -51.492614 -44.702451 -11.079662 0.034113 -0.006107 0.988969 -0.144015
1693922940.600755 -51.490827 -44.537725 -11.084093 0.031477 -0.004357 0.988485 -0.147946
1693922940.700719 -51.513875 -44.364561 -11.077649 0.030009 -0.007407 0.988322 -0.149213
1693922940.800727 -51.551110 -44.192533 -11.066266 0.032049 -0.005401 0.989201 -0.142916
1693922940.902146 -51.570498 -43.991118 -11.071004 0.033633 -0.004440 0.988773 -0.145524
1693922941.100724 -51.625596 -43.703603 -11.056088 0.033324 -0.007407 0.989068 -0.143451
1693922941.200703 -51.646697 -43.536855 -11.051550 0.032564 -0.006518 0.989637 -0.139700
1693922941.299933 -51.675437 -43.368911 -11.046481 0.033527 -0.005383 0.989732 -0.138846
1693922941.400886 -51.693785 -43.194790 -11.040073 0.033949 -0.003950 0.989546 -0.140106
1693922941.500659 -51.722050 -43.012651 -11.037988 0.033194 -0.003127 0.989480 -0.140778
1693922941.600941 -51.757003 -42.806603 -11.034912 0.032273 -0.000015 0.990190 -0.135952
1693922941.800666 -51.798192 -42.504469 -11.028113 0.031093 -0.001368 0.990680 -0.132606
1693922941.900846 -51.832523 -42.343862 -11.025732 0.032007 -0.001873 0.991165 -0.128700
1693922942.000716 -51.841041 -42.173492 -11.028694 0.029940 -0.004045 0.991956 -0.122922
1693922942.101116 -51.866383 -41.994346 -11.031535 0.032878 -0.002306 0.991662 -0.124577
1693922942.200788 -51.875174 -41.831988 -11.033533 0.029637 -0.003399 0.992208 -0.120971
1693922942.299759 -51.903209 -41.641377 -11.033289 0.028517 -0.005296 0.992959 -0.114852
1693922942.500859 -51.933262 -41.311861 -11.018799 0.030968 -0.004907 0.992648 -0.116906
1693922942.600795 -51.947284 -41.139085 -11.016136 0.030930 -0.002764 0.993018 -0.113805
1693922942.700704 -51.969306 -40.934568 -11.009491 0.030188 -0.002013 0.993137 -0.112980
1693922942.900408 -51.998373 -40.642442 -11.010154 0.030586 -0.004257 0.993515 -0.109429
1693922943.000060 -51.990274 -40.477761 -11.012810 0.029822 -0.005870 0.993402 -0.110588
1693922943.100868 -52.017041 -40.319488 -11.015371 0.030282 -0.004867 0.993714 -0.107664
1693922943.200878 -52.031832 -40.142745 -11.019593 0.030325 -0.001442 0.993902 -0.106004
1693922943.400849 -52.055048 -39.816137 -11.014304 0.026816 -0.000408 0.994047 -0.105600
1693922943.500818 -52.071925 -39.630565 -11.011490 0.031390 0.003095 0.994106 -0.103724
1693922943.600698 -52.099030 -39.478450 -11.008786 0.035119 -0.000148 0.993931 -0.104252
1693922943.700855 -52.092408 -39.318547 -11.019524 0.030934 -0.000112 0.994013 -0.104788
1693922943.800802 -52.094074 -39.162468 -11.022894 0.030801 -0.001357 0.994270 -0.102351
1693922943.900209 -52.098382 -38.998927 -11.024770 0.033186 -0.002000 0.993476 -0.109084
1693922944.000880 -52.117335 -38.843790 -11.032195 0.032440 -0.001000 0.993107 -0.112630
1693922944.100763 -52.133150 -38.654507 -11.037197 0.031597 0.000949 0.993093 -0.112991
1693922944.300897 -52.158563 -38.381253 -11.043978 0.029618 -0.002862 0.993347 -0.111253
1693922944.400837 -52.182347 -38.227168 -11.043244 0.030349 -0.002975 0.993402 -0.110558
1693922944.499966 -52.187916 -38.077586 -11.036402 0.030474 -0.006794 0.993309 -0.111185
1693922944.600918 -52.203002 -37.906612 -11.035951 0.029470 -0.005321 0.993284 -0.111759
1693922944.700771 -52.215935 -37.742110 -11.037347 0.030004 -0.007004 0.993345 -0.110977
1693922944.800738 -52.233505 -37.566349 -11.029585 0.030045 -0.002650 0.992925 -0.114850
1693922944.900955 -52.247486 -37.362105 -11.032170 0.028080 -0.000305 0.993230 -0.112719
1693922945.100068 -52.284554 -37.047566 -11.022022 0.034474 -0.001417 0.992753 -0.115110
1693922945.201152 -52.289952 -36.871078 -11.037041 0.030212 -0.004407 0.992659 -0.117027
1693922945.300841 -52.308649 -36.686343 -11.045510 0.028984 -0.002683 0.993397 -0.110976
1693922945.400493 -52.308942 -36.501646 -11.060339 0.030539 -0.000693 0.993642 -0.108361
1693922945.600827 -52.339784 -36.189912 -11.061723 0.032417 -0.001028 0.993983 -0.104619
1693922945.700777 -52.345882 -36.031409 -11.072241 0.031236 -0.000072 0.994105 -0.103828
1693922945.799897 -52.361678 -35.870511 -11.073410 0.030735 0.000181 0.994474 -0.100382
1693922945.900830 -52.359274 -35.711052 -11.075697 0.029703 0.003390 0.994683 -0.098548
1693922946.200922 -52.399925 -35.221490 -11.075350 0.030945 0.001547 0.995402 -0.090640
1693922946.300874 -52.413347 -35.063274 -11.075048 0.032020 0.000779 0.995414 -0.090139
1693922946.399930 -52.417748 -34.895861 -11.079334 0.030317 0.002255 0.995806 -0.086291
1693922946.500855 -52.413455 -34.744087 -11.073012 0.031768 0.003818 0.995683 -0.087125
1693922946.600130 -52.420619 -34.573688 -11.080957 0.031300 0.004489 0.995530 -0.089001
1693922946.699902 -52.421952 -34.408540 -11.078432 0.029341 0.001302 0.995886 -0.085728
1693922946.800925 -52.431304 -34.244788 -11.074345 0.029947 0.000424 0.996017 -0.083981
1693922946.900964 -52.444224 -34.068832 -11.076413 0.029900 -0.002144 0.996075 -0.083284
1693922946.999961 -52.452905 -33.896004 -11.077285 0.029584 -0.000928 0.996344 -0.080138
1693922947.102411 -52.459449 -33.685544 -11.075887 0.030515 -0.000367 0.996367 -0.079509
1693922947.300987 -52.452516 -33.387954 -11.085991 0.026277 0.004027 0.996760 -0.075914
1693922947.399851 -52.474599 -33.226931 -11.073662 0.030986 0.004452 0.996592 -0.076315
1693922947.500127 -52.475724 -33.056022 -11.075956 0.030270 0.003266 0.996425 -0.078809
1693922947.600035 -52.473512 -32.891991 -11.091104 0.028231 0.000497 0.996750 -0.075452
1693922947.700060 -52.485184 -32.718548 -11.086989 0.028519 0.003689 0.996942 -0.072655
1693922947.799850 -52.484448 -32.540496 -11.090760 0.027366 0.002499 0.997201 -0.069527
1693922947.900990 -52.489030 -32.355732 -11.093712 0.025566 0.000705 0.997547 -0.065158
1693922948.000870 -52.479480 -32.149774 -11.098379 0.026297 0.001348 0.997535 -0.065038
1693922948.200988 -52.469130 -31.862812 -11.103484 0.024400 -0.002807 0.997202 -0.070606
1693922948.300932 -52.471206 -31.683029 -11.104492 0.025826 -0.000706 0.996827 -0.075294
1693922948.400052 -52.467580 -31.470971 -11.104423 0.024428 0.004909 0.995818 -0.087896
1693922948.600945 -52.488972 -31.184935 -11.109628 0.024674 0.000581 0.995127 -0.095462
1693922948.700853 -52.495852 -31.021988 -11.112890 0.026323 -0.000692 0.994238 -0.103911
1693922948.800065 -52.495955 -30.864498 -11.124194 0.026405 -0.005061 0.992680 -0.117740
1693922948.901000 -52.507423 -30.695954 -11.121604 0.026625 -0.004008 0.991127 -0.130162
1693922948.999789 -52.524806 -30.535119 -11.119550 0.025976 -0.008127 0.989348 -0.143004
1693922949.101032 -52.544439 -30.354943 -11.124966 0.027915 -0.008226 0.986614 -0.160456
1693922949.300396 -52.606589 -30.010929 -11.131648 0.026500 -0.002691 0.982372 -0.185031
1693922949.400057 -52.652733 -29.803927 -11.135368 0.026066 0.007684 0.981293 -0.190593
1693922949.601035 -52.707765 -29.469485 -11.169286 0.027779 0.009455 0.978084 -0.206135
1693922949.700035 -52.758722 -29.298548 -11.191131 0.028285 0.009609 0.975177 -0.219404
1693922949.801047 -52.803582 -29.123462 -11.200642 0.029095 0.010864 0.974539 -0.222057
1693922949.900924 -52.849980 -28.942284 -11.216652 0.032646 0.019533 0.973599 -0.225074
1693922949.999712 -52.925172 -28.753366 -11.219125 0.030151 0.021835 0.970454 -0.238397
1693922950.200951 -53.025134 -28.416942 -11.196174 0.031443 0.043700 0.963875 -0.260857
1693922950.301144 -53.087778 -28.240874 -11.163729 0.034550 0.048774 0.959876 -0.273983
1693922950.401012 -53.155750 -28.088242 -11.168771 0.035554 0.049149 0.956770 -0.284451
1693922950.500981 -53.226318 -27.941555 -11.160532 0.035017 0.044771 0.954371 -0.293165
1693922950.600074 -53.288181 -27.805560 -11.178372 0.032296 0.041778 0.952931 -0.298554
1693922950.700969 -53.365635 -27.668098 -11.170887 0.035297 0.037160 0.948101 -0.313811
1693922950.800990 -53.434986 -27.534578 -11.199046 0.026416 0.025637 0.945354 -0.323961
1693922950.900573 -53.517576 -27.423972 -11.225263 0.028362 0.016502 0.942042 -0.333886
1693922951.001053 -53.582502 -27.304704 -11.265300 0.034836 0.001721 0.935154 -0.352519
1693922951.101064 -53.668578 -27.186197 -11.276963 0.031187 -0.008173 0.919757 -0.391163
1693922951.199847 -53.755820 -27.076596 -11.273440 0.030497 -0.009689 0.913416 -0.405767
1693922951.302249 -53.854795 -26.949591 -11.290717 0.023213 -0.009987 0.908393 -0.417353
1693922951.500123 -54.049958 -26.693876 -11.268778 0.022908 -0.001873 0.887252 -0.460712
1693922951.600986 -54.154388 -26.584501 -11.258647 0.020270 -0.000919 0.876282 -0.481371
1693922951.700009 -54.267217 -26.481074 -11.252996 0.021197 -0.001927 0.866202 -0.499240
1693922951.800036 -54.386972 -26.383620 -11.247299 -0.022811 0.000892 -0.855765 0.516861
1693922951.899961 -54.509612 -26.289963 -11.235446 -0.022123 -0.000483 -0.845850 0.532961
1693922951.999765 -54.628966 -26.207127 -11.226207 -0.019637 -0.001439 -0.836566 0.547512
1693922952.100127 -54.768230 -26.112157 -11.226361 -0.019285 -0.002703 -0.823369 0.567172
1693922952.300172 -55.020025 -25.966067 -11.224180 -0.018544 -0.001142 -0.807193 0.589995
1693922952.399670 -55.149533 -25.889792 -11.224441 -0.019998 -0.003379 -0.797427 0.603075
1693922952.500031 -55.295769 -25.820554 -11.226337 -0.019721 -0.004981 -0.785840 0.618096
1693922952.600092 -55.442325 -25.755502 -11.225060 -0.017891 -0.004396 -0.776665 0.629645
1693922952.700186 -55.597664 -25.693781 -11.223782 -0.018637 -0.005339 -0.768365 0.639718
1693922952.800029 -55.757392 -25.629873 -11.219893 -0.019119 -0.008584 -0.757846 0.652096
1693922952.900995 -55.914359 -25.579055 -11.217207 -0.019309 -0.004919 -0.749635 0.661552
1693922953.000039 -56.070279 -25.538843 -11.212955 -0.019370 -0.007197 -0.743151 0.668804
1693922953.100047 -56.229647 -25.492139 -11.201288 -0.023987 -0.009300 -0.736461 0.675990
1693922953.199728 -56.387849 -25.453732 -11.208224 -0.017842 -0.007295 -0.727061 0.686302
1693922953.300095 -56.542272 -25.414989 -11.203293 -0.018274 -0.009016 -0.725430 0.687994
1693922953.400049 -56.702048 -25.380949 -11.206269 -0.018135 -0.008470 -0.718102 0.695650
1693922953.499732 -56.869525 -25.349749 -11.210043 -0.017203 -0.006968 -0.712817 0.701105
1693922953.600262 -57.034698 -25.321897 -11.212694 -0.014249 -0.006483 -0.705850 0.708189
1693922953.700130 -57.192267 -25.300332 -11.214689 -0.015864 -0.008197 -0.699902 0.714015
1693922953.801111 -57.354776 -25.278835 -11.211652 -0.016746 -0.008357 -0.692069 0.721589
1693922953.900181 -57.518757 -25.257657 -11.213586 -0.014470 -0.008634 -0.685970 0.727435
1693922954.000135 -57.675861 -25.251238 -11.204678 -0.015495 -0.009430 -0.680824 0.732223
1693922954.099838 -57.841791 -25.244177 -11.202323 -0.014206 -0.009855 -0.675054 0.737566
1693922954.200190 -58.000490 -25.233333 -11.203505 -0.013454 -0.008877 -0.672731 0.739712
1693922954.300066 -58.162117 -25.228267 -11.201907 -0.012733 -0.009116 -0.670789 0.741483
1693922954.401196 -58.334603 -25.221481 -11.200704 -0.011897 -0.008647 -0.669568 0.742605
1693922954.501161 -58.503648 -25.217520 -11.190022 -0.013407 -0.008855 -0.669430 0.742702
1693922954.601117 -58.667392 -25.213329 -11.187262 -0.014983 -0.008311 -0.667285 0.744606
1693922954.700048 -58.830811 -25.211834 -11.189653 -0.014467 -0.010692 -0.665945 0.745784
1693922954.800174 -58.996478 -25.205501 -11.189553 -0.016621 -0.010055 -0.662083 0.749179
1693922954.899634 -59.163359 -25.194697 -11.188547 -0.015762 -0.013272 -0.653145 0.756953
1693922954.999893 -59.329898 -25.192433 -11.182821 -0.016435 -0.011711 -0.645682 0.763340
1693922955.100146 -59.497248 -25.191155 -11.179575 -0.015224 -0.013849 -0.638486 0.769358
1693922955.400137 -59.996203 -25.212121 -11.173634 -0.015714 -0.013274 -0.625976 0.779571
1693922955.500135 -60.164780 -25.224802 -11.169095 -0.016192 -0.012286 -0.624447 0.780803
1693922955.600149 -60.332100 -25.236698 -11.165286 -0.015948 -0.012044 -0.622414 0.782433
1693922955.700448 -60.500539 -25.251604 -11.162667 -0.016825 -0.012192 -0.619770 0.784509
1693922955.800208 -60.665127 -25.263028 -11.159148 -0.017481 -0.013203 -0.618037 0.785843
1693922955.900262 -60.831469 -25.274335 -11.162135 -0.016191 -0.014819 -0.616172 0.787306
1693922955.999720 -60.999943 -25.290278 -11.154548 -0.016531 -0.013688 -0.614424 0.788684
1693922956.100110 -61.165425 -25.308984 -11.156029 -0.017695 -0.013307 -0.613915 0.789061
1693922956.199810 -61.334194 -25.322339 -11.160515 -0.017490 -0.013563 -0.612110 0.790463
1693922956.299712 -61.504737 -25.344404 -11.157621 -0.016336 -0.014359 -0.613007 0.789778
1693922956.400260 -61.670793 -25.364823 -11.157322 -0.017583 -0.012170 -0.613508 0.789399
1693922956.499845 -61.842433 -25.385537 -11.152017 -0.016143 -0.014774 -0.613674 0.789256
1693922956.599932 -62.010554 -25.405381 -11.150932 -0.016445 -0.015301 -0.614481 0.788612
1693922956.700169 -62.185447 -25.418995 -11.150310 -0.015615 -0.015498 -0.613876 0.789096
1693922956.800082 -62.354743 -25.436941 -11.149634 -0.017000 -0.014779 -0.614171 0.788852
1693922956.899796 -62.513781 -25.455095 -11.151669 -0.018119 -0.013857 -0.614458 0.788619
1693922957.000211 -62.684470 -25.476568 -11.153655 -0.019050 -0.012856 -0.615320 0.787942
1693922957.099838 -62.858689 -25.493702 -11.154864 -0.018549 -0.013499 -0.616060 0.787365
1693922957.199785 -63.031443 -25.506651 -11.155438 -0.018862 -0.014070 -0.614467 0.788591
1693922957.300168 -63.195961 -25.519673 -11.159159 -0.019028 -0.015197 -0.616886 0.786675
1693922957.400289 -63.367487 -25.540702 -11.159393 -0.021210 -0.016683 -0.616245 0.787092
1693922957.499731 -63.531134 -25.562826 -11.163407 -0.019375 -0.016865 -0.618989 0.784979
1693922957.600226 -63.708954 -25.578780 -11.155950 -0.020293 -0.017224 -0.620510 0.783747
1693922957.700125 -63.876967 -25.589578 -11.153204 -0.015944 -0.021034 -0.621822 0.782714
1693922957.799728 -64.053134 -25.602124 -11.149742 -0.015344 -0.022190 -0.622849 0.781877
1693922957.900225 -64.218341 -25.619390 -11.148032 -0.013705 -0.023476 -0.623930 0.781007
1693922957.999618 -64.378417 -25.626654 -11.150080 -0.016157 -0.018984 -0.626629 0.778919
1693922958.099653 -64.549963 -25.644879 -11.157180 -0.019726 -0.019614 -0.625339 0.779857
1693922958.199777 -64.707343 -25.661003 -11.158346 -0.019655 -0.017645 -0.627721 0.777990
1693922958.299767 -64.873402 -25.672746 -11.160616 -0.020711 -0.016278 -0.629059 0.776911
1693922958.399837 -65.039412 -25.686859 -11.164530 -0.021888 -0.015250 -0.629034 0.776920
1693922958.500246 -65.201067 -25.699994 -11.167945 -0.020832 -0.015100 -0.630994 0.775361
1693922958.599983 -65.370369 -25.711591 -11.169131 -0.020876 -0.015208 -0.631207 0.775185
1693922958.699852 -65.539828 -25.713969 -11.169500 -0.020103 -0.014496 -0.631969 0.774597
1693922958.799863 -65.733946 -25.733611 -11.168514 -0.021268 -0.016541 -0.632832 0.773820
1693922958.999804 -66.012901 -25.745586 -11.174521 -0.020177 -0.016778 -0.635199 0.771902
1693922959.100280 -66.172801 -25.756304 -11.171933 -0.018769 -0.016533 -0.636928 0.770518
1693922959.199661 -66.334553 -25.766380 -11.172240 -0.018320 -0.017723 -0.637876 0.769717
1693922959.299856 -66.493095 -25.775362 -11.172647 -0.020375 -0.016512 -0.637951 0.769630
1693922959.399762 -66.651337 -25.779242 -11.173025 -0.019298 -0.017971 -0.636222 0.771055
1693922959.500198 -66.818645 -25.787693 -11.174403 -0.017344 -0.016098 -0.636558 0.770865
1693922959.599618 -66.982447 -25.793820 -11.170139 -0.018973 -0.017402 -0.635898 0.771344
1693922959.699764 -67.151677 -25.809619 -11.166669 -0.017766 -0.018645 -0.632722 0.773951
1693922959.799986 -67.323184 -25.820442 -11.169401 -0.018134 -0.018216 -0.631568 0.774895
1693922959.899876 -67.525233 -25.827900 -11.170469 -0.017564 -0.020246 -0.628118 0.777656
1693922960.100277 -67.813608 -25.846119 -11.182280 -0.019971 -0.018020 -0.626844 0.778680
1693922960.199944 -67.975876 -25.859875 -11.180908 -0.019053 -0.020224 -0.624843 0.780256
1693922960.299877 -68.138698 -25.868280 -11.187731 -0.018924 -0.019102 -0.624915 0.780229
1693922960.399699 -68.301507 -25.894376 -11.185273 -0.021321 -0.021295 -0.624068 0.780788
1693922960.500434 -68.477494 -25.899019 -11.197434 -0.017094 -0.018469 -0.625306 0.779974
1693922960.600248 -68.648554 -25.901442 -11.203566 -0.019264 -0.013278 -0.626987 0.778678
1693922960.699546 -68.812060 -25.915369 -11.210220 -0.018070 -0.020786 -0.623073 0.781679
1693922960.799772 -68.984462 -25.926033 -11.215530 -0.019778 -0.016605 -0.622327 0.782332
1693922960.899809 -69.141603 -25.939599 -11.224343 -0.013529 -0.019204 -0.626419 0.779133
1693922960.999860 -69.308860 -25.947895 -11.224641 -0.020844 -0.017232 -0.628015 0.777732
1693922961.099756 -69.488478 -25.962830 -11.227469 -0.020447 -0.018358 -0.626742 0.778742
1693922961.300225 -69.754731 -25.972897 -11.244460 -0.025171 -0.020095 -0.630414 0.775591
1693922961.400518 -69.920668 -25.988984 -11.247391 -0.020604 -0.018506 -0.625261 0.779924
1693922961.500136 -70.079259 -26.007241 -11.254482 -0.015759 -0.012528 -0.628606 0.777463
1693922961.599843 -70.244509 -26.032859 -11.228040 -0.019105 -0.016663 -0.638951 0.768830
1693922961.699726 -70.398545 -26.034940 -11.225823 -0.021366 -0.014911 -0.634874 0.772177
1693922961.799914 -70.576068 -26.058860 -11.211496 -0.017696 -0.017384 -0.633550 0.773304
1693922961.899799 -70.738882 -26.061980 -11.195737 -0.022930 -0.019045 -0.640437 0.767432
1693922961.999796 -70.901134 -26.063159 -11.195558 -0.018095 -0.025488 -0.636586 0.770572
1693922962.099873 -71.067548 -26.067328 -11.211091 -0.015663 -0.015612 -0.632394 0.774331
1693922962.199873 -71.236495 -26.080233 -11.206353 -0.015629 -0.020356 -0.647387 0.761730
1693922962.299822 -71.393334 -26.095044 -11.207633 -0.020270 -0.015582 -0.648249 0.760999
1693922962.399821 -71.555330 -26.100433 -11.207143 -0.018932 -0.019190 -0.640743 0.767282
1693922962.500482 -71.728145 -26.108334 -11.205210 -0.024717 -0.015098 -0.639832 0.767969
1693922962.599715 -71.891080 -26.102769 -11.202502 -0.020996 -0.021997 -0.641277 0.766706
1693922962.699922 -72.068024 -26.119185 -11.197423 -0.021803 -0.020119 -0.641795 0.766302
1693922962.799813 -72.233167 -26.117559 -11.195291 -0.014138 -0.015885 -0.644354 0.764432
1693922962.899687 -72.395199 -26.135373 -11.192986 -0.019680 -0.016687 -0.649637 0.759806
1693922962.999907 -72.563098 -26.127505 -11.198519 -0.016790 -0.015477 -0.645484 0.763432
1693922963.099617 -72.736586 -26.135832 -11.198556 -0.023953 -0.014938 -0.647875 0.761223
1693922963.199839 -72.911611 -26.129803 -11.202767 -0.020459 -0.021151 -0.646670 0.762202
1693922963.299614 -73.092662 -26.139351 -11.204249 -0.019584 -0.018229 -0.645113 0.763618
1693922963.399724 -73.305943 -26.151337 -11.214443 -0.016325 -0.018232 -0.652366 0.757509
1693922963.599871 -73.593144 -26.156998 -11.216032 -0.016060 -0.017479 -0.651007 0.758700
1693922963.699667 -73.750786 -26.160358 -11.208599 -0.016860 -0.017710 -0.653959 0.756135
1693922963.799622 -73.916729 -26.149355 -11.215423 -0.019492 -0.024625 -0.650899 0.758515
1693922963.899756 -74.091294 -26.150729 -11.218560 -0.017474 -0.022437 -0.645809 0.762970
1693922963.999631 -74.259055 -26.157950 -11.216315 -0.017611 -0.019327 -0.654398 0.755698
1693922964.099635 -74.453697 -26.155119 -11.217096 -0.016725 -0.021606 -0.660114 0.750668
1693922964.299837 -74.763987 -26.167043 -11.216076 -0.014228 -0.021029 -0.659777 0.751032
1693922964.399910 -74.923847 -26.152085 -11.227650 -0.018387 -0.016961 -0.661571 0.749465
1693922964.500170 -75.096735 -26.147784 -11.230380 -0.016467 -0.023699 -0.654356 0.755636
1693922964.599919 -75.262986 -26.150327 -11.231605 -0.016581 -0.018346 -0.656740 0.753711
1693922964.699872 -75.437247 -26.157649 -11.229280 -0.012847 -0.020739 -0.660083 0.750796
1693922964.799653 -75.604451 -26.148629 -11.239667 -0.017531 -0.016580 -0.655591 0.754731
1693922964.899947 -75.769152 -26.150290 -11.241911 -0.013990 -0.021005 -0.649012 0.760359
1693922964.999887 -75.935254 -26.150153 -11.240689 -0.019240 -0.014630 -0.648786 0.760587
1693922965.100227 -76.103893 -26.146730 -11.244361 -0.016262 -0.025248 -0.642852 0.765401
1693922965.199930 -76.271512 -26.159965 -11.232043 -0.021132 -0.020518 -0.633885 0.772867
1693922965.299896 -76.431670 -26.170467 -11.235828 -0.016151 -0.020538 -0.637553 0.769963
1693922965.399820 -76.598484 -26.180376 -11.235748 -0.019279 -0.018278 -0.642156 0.766114
1693922965.500261 -76.759597 -26.187823 -11.237431 -0.019069 -0.018766 -0.638595 0.769078
1693922965.599842 -76.930432 -26.191455 -11.234780 -0.017300 -0.017684 -0.641279 0.766909
1693922965.699854 -77.089393 -26.194178 -11.243136 -0.018502 -0.018906 -0.639734 0.768141
1693922965.799922 -77.263219 -26.203403 -11.238922 -0.020498 -0.021961 -0.636316 0.770843
1693922965.899787 -77.414948 -26.212253 -11.237454 -0.013956 -0.023498 -0.642056 0.766171
1693922965.999852 -77.562291 -26.220485 -11.230010 -0.007521 -0.023788 -0.646551 0.762462
1693922966.099990 -77.690387 -26.224695 -11.231180 -0.009511 -0.022773 -0.646209 0.762762
1693922966.199867 -77.811603 -26.222375 -11.235552 -0.008738 -0.026205 -0.643273 0.765139
1693922966.299837 -77.921867 -26.228149 -11.231258 -0.008604 -0.025284 -0.647676 0.761447
1693922966.399547 -78.011664 -26.236125 -11.233557 -0.011541 -0.024792 -0.648143 0.761028
1693922966.500373 -78.097386 -26.233524 -11.239263 -0.011116 -0.030004 -0.643230 0.765004
1693922966.599782 -78.172592 -26.228660 -11.234930 -0.008447 -0.029767 -0.642669 0.765519
1693922966.699963 -78.230392 -26.232597 -11.236832 -0.009064 -0.030843 -0.647089 0.761736
1693922966.799624 -78.286535 -26.237410 -11.235878 -0.009426 -0.027670 -0.649097 0.760144
1693922966.899732 -78.323293 -26.241368 -11.235211 -0.007959 -0.027720 -0.650999 0.758530
1693922966.999826 -78.354285 -26.244101 -11.233657 -0.007165 -0.027560 -0.652287 0.757437
1693922967.099841 -78.369803 -26.243969 -11.228656 -0.007542 -0.027255 -0.652783 0.757017
1693922967.199824 -78.373042 -26.244921 -11.222666 -0.006930 -0.028105 -0.652879 0.756909
1693922967.299616 -78.372362 -26.245899 -11.219214 -0.009277 -0.025788 -0.652698 0.757122
1693922967.399853 -78.356235 -26.246838 -11.222439 -0.014255 -0.020346 -0.651890 0.757907
1693922967.499755 -78.333633 -26.247197 -11.231458 -0.017854 -0.016618 -0.651190 0.758522
1693922967.600011 -78.322969 -26.246589 -11.235654 -0.017728 -0.018021 -0.651462 0.758260
1693922967.699825 -78.316702 -26.245700 -11.238611 -0.018086 -0.017713 -0.651127 0.758546
1693922967.799781 -78.318544 -26.248162 -11.236781 -0.017302 -0.018846 -0.651480 0.758234
1693922967.899901 -78.320563 -26.249038 -11.236327 -0.016164 -0.019821 -0.651529 0.758192
1693922968.000447 -78.321652 -26.248630 -11.236641 -0.015505 -0.019673 -0.651382 0.758337
1693922968.100302 -78.323016 -26.248657 -11.234444 -0.015035 -0.019818 -0.651387 0.758337
1693922968.199866 -78.318917 -26.248525 -11.236790 -0.015732 -0.018662 -0.651281 0.758444
1693922968.399611 -78.320394 -26.245930 -11.240333 -0.017012 -0.018975 -0.651393 0.758313
1693922968.499871 -78.320668 -26.245356 -11.241074 -0.017334 -0.019370 -0.651281 0.758392
1693922968.599977 -78.321921 -26.244134 -11.239816 -0.016837 -0.019464 -0.651455 0.758250
1693922968.799790 -78.327260 -26.244409 -11.235796 -0.016401 -0.018701 -0.651376 0.758348
1693922968.899902 -78.329063 -26.244957 -11.234589 -0.016189 -0.019070 -0.651476 0.758257
1693922968.999676 -78.335029 -26.246922 -11.235582 -0.015453 -0.019205 -0.651511 0.758239
1693922969.099957 -78.337947 -26.245460 -11.240246 -0.015108 -0.020725 -0.651405 0.758296
1693922969.199721 -78.334094 -26.248195 -11.251236 -0.015744 -0.021238 -0.651203 0.758443
1693922969.300534 -78.327771 -26.251440 -11.271553 -0.017383 -0.021107 -0.651344 0.758290
1693922969.399929 -78.321176 -26.254312 -11.309431 -0.019847 -0.018942 -0.650896 0.758671
1693922969.499717 -78.319216 -26.256663 -11.357219 -0.021436 -0.019131 -0.651069 0.758475
1693922969.599889 -78.319601 -26.258443 -11.375397 -0.023264 -0.019954 -0.650653 0.758756
1693922969.699713 -78.320333 -26.255826 -11.389864 -0.026020 -0.018963 -0.650327 0.758972
1693922969.800426 -78.318114 -26.250797 -11.400881 -0.026270 -0.020722 -0.649966 0.759227
1693922969.899853 -78.315209 -26.244084 -11.410076 -0.024572 -0.019961 -0.649130 0.760018
1693922969.999929 -78.312393 -26.237938 -11.418419 -0.024578 -0.018897 -0.648272 0.760778
1693922970.100065 -78.308647 -26.229446 -11.425774 -0.028965 -0.017650 -0.648664 0.760319
1693922970.399958 -78.288927 -26.203424 -11.444434 -0.027788 -0.017390 -0.649160 0.759945
1693922970.599868 -78.266506 -26.187654 -11.457587 -0.024024 -0.004838 -0.649520 0.759950
1693922970.699961 -78.255377 -26.177509 -11.462828 -0.022544 -0.008578 -0.649569 0.759920
1693922970.799889 -78.242821 -26.167231 -11.468031 -0.022732 -0.012367 -0.650165 0.759353
1693922970.900108 -78.229476 -26.155238 -11.473589 -0.021650 -0.013379 -0.649786 0.759691
1693922971.000452 -78.213309 -26.143694 -11.479150 -0.023064 -0.016733 -0.649114 0.760157
1693922971.099895 -78.198820 -26.130456 -11.484391 -0.022458 -0.016509 -0.648652 0.760575
1693922971.199775 -78.185263 -26.118206 -11.488455 -0.021171 -0.021361 -0.649226 0.760001
1693922971.300010 -78.169877 -26.106458 -11.493537 -0.019222 -0.015693 -0.649522 0.759938
1693922971.499861 -78.136701 -26.080415 -11.501062 -0.018549 -0.015364 -0.650011 0.759543
1693922971.599975 -78.119575 -26.066885 -11.504165 -0.018295 -0.016202 -0.649958 0.759577
1693922971.699763 -78.102529 -26.054150 -11.506915 -0.018253 -0.016633 -0.650285 0.759289
1693922971.800031 -78.084560 -26.041191 -11.509746 -0.017272 -0.016731 -0.650229 0.759358
1693922971.900518 -78.066614 -26.027789 -11.512621 -0.017630 -0.015926 -0.650205 0.759387
1693922971.999922 -78.051208 -26.014108 -11.515193 -0.018418 -0.015123 -0.650059 0.759510
1693922972.200016 -78.033886 -25.985808 -11.518950 -0.018946 -0.015171 -0.649764 0.759748
1693922972.299789 -78.034009 -25.971384 -11.520542 -0.020491 -0.014709 -0.649142 0.760249
1693922972.399885 -78.044294 -25.959879 -11.520804 -0.019882 -0.015198 -0.649429 0.760011
1693922972.500226 -78.062290 -25.949755 -11.521490 -0.018317 -0.013884 -0.651289 0.758482
1693922972.599903 -78.088175 -25.935547 -11.522125 -0.017223 -0.014076 -0.651450 0.758366
1693922972.700060 -78.124160 -25.921414 -11.523263 -0.019546 -0.012211 -0.652353 0.757565
1693922972.799779 -78.172258 -25.906166 -11.525067 -0.018398 -0.013214 -0.652632 0.757336
1693922972.899984 -78.229258 -25.884964 -11.528232 -0.021193 -0.015184 -0.649159 0.760206
1693922972.999876 -78.300225 -25.869900 -11.529700 -0.019827 -0.015522 -0.647176 0.761925
1693922973.100120 -78.377304 -25.856340 -11.532293 -0.020054 -0.015340 -0.648234 0.761022
1693922973.200056 -78.460246 -25.844159 -11.535087 -0.020373 -0.013846 -0.648873 0.760498
1693922973.299827 -78.554634 -25.827528 -11.536639 -0.021016 -0.011850 -0.649391 0.760072
1693922973.400201 -78.660988 -25.811469 -11.537590 -0.022385 -0.013299 -0.646614 0.762373
1693922973.499954 -78.776229 -25.804363 -11.539223 -0.021789 -0.013421 -0.646269 0.762680
1693922973.599802 -78.900559 -25.790685 -11.539050 -0.021826 -0.014986 -0.647253 0.761815
1693922973.700000 -79.036313 -25.779051 -11.539738 -0.016558 -0.013883 -0.642637 0.765866
1693922973.800052 -79.172290 -25.763949 -11.542694 -0.019376 -0.013786 -0.639252 0.768630
1693922973.900105 -79.318807 -25.755760 -11.543910 -0.014561 -0.017029 -0.637351 0.770248
1693922974.100075 -79.621903 -25.738732 -11.543704 -0.016594 -0.020666 -0.638688 0.769009
1693922974.200122 -79.779038 -25.736591 -11.545139 -0.012054 -0.017575 -0.639893 0.768168
1693922974.299605 -79.937335 -25.731057 -11.544853 -0.014283 -0.018194 -0.645553 0.763365
1693922974.700109 -80.580698 -25.682029 -11.543508 -0.014289 -0.023894 -0.636548 0.770734
1693922974.799863 -80.739928 -25.670854 -11.544266 -0.016207 -0.025050 -0.621829 0.782584
1693922974.900071 -80.895322 -25.673979 -11.543381 -0.015001 -0.018477 -0.615161 0.788042
1693922974.999977 -81.052575 -25.674495 -11.545704 -0.011554 -0.016275 -0.613217 0.789662
1693922975.099939 -81.211800 -25.678614 -11.545842 -0.013501 -0.021427 -0.603620 0.796870
1693922975.200099 -81.370414 -25.684869 -11.548576 -0.014898 -0.019787 -0.603042 0.797325
1693922975.299992 -81.540427 -25.687883 -11.546001 -0.015497 -0.026974 -0.601941 0.797935
1693922975.400143 -81.701942 -25.703231 -11.547713 -0.013168 -0.023867 -0.599812 0.799677
1693922975.500128 -81.863650 -25.727776 -11.547205 -0.007261 -0.014028 -0.607584 0.794098
1693922975.599797 -82.022699 -25.735081 -11.550468 -0.008570 -0.022599 -0.616282 0.787155
1693922975.700122 -82.185717 -25.741306 -11.550856 -0.013130 -0.019041 -0.608414 0.793283
1693922975.800080 -82.345616 -25.747798 -11.551644 -0.013686 -0.016842 -0.609906 0.792177
1693922975.900017 -82.515369 -25.749008 -11.550037 -0.017347 -0.024265 -0.610091 0.791770
1693922976.000064 -82.680182 -25.762122 -11.552382 -0.015736 -0.021168 -0.608879 0.792824
1693922976.100224 -82.845149 -25.779376 -11.550345 -0.011484 -0.016124 -0.615110 0.788193
1693922976.200050 -83.010913 -25.782711 -11.552374 -0.014171 -0.020459 -0.617538 0.786147
1693922976.400237 -83.348190 -25.794525 -11.552085 -0.015318 -0.017582 -0.618417 0.785504
1693922976.500181 -83.529358 -25.790438 -11.549758 -0.016612 -0.028098 -0.616572 0.786622
1693922976.700145 -83.866307 -25.820665 -11.553225 -0.014854 -0.016847 -0.625124 0.780202
1693922976.900176 -84.209993 -25.833472 -11.556273 -0.016949 -0.020022 -0.640557 0.767462
1693922977.000158 -84.380222 -25.839928 -11.556965 -0.014084 -0.015982 -0.655819 0.754617
1693922977.100057 -84.557085 -25.839878 -11.556230 -0.014820 -0.021870 -0.670178 0.741730
1693922977.199920 -84.722968 -25.847379 -11.556931 -0.008818 -0.020476 -0.691383 0.722145
1693922977.300101 -84.887639 -25.845309 -11.555330 -0.007334 -0.018186 -0.714780 0.699074
1693922977.400118 -85.045203 -25.830426 -11.554506 -0.007931 -0.018208 -0.736477 0.676171
1693922977.500112 -85.193462 -25.803467 -11.555503 -0.010254 -0.016165 -0.756197 0.654064
1693922977.600155 -85.339705 -25.768842 -11.555552 -0.013937 -0.011989 -0.773354 0.633708
1693922977.700097 -85.487593 -25.726855 -11.553426 -0.014832 -0.012501 -0.792286 0.609841
1693922977.800230 -85.633901 -25.676024 -11.548033 -0.015209 -0.014929 -0.809498 0.586735
1693922977.900189 -85.778504 -25.623946 -11.543627 -0.014568 -0.012775 -0.826263 0.562951
1693922978.000113 -85.921692 -25.564518 -11.540872 -0.015875 -0.010364 -0.842288 0.538695
1693922978.100101 -86.058613 -25.496038 -11.538949 -0.014214 -0.010094 -0.854541 0.519091
1693922978.200250 -86.190382 -25.418844 -11.537476 -0.017332 -0.008982 -0.863521 0.503935
1693922978.300061 -86.321161 -25.340250 -11.537409 0.020537 0.003841 0.872459 -0.488241
1693922978.400107 -86.453311 -25.255179 -11.537390 0.020655 0.004404 0.880577 -0.473432
1693922978.600224 -86.714936 -25.066961 -11.540786 0.024489 0.000514 0.897493 -0.440348
1693922978.700258 -86.845177 -24.963050 -11.540396 0.021276 0.001512 0.905267 -0.424307
1693922978.800241 -86.977117 -24.863225 -11.538809 0.020854 -0.003091 0.915009 -0.402882
1693922978.900232 -87.103277 -24.768826 -11.541513 0.015038 -0.011178 0.925598 -0.378045
1693922979.300397 -87.550503 -24.365684 -11.539180 0.011056 -0.038398 0.948036 -0.315643
1693922979.400242 -87.662833 -24.250208 -11.526404 -0.002785 -0.042996 0.953282 -0.298993
1693922979.500138 -87.758012 -24.109887 -11.507301 0.000126 -0.030891 0.955403 -0.293684
1693922979.600182 -87.856206 -23.978128 -11.493795 -0.001684 -0.022818 0.957467 -0.287635
1693922979.700472 -87.945469 -23.850572 -11.482146 -0.002209 -0.028857 0.963943 -0.264532
1693922979.800146 -88.022045 -23.724148 -11.473290 0.002075 -0.029557 0.966903 -0.253418
1693922979.900104 -88.094453 -23.606540 -11.468404 0.002335 -0.037137 0.970103 -0.239823
1693922979.999607 -88.157659 -23.485323 -11.460735 0.008262 -0.044658 0.974222 -0.220974
1693922980.100144 -88.221150 -23.354391 -11.450031 0.011776 -0.045851 0.977341 -0.206308
1693922980.200113 -88.282236 -23.218460 -11.437396 0.013491 -0.042439 0.981750 -0.184890
1693922980.300233 -88.348937 -23.083773 -11.425076 0.012372 -0.043837 0.984349 -0.170240
1693922980.400155 -88.415182 -22.940104 -11.409977 0.003921 -0.037778 0.989219 -0.141432
1693922980.500231 -88.466464 -22.794048 -11.396362 0.003176 -0.031873 0.991557 -0.125650
1693922980.599546 -88.509120 -22.655227 -11.385692 0.001994 -0.028691 0.992053 -0.122491
1693922980.699698 -88.547863 -22.515356 -11.376382 -0.000489 -0.036424 0.992795 -0.114153
1693922980.799577 -88.574584 -22.372162 -11.365144 0.001150 -0.028141 0.993147 -0.113424
1693922980.900266 -88.597494 -22.224803 -11.351706 0.005541 -0.032459 0.992249 -0.119828
1693922981.000187 -88.624636 -22.074356 -11.339151 0.007556 -0.033410 0.992579 -0.116680
1693922981.100314 -88.658094 -21.924990 -11.328344 0.005283 -0.033117 0.992943 -0.113754
1693922981.200292 -88.689473 -21.770829 -11.317890 0.005297 -0.026648 0.993424 -0.111221
1693922981.300452 -88.718002 -21.612638 -11.305045 0.007938 -0.025443 0.992936 -0.115615
1693922981.400280 -88.755854 -21.455635 -11.294773 0.003093 -0.020815 0.993732 -0.109791
1693922981.500293 -88.786535 -21.296073 -11.285492 -0.000861 -0.009925 0.994717 -0.102168
1693922981.700377 -88.844653 -20.976338 -11.276378 0.000239 -0.009036 0.994132 -0.107796
1693922981.799703 -88.866814 -20.818616 -11.269599 0.000073 0.005916 0.993432 -0.114272
1693922981.900182 -88.885685 -20.666049 -11.263440 0.004303 0.005804 0.993001 -0.117885
1693922982.000339 -88.915401 -20.529456 -11.262699 0.005553 0.002566 0.992325 -0.123504
1693922982.100184 -88.951770 -20.400429 -11.262508 -0.003333 -0.005563 0.993245 -0.115859
1693922982.200269 -88.978988 -20.263626 -11.257191 -0.000958 -0.002838 0.993048 -0.117668
1693922982.300207 -89.000924 -20.128732 -11.254586 -0.004452 0.000415 0.991731 -0.128259
1693922982.400554 -89.031114 -19.994134 -11.251372 -0.003335 0.000282 0.991208 -0.132273
1693922982.499846 -89.072468 -19.865472 -11.248408 -0.009232 0.003164 0.991397 -0.130526
1693922982.600523 -89.112978 -19.736879 -11.242637 -0.014384 0.011405 0.990770 -0.134305
1693922982.700305 -89.152139 -19.619102 -11.235909 -0.019908 0.016191 0.989594 -0.141578
1693922982.800223 -89.184811 -19.523415 -11.232395 -0.021928 0.017747 0.988894 -0.145920
1693922982.900185 -89.208673 -19.435269 -11.229985 -0.019715 0.014182 0.987548 -0.155432
1693922983.100272 -89.258059 -19.284167 -11.223428 -0.019699 0.014260 0.985182 -0.169778
1693922983.200221 -89.286148 -19.225121 -11.221029 -0.020845 0.012565 0.984721 -0.172429
1693922983.300384 -89.310041 -19.173268 -11.217845 -0.023901 0.014126 0.984760 -0.171688
1693922983.399903 -89.327627 -19.131379 -11.214395 -0.023463 0.013767 0.984123 -0.175393
1693922983.500362 -89.342524 -19.096848 -11.210775 -0.025290 0.014041 0.983839 -0.176701
1693922983.600476 -89.351957 -19.070251 -11.206751 -0.023614 0.014505 0.983408 -0.179277
1693922983.700358 -89.359574 -19.052442 -11.201669 -0.024400 0.016007 0.983191 -0.180236
1693922983.800269 -89.363909 -19.044139 -11.196033 -0.024565 0.016264 0.982816 -0.182224
1693922983.899558 -89.365408 -19.043714 -11.189679 -0.023133 0.016862 0.982715 -0.182897
1693922984.000359 -89.363427 -19.051407 -11.182797 -0.022895 0.017720 0.982473 -0.184142
1693922984.200417 -89.351065 -19.093765 -11.173311 -0.023473 0.005419 0.981891 -0.187910
1693922984.300310 -89.346452 -19.106724 -11.165023 -0.024081 0.004978 0.981895 -0.187822
1693922984.400302 -89.339430 -19.113257 -11.157420 -0.024206 0.005813 0.981901 -0.187751
1693922984.500197 -89.338507 -19.117346 -11.141445 -0.023830 0.005222 0.981810 -0.188291
1693922984.599691 -89.337188 -19.120329 -11.129146 -0.023825 0.005207 0.981693 -0.188902
1693922984.700452 -89.336442 -19.127247 -11.110854 -0.024496 0.004540 0.981586 -0.189389
1693922984.800290 -89.339501 -19.127458 -11.103768 -0.027389 0.005265 0.981529 -0.189267
1693922984.999637 -89.343808 -19.119092 -11.108477 -0.029215 0.005977 0.981369 -0.189803
1693922985.100376 -89.344762 -19.121726 -11.106657 -0.029014 0.006012 0.981283 -0.190277
1693922985.200288 -89.343343 -19.123065 -11.110704 -0.029381 0.006059 0.981323 -0.190013
1693922985.300317 -89.342825 -19.125239 -11.109815 -0.029178 0.005606 0.981300 -0.190178
1693922985.400455 -89.343146 -19.128761 -11.110508 -0.028995 0.005295 0.981283 -0.190304
1693922985.500057 -89.343478 -19.132053 -11.112670 -0.028954 0.005913 0.981251 -0.190453
1693922985.600485 -89.343127 -19.136039 -11.119718 -0.028773 0.006113 0.981287 -0.190289
1693922985.700350 -89.342300 -19.142810 -11.125539 -0.028269 0.006744 0.981336 -0.190092
1693922985.800317 -89.341786 -19.149761 -11.137172 -0.028386 0.005906 0.981271 -0.190440
1693922985.900444 -89.340124 -19.162014 -11.153428 -0.027819 0.005368 0.981021 -0.191820
1693922985.999969 -89.341546 -19.169483 -11.179854 -0.027974 0.005049 0.981441 -0.189644
1693922986.100326 -89.341714 -19.178140 -11.215858 -0.027376 0.004912 0.982182 -0.185861
1693922986.400307 -89.364150 -19.162566 -11.189770 -0.027332 -0.001086 0.991136 -0.130006
1693922986.600474 -89.385817 -19.102236 -11.154434 -0.026010 -0.005061 0.995787 -0.087789
1693922986.700351 -89.394989 -19.053667 -11.141692 -0.026800 -0.008593 0.997354 -0.067034
1693922986.800433 -89.399235 -18.998522 -11.128100 -0.027509 -0.009916 0.998186 -0.052636
1693922986.900504 -89.401507 -18.932415 -11.126416 -0.026990 -0.011750 0.998670 -0.042340
1693922987.000380 -89.401715 -18.847131 -11.125882 -0.027934 -0.011203 0.999145 -0.028347
1693922987.199859 -89.397308 -18.702697 -11.134956 -0.029184 -0.011144 0.999366 -0.017075
1693922987.300383 -89.387595 -18.615908 -11.123272 -0.028067 -0.008619 0.999493 -0.012329
1693922987.400475 -89.374130 -18.517737 -11.118976 -0.026489 -0.007432 0.999531 -0.013480
1693922987.500458 -89.359696 -18.410009 -11.116068 -0.025122 -0.005302 0.999578 -0.013576
1693922987.600547 -89.343928 -18.300244 -11.095439 -0.022973 -0.005560 0.999580 -0.016763
1693922987.700139 -89.327679 -18.172384 -11.092151 -0.022224 -0.004763 0.999532 -0.020467
1693922987.800602 -89.307140 -18.044257 -11.081551 -0.019561 -0.005495 0.999518 -0.023472
1693922987.900450 -89.287805 -17.900693 -11.079845 -0.015693 -0.002942 0.999500 -0.027306
1693922988.000439 -89.274484 -17.735975 -11.090153 -0.014605 0.004553 0.999472 -0.028653
1693922988.100530 -89.261907 -17.559618 -11.106249 -0.014255 0.010146 0.999473 -0.027344
1693922988.200417 -89.246740 -17.383034 -11.128541 -0.012693 0.010715 0.999435 -0.029203
1693922988.300400 -89.226315 -17.213821 -11.158701 -0.007324 0.008063 0.999336 -0.034777
1693922988.400591 -89.214286 -17.029819 -11.192538 -0.010035 0.015710 0.999239 -0.034276
1693922988.500413 -89.198506 -16.844072 -11.227821 -0.005541 0.012956 0.999411 -0.031282
1693922988.600554 -89.178424 -16.646323 -11.236980 -0.001903 0.018175 0.999243 -0.034347
1693922988.700468 -89.165655 -16.446008 -11.243549 -0.003825 0.021003 0.999203 -0.033729
1693922988.800406 -89.141836 -16.259129 -11.244736 0.001214 0.019226 0.999446 -0.027127
1693922988.900472 -89.114557 -16.077124 -11.239830 0.007602 0.020946 0.999143 -0.034874
1693922988.999827 -89.086099 -15.902000 -11.228843 0.015434 0.021351 0.998719 -0.043202
1693922989.100441 -89.064700 -15.730484 -11.221261 0.019993 0.020561 0.998139 -0.053814
1693922989.199619 -89.053496 -15.566904 -11.215285 0.021445 0.018499 0.997419 -0.065976
1693922989.300562 -89.046139 -15.407674 -11.217740 0.022726 0.012884 0.997239 -0.069513
1693922989.400457 -89.034860 -15.250542 -11.221447 0.025612 0.008911 0.996668 -0.076921
1693922989.500046 -89.032609 -15.097458 -11.227245 0.026462 0.009570 0.995782 -0.087334
1693922989.599630 -89.039914 -14.938450 -11.234581 0.024308 0.002300 0.995262 -0.094119
1693922989.700491 -89.048475 -14.774394 -11.251053 0.024357 0.005133 0.994831 -0.098448
1693922989.800410 -89.049960 -14.600704 -11.262530 0.023712 0.005028 0.993944 -0.107184
1693922989.900509 -89.059198 -14.434004 -11.282150 0.023965 0.000613 0.993108 -0.114721
1693922989.999749 -89.068807 -14.241908 -11.287057 0.036594 0.010168 0.990437 -0.132635
1693922990.100444 -89.101625 -14.089042 -11.289990 0.028321 0.003968 0.989165 -0.143996
1693922990.200094 -89.126441 -13.911275 -11.290730 0.024141 0.010689 0.990377 -0.135853
1693922990.300479 -89.148471 -13.707070 -11.306430 0.032772 0.005008 0.989760 -0.138840
1693922990.599868 -89.215441 -13.200359 -11.320966 0.031635 0.008159 0.979500 -0.198778
1693922990.700557 -89.260946 -13.049339 -11.327952 0.020436 0.003115 0.976855 -0.212901
1693922990.800574 -89.301650 -12.907566 -11.328684 0.020196 -0.002251 0.975823 -0.217618
1693922990.899685 -89.357831 -12.766935 -11.324625 0.021034 0.002132 0.969248 -0.245174
1693922990.999961 -89.416051 -12.628176 -11.304472 0.019397 0.003545 0.961372 -0.274544
1693922991.100582 -89.477164 -12.485337 -11.281365 0.018252 0.002720 0.958182 -0.285564
1693922991.199882 -89.542358 -12.342902 -11.260926 0.020863 0.009783 0.952549 -0.303511
1693922991.300484 -89.609568 -12.210662 -11.252178 0.017338 0.002567 0.946400 -0.322522
1693922991.400578 -89.691290 -12.085404 -11.245264 0.014207 0.001046 0.941184 -0.337594
1693922991.500529 -89.791773 -11.956035 -11.256392 0.013017 -0.001445 0.937750 -0.347064
1693922991.700701 -89.915583 -11.693885 -11.267131 0.018777 0.007901 0.929684 -0.367794
1693922991.801756 -90.017413 -11.542214 -11.272646 0.010205 0.011938 0.919198 -0.393483
1693922991.900720 -90.111260 -11.408427 -11.284689 0.010060 0.016293 0.920177 -0.391034
1693922991.999723 -90.271227 -11.255346 -11.292531 0.005714 0.013298 0.912104 -0.409704
1693922992.200643 -90.421227 -11.044767 -11.295837 0.004079 0.010225 0.908066 -0.418683
1693922992.300620 -90.534632 -10.918526 -11.288970 0.006129 0.006786 0.901427 -0.432834
1693922992.400361 -90.640981 -10.804522 -11.298029 0.006276 0.002981 0.896481 -0.443028
1693922992.800515 -91.135649 -10.322212 -11.318513 0.010538 0.009990 0.873919 -0.485855
1693922993.000532 -91.384928 -10.098068 -11.317487 -0.013554 -0.011930 -0.859216 0.511295
1693922993.199985 -91.587127 -9.912779 -11.319194 -0.011025 -0.011989 -0.851441 0.524197
1693922993.300456 -91.725147 -9.820437 -11.325971 -0.017764 -0.017764 -0.846813 0.531298
1693922993.400494 -91.850207 -9.737136 -11.321009 -0.016974 -0.008457 -0.838504 0.544565
1693922993.500467 -91.985685 -9.648897 -11.324073 -0.015524 -0.014253 -0.833051 0.552794
1693922993.600442 -92.128428 -9.565735 -11.327479 -0.012324 -0.013665 -0.825608 0.563944
1693922993.700608 -92.277928 -9.487385 -11.313325 -0.012987 -0.012165 -0.822884 0.567931
1693922993.800628 -92.417559 -9.392950 -11.323923 -0.019046 -0.020379 -0.815987 0.577397
1693922993.900574 -92.558451 -9.326245 -11.331427 -0.013336 -0.010048 -0.798195 0.602168
1693922994.000663 -92.700545 -9.254305 -11.321832 -0.016722 -0.012215 -0.794254 0.607233
1693922994.100431 -92.846567 -9.182514 -11.325178 -0.015966 -0.009381 -0.787584 0.615929
1693922994.200061 -93.000848 -9.117186 -11.326675 -0.017536 -0.008223 -0.783575 0.620995
1693922994.299643 -93.142013 -9.033257 -11.329719 -0.024484 -0.014750 -0.773487 0.633167
1693922994.400497 -93.303694 -8.957869 -11.317568 -0.024558 -0.016065 -0.752829 0.657562
1693922994.500066 -93.457431 -8.907105 -11.315786 -0.022031 -0.016409 -0.745742 0.665668
1693922994.599946 -93.616397 -8.864857 -11.326315 -0.019079 -0.012557 -0.742202 0.669787
1693922994.700686 -93.779906 -8.825420 -11.322953 -0.015489 -0.014370 -0.738165 0.674290
1693922994.800646 -93.928508 -8.772307 -11.321535 -0.022372 -0.018211 -0.732250 0.680425
1693922994.900475 -94.086576 -8.719326 -11.314306 -0.024748 -0.020986 -0.713488 0.699915
1693922994.999766 -94.265737 -8.700903 -11.316851 -0.015206 -0.022780 -0.707984 0.705697
1693922995.100589 -94.438014 -8.663950 -11.311696 -0.017744 -0.027732 -0.705585 0.707860
1693922995.200600 -94.598772 -8.636807 -11.311932 -0.016102 -0.023980 -0.694710 0.718709
1693922995.300521 -94.777588 -8.624878 -11.312217 -0.010942 -0.024736 -0.691047 0.722303
1693922995.400561 -94.936007 -8.587617 -11.315335 -0.016381 -0.021664 -0.683327 0.729607
1693922995.500530 -95.098410 -8.574979 -11.323013 -0.021833 -0.031488 -0.675008 0.736815
1693922995.599663 -95.270153 -8.581589 -11.331588 -0.016008 -0.024141 -0.665315 0.746001
1693922995.700584 -95.451357 -8.582404 -11.341148 -0.015761 -0.029676 -0.663854 0.747107
1693922995.799818 -95.611492 -8.589794 -11.345464 -0.016951 -0.025683 -0.660613 0.750096
1693922995.900660 -95.774892 -8.600985 -11.354573 -0.011734 -0.026630 -0.663489 0.747620
1693922996.000546 -95.927488 -8.595164 -11.356773 -0.016764 -0.021843 -0.665241 0.746121
1693922996.099811 -96.093771 -8.595932 -11.357341 -0.016210 -0.022033 -0.664363 0.746909
1693922996.200502 -96.263674 -8.587210 -11.349483 -0.020443 -0.025824 -0.664659 0.746421
1693922996.300573 -96.423667 -8.588130 -11.348808 -0.019831 -0.024958 -0.662948 0.747987
1693922996.399785 -96.587608 -8.589692 -11.351161 -0.016663 -0.026177 -0.666164 0.745159
1693922996.699920 -97.054149 -8.567766 -11.362884 -0.020497 -0.023275 -0.675828 0.736406
1693922996.800729 -97.223366 -8.563848 -11.372878 -0.022642 -0.020929 -0.674016 0.738073
1693922996.900564 -97.381475 -8.537367 -11.377184 -0.021493 -0.024656 -0.672271 0.739582
1693922996.999805 -97.549200 -8.541361 -11.386737 -0.025900 -0.020756 -0.677527 0.734749
1693922997.100516 -97.705270 -8.518548 -11.396937 -0.022703 -0.021738 -0.677573 0.734784
1693922997.200450 -97.874581 -8.527765 -11.409733 -0.019245 -0.020828 -0.680966 0.731766
1693922997.500504 -98.335589 -8.472597 -11.417141 -0.020139 -0.023752 -0.680360 0.732216
1693922997.600646 -98.505407 -8.471016 -11.419704 -0.019930 -0.017741 -0.681995 0.730870
1693922997.701181 -98.656060 -8.461062 -11.403876 -0.023617 -0.021917 -0.683422 0.729312
1693922997.800201 -98.819935 -8.447159 -11.383772 -0.022365 -0.017881 -0.680945 0.731775
1693922997.900680 -99.002055 -8.439485 -11.390689 -0.021919 -0.021127 -0.687863 0.725202
1693922998.000556 -99.136042 -8.421122 -11.401850 -0.024756 -0.021086 -0.684041 0.728718
1693922998.100484 -99.295764 -8.413890 -11.429912 -0.021727 -0.024013 -0.680861 0.731697
1693922998.200622 -99.446506 -8.397191 -11.448979 -0.023524 -0.019083 -0.683299 0.729510
1693922998.300551 -99.613614 -8.384416 -11.452927 -0.023519 -0.021670 -0.687520 0.725460
1693922998.400624 -99.779342 -8.367206 -11.458713 -0.024496 -0.020697 -0.686715 0.726219
1693922998.500003 -99.923693 -8.357462 -11.465204 -0.019509 -0.022967 -0.687286 0.725761
1693922998.600630 -100.119863 -8.345470 -11.451218 -0.018888 -0.027487 -0.695139 0.718101
1693922998.700735 -100.307132 -8.331776 -11.448366 -0.020871 -0.028031 -0.692227 0.720834
1693922998.800685 -100.512545 -8.322753 -11.448809 -0.018524 -0.033548 -0.690265 0.722541
1693922999.200556 -101.082598 -8.256971 -11.456208 -0.018017 -0.034062 -0.700133 0.712972
1693922999.300554 -101.251563 -8.247343 -11.466679 -0.020287 -0.031090 -0.705855 0.707383
1693922999.399623 -101.414648 -8.227320 -11.447828 -0.021544 -0.034364 -0.708715 0.704328
1693922999.500653 -101.552512 -8.232631 -11.432282 -0.025733 -0.026119 -0.710878 0.702359
1693922999.600512 -101.691008 -8.221641 -11.439938 -0.026279 -0.025648 -0.727557 0.685064
1693922999.700042 -101.855136 -8.203876 -11.447008 -0.024949 -0.023973 -0.738305 0.673579
1693922999.800764 -102.030725 -8.172860 -11.451034 -0.017094 -0.029096 -0.752009 0.658288
1693922999.901092 -102.214300 -8.132236 -11.454836 -0.016752 -0.027607 -0.761800 0.647007
1693923000.000033 -102.396331 -8.079054 -11.458119 -0.016370 -0.030687 -0.768789 0.638556
1693923000.100820 -102.591862 -8.030525 -11.468464 -0.010559 -0.018014 -0.779015 0.626658
1693923000.200766 -102.784081 -7.977097 -11.494424 -0.012434 -0.017225 -0.798757 0.601279
1693923000.600788 -103.257545 -7.742194 -11.492088 -0.022383 -0.011925 -0.814666 0.579376
1693923000.700644 -103.387392 -7.671670 -11.482271 -0.025755 -0.005575 -0.822131 0.568687
1693923000.800683 -103.518967 -7.588663 -11.502388 -0.029936 -0.005708 -0.829907 0.557069
1693923000.900242 -103.650813 -7.504946 -11.484931 -0.033093 -0.005617 -0.832884 0.552429
1693923001.000646 -103.797654 -7.417788 -11.520185 -0.038623 -0.002893 -0.834198 0.550103
1693923001.100599 -103.955133 -7.339141 -11.510095 -0.034642 -0.007389 -0.841052 0.539793
1693923001.299903 -104.210122 -7.152580 -11.491137 -0.034023 -0.007440 -0.849707 0.526104
1693923001.400617 -104.348814 -7.062003 -11.483888 -0.032991 -0.006026 -0.853503 0.520007
1693923001.500810 -104.490012 -6.965068 -11.490966 -0.033936 -0.005229 -0.856709 0.514656
1693923001.600687 -104.618209 -6.862704 -11.481758 -0.033616 -0.005481 -0.858788 0.511198
1693923001.700620 -104.749485 -6.767353 -11.479683 -0.034164 -0.005549 -0.862940 0.504119
1693923001.800719 -104.886132 -6.667769 -11.478990 0.034423 0.006018 0.865781 -0.499202
1693923001.900608 -105.017853 -6.563761 -11.471946 0.033529 0.005173 0.869817 -0.492206
1693923002.000607 -105.149463 -6.459666 -11.479823 0.033759 0.005315 0.873089 -0.486363
1693923002.299866 -105.533873 -6.137439 -11.484862 0.032413 0.006274 0.883147 -0.467933
1693923002.400166 -105.654991 -6.028100 -11.474389 0.031690 0.006320 0.887538 -0.459600
1693923002.500660 -105.779102 -5.913217 -11.475023 0.032026 0.005895 0.891713 -0.451429
1693923002.600651 -105.905627 -5.795094 -11.478357 0.031724 0.005708 0.896200 -0.442477
1693923002.700764 -106.025566 -5.674160 -11.478353 0.031811 0.005466 0.901084 -0.432442
1693923002.799807 -106.149460 -5.547444 -11.472845 0.031259 0.005359 0.905917 -0.422266
1693923002.900337 -106.322689 -5.399982 -11.465688 0.030181 0.006167 0.914156 -0.404191
1693923003.200008 -106.643697 -4.997773 -11.462910 0.028747 0.006888 0.926317 -0.375584
1693923003.400896 -106.799114 -4.783713 -11.473286 0.025561 0.002688 0.930600 -0.365133
1693923003.500621 -106.892095 -4.652846 -11.459322 0.026274 0.006166 0.934678 -0.354469
1693923003.600797 -107.015076 -4.514834 -11.477958 0.021914 0.004568 0.940275 -0.339678
1693923003.800816 -107.202568 -4.228675 -11.477369 0.019899 0.005096 0.948358 -0.316537
1693923004.000844 -107.348147 -3.968054 -11.492420 0.017792 0.002595 0.953133 -0.302018
1693923004.099986 -107.422846 -3.831804 -11.499827 0.018434 0.000161 0.956806 -0.290142
1693923004.199841 -107.490904 -3.687198 -11.500331 0.019468 0.000306 0.959520 -0.280966
1693923004.300752 -107.564482 -3.539597 -11.507031 0.019478 -0.000204 0.962152 -0.271817
1693923004.399940 -107.645543 -3.401997 -11.517679 0.019043 0.000109 0.965353 -0.260252
1693923004.500784 -107.711109 -3.250661 -11.521334 0.018423 -0.000092 0.967993 -0.250302
1693923004.600114 -107.776299 -3.102713 -11.524357 0.018639 -0.001564 0.970610 -0.239929
1693923004.700708 -107.836917 -2.951073 -11.520425 0.019976 -0.000306 0.973107 -0.229485
1693923004.800841 -107.893235 -2.794114 -11.520501 0.020230 -0.000985 0.975072 -0.220964
1693923004.900571 -107.944403 -2.640210 -11.521613 0.020646 -0.000585 0.977142 -0.211581
1693923005.000230 -108.004921 -2.479595 -11.524701 0.019204 -0.001803 0.979484 -0.200594
1693923005.200724 -108.078592 -2.182516 -11.524920 0.020073 -0.001905 0.982554 -0.184881
1693923005.300128 -108.115312 -2.029478 -11.521317 0.020556 -0.000814 0.983839 -0.177872
1693923005.400599 -108.149745 -1.875195 -11.519616 0.019342 -0.000371 0.985380 -0.169268
1693923005.500911 -108.179997 -1.711429 -11.514926 0.020682 0.000007 0.986490 -0.162510
1693923005.600538 -108.210390 -1.554520 -11.515459 0.020290 -0.001108 0.987166 -0.158398
1693923005.700032 -108.245112 -1.384071 -11.511574 0.020472 -0.000596 0.987771 -0.154558
1693923005.800974 -108.289095 -1.196937 -11.506005 0.021461 0.000077 0.988190 -0.151722
1693923006.100913 -108.363259 -0.736553 -11.509437 0.021956 -0.001254 0.988613 -0.148866
1693923006.200783 -108.381750 -0.586242 -11.507759 0.021996 -0.001201 0.988756 -0.147905
1693923006.300048 -108.402862 -0.433282 -11.495839 0.021700 0.000339 0.988864 -0.147234
1693923006.600731 -108.485022 0.024031 -11.488606 0.021128 0.009507 0.989206 -0.144690
1693923006.700806 -108.508910 0.159510 -11.473202 0.020756 0.016185 0.989396 -0.142840
1693923006.800750 -108.527677 0.268581 -11.472367 0.020645 0.013438 0.989543 -0.142116
1693923006.899552 -108.543642 0.368175 -11.475029 0.020521 0.014129 0.989613 -0.141582
1693923007.000831 -108.558323 0.459596 -11.478603 0.019386 0.013824 0.990039 -0.138764
1693923007.099692 -108.572051 0.536583 -11.480813 0.019467 0.013024 0.990517 -0.135380
1693923007.200252 -108.577427 0.594359 -11.483040 0.019957 0.013337 0.990588 -0.134760
1693923007.300817 -108.581166 0.629052 -11.493630 0.019369 0.012397 0.990762 -0.133650
1693923007.400760 -108.584706 0.654984 -11.498368 0.020429 0.012334 0.990761 -0.133507
1693923007.600835 -108.578131 0.646899 -11.515899 0.020271 0.009630 0.990921 -0.132557
1693923007.699588 -108.572766 0.619651 -11.525785 0.020404 0.001753 0.990756 -0.134100
1693923007.801019 -108.570819 0.597257 -11.526988 0.021209 -0.004549 0.990564 -0.135322
1693923008.000796 -108.571030 0.592930 -11.526141 0.021551 -0.004984 0.990488 -0.135810
1693923008.100411 -108.569243 0.595290 -11.526129 0.021654 -0.002794 0.990469 -0.135996
1693923008.200902 -108.570098 0.600640 -11.523609 0.020844 -0.001717 0.990521 -0.135757
1693923008.300043 -108.571557 0.606249 -11.521594 0.020164 -0.000526 0.990559 -0.135593
1693923008.399963 -108.571914 0.608605 -11.520250 0.019895 -0.001628 0.990562 -0.135605
1693923008.499887 -108.572744 0.608352 -11.519735 0.019913 -0.002591 0.990535 -0.135785
1693923008.700096 -108.570109 0.606373 -11.513934 0.020094 -0.002415 0.990551 -0.135640
1693923008.800877 -108.570907 0.606245 -11.513709 0.020340 -0.002234 0.990526 -0.135791
1693923008.900287 -108.570215 0.604021 -11.512414 0.020317 -0.002250 0.990569 -0.135479
1693923009.001052 -108.569654 0.602206 -11.510715 0.020372 -0.002103 0.990553 -0.135590
1693923009.100893 -108.573662 0.601057 -11.514304 0.020858 -0.002205 0.990534 -0.135653
1693923009.200047 -108.573814 0.599423 -11.515081 0.021088 -0.001762 0.990528 -0.135672
1693923009.300977 -108.572892 0.601724 -11.520728 0.021209 -0.001762 0.990526 -0.135666
1693923009.400910 -108.575847 0.604772 -11.527366 0.021411 -0.001908 0.990513 -0.135727
1693923009.500284 -108.574148 0.604145 -11.528735 0.021491 -0.001758 0.990523 -0.135642
1693923009.601061 -108.572234 0.605727 -11.524929 0.021515 -0.001858 0.990514 -0.135705
1693923009.701030 -108.572189 0.603883 -11.526574 0.021596 -0.001686 0.990511 -0.135714
1693923009.800982 -108.570510 0.604621 -11.527556 0.021247 -0.001785 0.990501 -0.135845
1693923009.899963 -108.570358 0.609595 -11.529664 0.021112 -0.002136 0.990494 -0.135910
1693923010.000944 -108.576108 0.608260 -11.543786 0.021405 -0.001914 0.990500 -0.135826
1693923010.100456 -108.580292 0.610730 -11.555554 0.021077 -0.002035 0.990559 -0.135439
