timestamp_us,x_m,y_m,z_m,yaw_rad
1693922456400213,-91.0591,-8.6758,-11.3381,-1.37595
1693922456499845,-91.058,-8.6737,-11.3398,-1.37642
1693922456599809,-91.0571,-8.6717,-11.3426,-1.37655
1693922456699658,-91.0548,-8.6696,-11.3433,-1.3766
1693922456799810,-91.054,-8.6709,-11.3429,-1.37666
1693922456899957,-91.0532,-8.6706,-11.344,-1.37665
1693922456999938,-91.0528,-8.6694,-11.3444,-1.37669
1693922457099903,-91.0535,-8.6694,-11.3449,-1.37672
1693922457199564,-91.0536,-8.6688,-11.3458,-1.37673
1693922457299808,-91.0536,-8.6682,-11.3464,-1.37675
1693922457399825,-91.0535,-8.6684,-11.3469,-1.37684
1693922457499967,-91.0542,-8.6683,-11.3469,-1.37694
1693922457599843,-91.0536,-8.6679,-11.3475,-1.37694
1693922457699590,-91.0532,-8.6674,-11.348,-1.37697
1693922457800108,-91.0529,-8.6676,-11.3476,-1.3769
1693922457899780,-91.0514,-8.6674,-11.3476,-1.37696
1693922457999918,-91.0492,-8.6675,-11.3475,-1.37701
1693922458099829,-91.0484,-8.6676,-11.3474,-1.37708
1693922458199886,-91.0473,-8.6673,-11.3477,-1.37715
1693922458300480,-91.0462,-8.6675,-11.3475,-1.37718
1693922458600343,-91.0178,-8.6616,-11.3421,-1.38555
1693922458699956,-91.0455,-8.6611,-11.3518,-1.36876
1693922458799995,-91.0386,-8.6568,-11.347,-1.366
1693922459000410,-91.06,-8.6616,-11.3547,-1.36066
1693922459100206,-91.0628,-8.657,-11.346,-1.37083
1693922459200309,-91.0982,-8.6698,-11.3458,-1.36699
1693922459499884,-91.1635,-8.6704,-11.3512,-1.36331
1693922459599682,-91.2204,-8.6766,-11.3612,-1.37196
1693922459699898,-91.2836,-8.6816,-11.3512,-1.36517
1693922459800415,-91.3486,-8.6812,-11.3585,-1.36991
1693922459900287,-91.4385,-8.6926,-11.3664,-1.37488
1693922459999962,-91.5696,-8.7025,-11.3648,-1.37791
1693922460200384,-91.7293,-8.7057,-11.3703,-1.3784
1693922460300309,-91.8451,-8.7024,-11.3656,-1.36812
1693922460399920,-91.9476,-8.711,-11.3831,-1.36605
1693922460799768,-92.5505,-8.7452,-11.3742,-1.39216
1693922460900266,-92.7507,-8.7579,-11.3899,-1.39754
1693922461099909,-93.0336,-8.766,-11.3965,-1.37035
1693922461199880,-93.1648,-8.7701,-11.4013,-1.38517
1693922461299906,-93.3715,-8.7854,-11.3874,-1.3942
1693922461399781,-93.5192,-8.8156,-11.3833,-1.39143
1693922461499998,-93.7841,-8.8088,-11.397,-1.39649
1693922461699989,-94.1312,-8.8162,-11.3981,-1.39841
1693922461900005,-94.4052,-8.8302,-11.3823,-1.38404
1693922461999958,-94.5763,-8.8384,-11.4067,-1.40334
1693922462699997,-95.8022,-8.8648,-11.4261,-1.33206
1693922462899833,-96.0462,-8.8376,-11.4474,-1.46808
1693922463199890,-96.5734,-8.8548,-11.4462,-1.2813
1693922463300447,-96.7115,-8.8571,-11.4534,-1.40506
1693922463399892,-96.8997,-8.889,-11.4653,-1.35873
1693922463499887,-97.0529,-8.8942,-11.455,-1.36176
1693922463600411,-97.2169,-8.9096,-11.4625,-1.36972
1693922463700069,-97.3966,-8.9327,-11.4851,-1.37527
1693922463799948,-97.5585,-8.9403,-11.4774,-1.38785
1693922463899900,-97.719,-8.9581,-11.4988,-1.38443
1693922463999931,-97.892,-8.9478,-11.4863,-1.38291
1693922464099757,-98.1249,-8.9567,-11.484,-1.39113
1693922464299989,-98.3976,-8.9849,-11.4882,-1.39508
1693922464400155,-98.5635,-8.9849,-11.4881,-1.38695
1693922464499846,-98.7236,-8.9922,-11.4829,-1.39759
1693922464599907,-98.8879,-8.9977,-11.5028,-1.3973
1693922464899885,-99.4548,-8.9952,-11.5084,-1.41667
1693922465099974,-99.7962,-9.0332,-11.4978,-1.40196
1693922465300034,-100.1331,-9.031,-11.4995,-1.41494
1693922465500139,-100.3782,-9.0227,-11.5046,-1.43309
1693922465599945,-100.56,-9.0345,-11.4987,-1.43692
1693922465700192,-100.7207,-9.0534,-11.5111,-1.45987
1693922465800240,-100.8907,-9.0522,-11.5102,-1.47457
1693922465899896,-101.0575,-9.0564,-11.5232,-1.49929
1693922466000079,-101.2382,-9.0231,-11.5235,-1.52495
1693922466099835,-101.3889,-8.9861,-11.5348,-1.54798
1693922466199969,-101.582,-8.9964,-11.529,-1.57341
1693922466300121,-101.7346,-8.9603,-11.5273,-1.5994
1693922466400048,-101.9114,-8.9581,-11.5525,-1.62668
1693922466500487,-102.0591,-8.9016,-11.5531,-1.64779
1693922466600256,-102.2322,-8.8975,-11.5455,-1.68137
1693922466700024,-102.3996,-8.8233,-11.5579,-1.6946
1693922466800047,-102.6348,-8.7815,-11.5667,-1.73301
1693922466999987,-102.9455,-8.6752,-11.6011,-1.7977
1693922467200541,-103.1681,-8.5942,-11.6074,-1.81873
1693922467300177,-103.3115,-8.5698,-11.5987,-1.85372
1693922467400101,-103.4173,-8.5265,-11.6128,-1.88717
1693922467500185,-103.563,-8.4364,-11.6236,-1.89917
1693922467600141,-103.6891,-8.3538,-11.595,-1.91455
1693922467699875,-103.8342,-8.2964,-11.6058,-1.95903
1693922467800066,-103.9958,-8.1996,-11.591,-1.97576
1693922467900044,-104.1523,-8.1159,-11.5523,-1.99978
1693922467999993,-104.2829,-8.0165,-11.5893,-2.01687
1693922468100111,-104.4294,-7.916,-11.5765,-2.03329
1693922468200012,-104.5646,-7.8284,-11.5671,-2.05114
1693922468300025,-104.6796,-7.7306,-11.5871,-2.06626
1693922468400206,-104.8384,-7.6281,-11.5765,-2.08763
1693922468700276,-105.2385,-7.3211,-11.5504,-2.19926
1693922468800025,-105.3487,-7.2371,-11.5569,-2.15094
1693922468900181,-105.5259,-7.0454,-11.5574,-2.20136
1693922469100154,-105.7359,-6.8562,-11.5527,-2.24832
1693922469200164,-105.8406,-6.7352,-11.5456,-2.24895
1693922469299983,-105.9703,-6.6265,-11.5184,-2.2793
1693922469400174,-106.081,-6.5027,-11.5307,-2.29968
1693922469500034,-106.2317,-6.3234,-11.5302,-2.33327
1693922469700173,-106.3946,-6.1084,-11.5218,-2.38687
1693922469800162,-106.4841,-5.9711,-11.5263,-2.37756
1693922469900225,-106.597,-5.8342,-11.5104,-2.4075
1693922469999981,-106.6842,-5.7224,-11.5266,-2.42468
1693922470100041,-106.7964,-5.5621,-11.5237,-2.45736
1693922470200209,-106.8735,-5.4045,-11.5013,-2.46553
1693922470300142,-106.9514,-5.2693,-11.4988,-2.48937
1693922470400223,-107.0626,-5.1128,-11.5178,-2.50486
1693922470500342,-107.1315,-4.9748,-11.5041,-2.52059
1693922470800244,-107.3608,-4.5216,-11.5085,-2.63738
1693922470900155,-107.4257,-4.3899,-11.525,-2.56589
1693922470999606,-107.4983,-4.1956,-11.5272,-2.61143
1693922471100499,-107.5603,-4.0468,-11.5126,-2.62268
1693922471200089,-107.6215,-3.9032,-11.5252,-2.64368
1693922471300199,-107.6978,-3.7422,-11.534,-2.66066
1693922471400264,-107.7539,-3.5024,-11.5321,-2.6866
1693922471599994,-107.8424,-3.2593,-11.5167,-2.75536
1693922471700019,-107.8876,-3.1045,-11.516,-2.73092
1693922471800202,-107.9333,-2.9238,-11.5401,-2.75843
1693922471900420,-107.967,-2.763,-11.5138,-2.7743
1693922472300376,-108.0794,-2.1329,-11.5116,-2.93306
1693922472400003,-108.1239,-1.9465,-11.5421,-2.81781
1693922472500354,-108.1372,-1.7989,-11.5256,-2.91331
1693922472600311,-108.1587,-1.6377,-11.5111,-2.83832
1693922472700256,-108.1809,-1.4508,-11.5326,-2.85774
1693922472800263,-108.2116,-1.2232,-11.5155,-2.85853
1693922473000273,-108.243,-0.9566,-11.5318,-2.89133
1693922473100236,-108.2597,-0.7987,-11.5212,-2.85993
1693922473200093,-108.2749,-0.648,-11.511,-2.86638
1693922473300222,-108.3058,-0.4646,-11.5253,-2.86916
1693922473400164,-108.3227,-0.3151,-11.5168,-2.86857
1693922473500148,-108.3374,-0.1499,-11.5105,-2.87001
1693922473600144,-108.3507,0.017,-11.5211,-2.87641
1693922473700461,-108.3761,0.2547,-11.5093,-2.87509
1693922474100342,-108.4489,0.8479,-11.5074,-2.93568
1693922474200428,-108.4645,1.0146,-11.5124,-2.9039
1693922474300195,-108.4791,1.1816,-11.5056,-2.94644
1693922474400425,-108.4772,1.3354,-11.501,-2.89634
1693922474500201,-108.499,1.5047,-11.5121,-2.88872
1693922474600333,-108.5205,1.6681,-11.5056,-2.89521
1693922474900476,-108.5494,2.168,-11.5057,-2.95146
1693922474999696,-108.5625,2.3282,-11.5065,-2.94716
1693922475099580,-108.5854,2.4909,-11.5049,-2.91922
1693922475200202,-108.6035,2.6612,-11.5135,-2.93132
1693922475300547,-108.6104,2.8239,-11.4997,-2.93768
1693922475400445,-108.6168,2.9872,-11.4968,-2.94436
1693922475500367,-108.6208,3.1629,-11.4968,-2.94839
1693922475600293,-108.6303,3.3213,-11.4987,-2.95692
1693922475700315,-108.6385,3.4959,-11.508,-2.96183
1693922475800237,-108.6416,3.6649,-11.5023,-2.96859
1693922475900316,-108.6385,3.8215,-11.4895,-2.97187
1693922476000340,-108.6428,3.9852,-11.4961,-2.97728
1693922476100231,-108.6533,4.1586,-11.5073,-2.98131
1693922476200292,-108.6433,4.2944,-11.4975,-2.99177
1693922476300317,-108.6554,4.4761,-11.5092,-2.99659
1693922476400382,-108.6497,4.634,-11.5087,-3.00622
1693922476700474,-108.6402,5.1467,-11.5093,-3.04629
1693922476800317,-108.6356,5.2986,-11.505,-3.04142
1693922477100400,-108.6199,5.8029,-11.5081,-3.04152
1693922477200310,-108.6247,5.9548,-11.5031,-3.03241
1693922477300419,-108.6056,6.2805,-11.5082,-3.0367
1693922477600178,-108.6046,6.6465,-11.5117,-2.98943
1693922477700379,-108.6028,6.8017,-11.5087,-2.99688
1693922477800316,-108.5981,6.9747,-11.5059,-2.99978
1693922478100388,-108.5998,7.4556,-11.5005,-2.98573
1693922478200444,-108.6156,7.6224,-11.5041,-2.97495
1693922478300540,-108.6211,7.8078,-11.5025,-2.99571
1693922478600478,-108.6358,8.3093,-11.5002,-2.98097
1693922478700397,-108.6502,8.4735,-11.4994,-2.97648
1693922478800483,-108.6351,8.6457,-11.5099,-2.99388
1693922478899802,-108.6488,8.8827,-11.5084,-2.99077
1693922479100257,-108.6498,9.16,-11.5127,-2.99632
1693922479200528,-108.6714,9.3163,-11.5076,-2.98063
1693922479300417,-108.6565,9.4897,-11.506,-2.9975
1693922479400359,-108.6577,9.6535,-11.5128,-2.99233
1693922479500525,-108.6721,9.8178,-11.5223,-2.99744
1693922479800452,-108.6728,10.3286,-11.52,-3.01334
1693922480100469,-108.6838,10.9025,-11.5173,-2.97484
1693922480300532,-108.6714,11.1682,-11.5088,-3.02176
1693922480400427,-108.6813,11.3253,-11.5316,-3.00048
1693922480499982,-108.6736,11.7826,-11.517,-3.03239
1693922481200442,-108.6675,12.6525,-11.5044,-3.03895
1693922481300064,-108.6509,12.7736,-11.5275,-3.00358
1693922481400490,-108.6571,12.9351,-11.5235,-3.05416
1693922481900488,-108.645,13.4526,-11.527,-2.99166
1693922482000528,-108.6425,13.5894,-11.5092,-3.01239
1693922482299793,-108.646,13.7224,-11.529,-3.02281
1693922482400627,-108.6425,13.7669,-11.5117,-2.99954
1693922482500508,-108.6485,13.7893,-11.5157,-3.02278
1693922482600440,-108.6444,13.8084,-11.5159,-3.01846
1693922482700574,-108.6515,13.8231,-11.516,-3.02291
1693922483000526,-108.6526,13.7822,-11.5407,-3.01163
1693922483400524,-108.6623,13.7951,-11.5214,-2.99239
1693922483500548,-108.6593,13.7834,-11.53,-3.00586
1693922483900629,-108.641,13.7833,-11.5361,-3.02734
1693922484000527,-108.6585,13.8046,-11.5789,-2.99137
1693922484100552,-108.6773,13.7633,-11.5602,-3.02555
1693922484300613,-108.7125,13.7564,-11.7928,-3.0122
1693922484400707,-108.7433,13.7307,-11.7854,-3.01529
1693922484499599,-108.7095,13.7366,-11.6046,-3.01992
1693922484600571,-108.6827,13.757,-11.561,-3.01058
1693922484700562,-108.6779,13.7976,-11.6808,-3.00016
1693922484800639,-108.4954,13.4699,-12.7932,-2.1225
1693922485000467,-108.4919,13.3312,-12.8869,0.88969
1693922485600536,-108.4891,13.3785,-12.8737,1.06904
1693922486200641,-108.4899,13.3786,-12.8717,1.62466
1693922486300619,-108.4913,13.3787,-12.8703,1.41194
1693922486400634,-108.49,13.3788,-12.87,1.08784
1693922486500637,-108.4903,13.3791,-12.8698,1.30144
1693922486800593,-108.4908,13.379,-12.8697,1.32661
1693922486900698,-108.4909,13.3789,-12.8682,1.35919
1693922487000457,-108.4908,13.3792,-12.8684,1.2842
1693922487300647,-108.4875,13.3789,-12.8678,-0.21421
1693922487400586,-108.4876,13.3783,-12.8678,0.50472
1693922487600668,-108.4872,13.3784,-12.868,0.29241
1693922487900727,-108.4878,13.3788,-12.8673,0.47345
1693922488000590,-108.4879,13.3791,-12.8674,0.27743
1693922488300572,-108.4873,13.3781,-12.868,0.32918
1693922488399559,-108.4877,13.3784,-12.8667,0.32984
1693922488500599,-108.4875,13.3786,-12.8673,0.3853
1693922488700676,-108.4873,13.3785,-12.8676,0.18018
1693922488800625,-108.4879,13.3787,-12.867,0.44013
1693922488900052,-108.4877,13.3787,-12.8673,0.36848
1693922489100748,-108.4881,13.3791,-12.8671,0.39485
1693922489200457,-108.4882,13.3791,-12.8676,0.45905
1693922489400711,-108.4876,13.3804,-12.8666,0.27856
1693922489499968,-108.4876,13.3793,-12.8669,0.51742
1693922489600724,-108.4872,13.3788,-12.8672,0.15485
1693922489800594,-108.4874,13.3794,-12.8672,0.43474
1693922490100130,-108.4867,13.3788,-12.8672,0.01196
1693922490200604,-108.487,13.379,-12.8674,0.32335
1693922490299555,-108.4872,13.3789,-12.867,0.14942
1693922490400251,-108.487,13.3791,-12.8668,0.33013
1693922490700606,-108.4874,13.3789,-12.8664,0.22936
1693922490800654,-108.4872,13.3794,-12.8662,0.28922
1693922490999877,-108.4877,13.3787,-12.8663,0.36063
1693922491099726,-108.4865,13.3781,-12.8665,0.13208
1693922491200575,-108.4869,13.38,-12.8664,0.26302
1693922491300746,-108.4873,13.3792,-12.8669,0.16728
1693922491400592,-108.4873,13.3791,-12.8671,0.38601
1693922491900099,-108.4873,13.3787,-12.867,-0.07975
1693922492000069,-108.4876,13.3791,-12.8669,0.49796
1693922492200701,-108.4873,13.3789,-12.8665,0.10093
1693922492300627,-108.4873,13.379,-12.8664,0.43543
1693922492400642,-108.4871,13.3792,-12.867,0.12232
1693922492600628,-108.4868,13.3788,-12.867,0.50569
1693922492800690,-108.4886,13.3789,-12.8673,0.60829
1693922492900695,-108.4876,13.3789,-12.8666,0.21442
1693922493400717,-108.4877,13.3783,-12.8671,0.34494
1693922493500267,-108.4873,13.3784,-12.867,0.26882
1693922493700424,-108.4879,13.3788,-12.8665,0.3994
1693922493800631,-108.4872,13.3787,-12.8669,0.27511
1693922493999808,-108.4876,13.3783,-12.8674,0.35186
1693922494099879,-108.4876,13.3789,-12.8669,0.28007
1693922494400730,-108.4871,13.3792,-12.8665,0.27956
1693922494500671,-108.4867,13.379,-12.8663,0.12049
1693922494600739,-108.4876,13.3777,-12.867,0.37381
1693922494700646,-108.4877,13.3786,-12.8664,0.31363
1693922494999710,-108.487,13.3797,-12.8664,0.27815
1693922495300774,-108.4867,13.3788,-12.867,0.44419
1693922495400862,-108.4873,13.3784,-12.8669,0.27484
1693922495699884,-108.4876,13.3793,-12.8667,0.18682
1693922495800796,-108.4881,13.3784,-12.8662,0.44232
1693922495900758,-108.4875,13.3794,-12.8664,0.37056
1693922496000721,-108.488,13.3797,-12.8663,0.37464
1693922496199750,-108.4871,13.3788,-12.8665,0.32142
1693922496300728,-108.4877,13.3796,-12.8663,0.36452
1693922496400812,-108.4873,13.3782,-12.8661,0.22282
1693922496500018,-108.4868,13.3786,-12.8665,0.22319
1693922496600686,-108.4878,13.379,-12.8663,0.36479
1693922496799870,-108.4875,13.3795,-12.8664,0.3303
1693922496900813,-108.4877,13.3793,-12.8664,0.43677
1693922496999878,-108.4884,13.3789,-12.8671,0.59295
1693922497100749,-108.4888,13.3792,-12.867,0.70891
1693922497200783,-108.4889,13.3796,-12.8672,0.74276
1693922497500772,-108.488,13.3795,-12.8663,-0.05976
1693922497599904,-108.4884,13.3786,-12.8666,0.34261
1693922497699930,-108.4871,13.3798,-12.8667,0.21457
1693922497800855,-108.4879,13.3791,-12.8663,0.47418
1693922498000901,-108.4872,13.3799,-12.8677,0.04577
1693922498100730,-108.488,13.3795,-12.8665,0.24089
1693922498200840,-108.4909,13.3795,-12.8667,1.42447
1693922498300850,-108.4904,13.3798,-12.8674,1.32506
1693922498400880,-108.4912,13.3793,-12.8668,1.41279
1693922498600747,-108.4916,13.3796,-12.8665,1.3052
1693922498700800,-108.4917,13.379,-12.867,1.48922
1693922498800060,-108.4906,13.3782,-12.8668,1.21935
1693922498900157,-108.4909,13.3796,-12.8668,1.35387
1693922499100010,-108.4905,13.3788,-12.8675,1.32671
1693922499200587,-108.491,13.3793,-12.867,1.41482
1693922499299570,-108.4918,13.3792,-12.8673,1.41483
1693922499399914,-108.4913,13.379,-12.8675,1.42045
1693922499500881,-108.4906,13.3793,-12.8678,1.46964
1693922499599556,-108.491,13.3792,-12.8673,1.39468
1693922499800024,-108.4914,13.3797,-12.8665,1.43626
1693922499900846,-108.4922,13.3793,-12.8672,1.50827
1693922499999662,-108.4878,13.378,-12.8671,0.32449
1693922500099878,-108.487,13.3792,-12.8665,0.42898
1693922500200839,-108.4879,13.3796,-12.8665,0.44479
1693922500300738,-108.488,13.3786,-12.8667,0.30539
1693922500400922,-108.4871,13.3789,-12.8667,0.42858
1693922500500947,-108.4872,13.3788,-12.8674,0.2501
1693922500600825,-108.4869,13.3779,-12.8674,0.26775
1693922500699802,-108.4866,13.3784,-12.8672,0.31764
1693922500800828,-108.4874,13.3788,-12.867,0.31604
1693922501000972,-108.4871,13.3792,-12.8668,0.34044
1693922501100833,-108.4875,13.3791,-12.8667,0.26995
1693922501199547,-108.4875,13.3786,-12.8667,0.46638
1693922501299993,-108.4865,13.3789,-12.8671,0.21592
1693922501399830,-108.4877,13.379,-12.8665,0.40095
1693922501500814,-108.4878,13.378,-12.8663,0.30678
1693922501599848,-108.4866,13.379,-12.8663,0.23498
1693922501699719,-108.4874,13.3787,-12.8661,0.27192
1693922501899870,-108.4871,13.3788,-12.8666,0.43917
1693922502000885,-108.487,13.3794,-12.8668,0.36415
1693922502100836,-108.4879,13.3781,-12.8666,0.37519
1693922502199926,-108.4877,13.3793,-12.8663,0.52197
1693922502300900,-108.4878,13.3791,-12.8662,0.21019
1693922502399986,-108.4879,13.3777,-12.8662,0.35055
1693922502499856,-108.4868,13.3791,-12.8664,0.25636
1693922502599931,-108.4878,13.3791,-12.8664,0.32639
1693922502700808,-108.4879,13.3778,-12.8663,0.25632
1693922502799936,-108.4873,13.3791,-12.8661,0.40176
1693922502900465,-108.4871,13.3797,-12.866,0.21001
1693922502999816,-108.4879,13.3779,-12.8662,0.41243
1693922503100972,-108.4872,13.379,-12.867,0.33494
1693922503199821,-108.4873,13.38,-12.8663,0.26059
1693922503299883,-108.4879,13.3786,-12.8663,0.43544
1693922503399601,-108.4875,13.379,-12.8665,0.4141
1693922503700404,-108.4869,13.3785,-12.8668,0.08304
1693922503799773,-108.4876,13.3796,-12.8662,0.4232
1693922503900045,-108.4877,13.3782,-12.8659,0.33447
1693922503999921,-108.4875,13.3788,-12.8659,0.45514
1693922504101000,-108.4873,13.3798,-12.8657,0.21977
1693922504200023,-108.4873,13.3791,-12.866,0.32907
1693922504299926,-108.4869,13.3779,-12.8666,0.41724
1693922504400885,-108.5004,13.3511,-12.8796,0.15089
1693922504699772,-107.9032,13.0943,-12.6609,0.10749
1693922504800927,-107.8928,13.1458,-12.3039,0.1217
1693922504899997,-107.8023,12.7467,-12.253,0.13708
1693922504999882,-107.7522,12.7319,-12.2647,0.14294
1693922505100882,-107.5755,12.7138,-12.2645,0.15729
1693922505200003,-107.2602,12.6468,-12.2851,0.18755
1693922505299732,-107.228,12.662,-12.2768,0.21898
1693922505399630,-106.9513,12.5187,-12.8534,0.23246
1693922505499950,-106.8811,12.4279,-12.7478,0.25778
1693922505599951,-107.0107,12.243,-11.9515,0.25314
1693922505699820,-107.0607,12.1074,-11.9011,0.2604
1693922505799979,-107.0755,12.0288,-11.9367,0.27582
1693922505899786,-107.0696,11.9457,-12.0079,0.29338
1693922505999788,-107.2725,11.9513,-11.9587,0.30056
1693922506199813,-107.2357,11.8326,-11.9432,0.30175
1693922506299850,-107.2074,11.7662,-11.9483,0.30276
1693922506400541,-107.2472,11.7937,-12.0033,0.31212
1693922506499879,-107.2688,11.7305,-11.9925,0.33664
1693922506599894,-108.1624,11.3717,-12.0089,0.35351
1693922506699946,-109.4252,11.1552,-11.9769,0.34855
1693922506799935,-109.7041,10.9139,-11.9852,0.35965
1693922506899596,-109.924,10.9577,-11.9179,0.37812
1693922506999940,-110.129,10.8931,-11.9272,0.39925
1693922507099828,-110.3549,10.8124,-11.9956,0.42307
1693922507199617,-110.5454,10.7173,-11.9698,0.44273
1693922507500126,-111.1018,10.4378,-11.9927,0.44843
1693922507600490,-111.226,10.419,-12.004,0.44224
1693922507699937,-111.3452,10.418,-12.0229,0.44351
1693922507799898,-111.4897,10.3509,-12.0809,0.45327
1693922507900119,-111.6829,10.2927,-12.0626,0.47149
1693922507999806,-111.8427,10.2094,-12.0869,0.49684
1693922508099782,-111.6032,10.4138,-12.0615,0.55151
1693922508199616,-111.6747,10.462,-12.0385,0.58677
1693922508299934,-111.79,10.4437,-12.0756,0.62932
1693922508399814,-111.3559,10.6866,-12.0764,0.66762
1693922508500129,-111.4654,10.6986,-11.9971,0.71255
1693922508599804,-111.8042,11.3901,-11.9857,0.73467
1693922508699875,-111.9027,11.4829,-12.0024,0.78188
1693922508800050,-112.0558,11.8278,-11.9629,0.7893
1693922508899869,-112.1679,12.1164,-11.9783,0.78601
1693922508999794,-112.1101,12.5006,-12.0511,0.79543
1693922509100027,-112.207,12.6631,-12.0221,0.80756
1693922509199876,-112.2647,12.9248,-12.0338,0.82556
1693922509299816,-112.4856,13.3368,-12.0855,0.83946
1693922509399635,-112.637,13.5241,-12.038,0.85434
1693922509500049,-113.1805,13.6657,-12.0302,0.89381
1693922509599687,-113.3359,13.8374,-12.0102,0.90864
1693922509900149,-113.5742,14.2786,-12.0372,0.93762
1693922510000530,-113.6957,14.435,-12.0159,0.94554
1693922510100292,-113.7947,14.5477,-12.0269,0.96527
1693922510199985,-113.4454,14.234,-12.0478,0.95478
1693922510299979,-113.495,14.3301,-12.0444,0.98774
1693922510399887,-113.5687,14.439,-12.055,1.02983
1693922510499630,-113.2237,14.093,-12.0465,0.97884
1693922510599744,-113.251,14.1614,-12.0275,1.01612
1693922510700057,-113.2752,14.209,-12.0495,1.03101
1693922510799841,-113.0063,13.9027,-12.0418,1.00948
1693922510900081,-112.9859,13.9215,-12.0385,1.01814
1693922510999921,-112.9788,13.9261,-12.0708,1.02819
1693922511099880,-112.7936,13.7414,-12.0385,1.00772
1693922511199861,-112.7126,13.7056,-12.059,1.01181
1693922511299751,-112.5744,13.6476,-12.0895,1.00968
1693922511400388,-112.437,13.5136,-12.0686,1.00003
1693922511499868,-112.3764,13.4881,-12.067,1.01087
1693922511599737,-112.2884,13.4325,-12.0795,1.01561
1693922511699822,-112.0985,13.2004,-12.116,1.00601
1693922511799597,-112.0237,13.15,-12.1337,1.01561
1693922511899724,-111.8639,13.0786,-12.145,1.0071
1693922511999876,-111.7221,12.8945,-12.1786,0.99589
1693922512099711,-111.6422,12.8315,-12.1961,1.00727
1693922512199676,-111.4043,12.6939,-12.1539,1.00625
1693922512299682,-111.3147,12.6242,-12.1665,1.0174
1693922512399707,-111.2278,12.5547,-12.1791,1.02877
1693922512499734,-111.1289,12.4825,-12.1767,1.03331
1693922512599896,-111.0381,12.4154,-12.1915,1.04447
1693922512699810,-110.9495,12.3466,-12.2059,1.05537
1693922512799704,-110.8668,12.2575,-12.2381,1.06344
1693922512899767,-110.7782,12.1868,-12.2569,1.07448
1693922512999715,-110.7877,12.0315,-12.4106,1.0478
1693922513099711,-110.5596,11.7785,-12.449,1.02931
1693922513199732,-110.4296,11.8164,-12.3044,1.01683
1693922513299648,-110.3354,11.7353,-12.315,1.02604
1693922513800257,-109.833,11.3282,-12.3664,1.03676
1693922513899762,-109.733,11.2441,-12.3847,1.03715
1693922513999598,-109.6276,11.1624,-12.4022,1.05341
1693922514199560,-109.43,10.9957,-12.4338,1.08083
1693922514299828,-109.3318,10.9091,-12.4538,1.09612
1693922514400486,-109.2289,10.8244,-12.4755,1.12544
1693922514499840,-109.1318,10.7363,-12.496,1.16246
1693922514599771,-109.0691,10.6039,-12.5296,1.20562
1693922514699774,-108.8585,10.4391,-12.7693,1.2612
1693922514799958,-108.7156,10.2795,-12.6251,1.31032
1693922514899652,-108.6091,10.1355,-12.6148,1.3325
1693922514999707,-108.4931,10.0254,-12.6382,1.34439
1693922515099627,-108.3431,9.5672,-12.5923,1.325
1693922515199793,-108.2267,9.4284,-12.6133,1.33541
1693922515299681,-107.8817,9.1938,-12.6531,1.32589
1693922515499914,-107.6009,8.8988,-12.6894,1.33838
1693922515799671,-107.1874,8.4612,-12.7427,1.37496
1693922515900159,-107.0442,8.3187,-12.7637,1.38615
1693922516099882,-106.7168,8.1472,-12.854,1.40664
1693922516199915,-106.312,8.4974,-12.8248,1.38436
1693922516299783,-106.0798,8.5163,-12.6872,1.39584
1693922516399886,-105.9024,8.4389,-12.6983,1.42714
1693922516699932,-105.3735,8.2054,-12.7149,1.4555
1693922516899766,-105.0134,8.0561,-12.7491,1.46653
1693922516999845,-104.833,7.9805,-12.7629,1.47664
1693922517099801,-104.6516,7.909,-12.7749,1.50179
1693922517199797,-104.4686,7.8428,-12.7984,1.52904
1693922517300170,-104.2894,7.7723,-12.8147,1.55187
1693922517399848,-104.1101,7.6997,-12.8328,1.56743
1693922517599773,-103.7559,7.5529,-12.8624,1.57938
1693922517699871,-103.5756,7.4795,-12.8824,1.60131
1693922517799947,-103.4095,7.4083,-12.9324,1.62115
1693922517899942,-103.2342,7.3376,-12.9563,1.63237
1693922518000273,-103.055,7.2566,-12.9786,1.63961
1693922518099942,-102.8652,7.1894,-13.0196,1.64113
1693922518200015,-102.6872,7.1178,-13.0478,1.64675
1693922518299904,-102.5073,7.0454,-13.0789,1.65146
1693922518399644,-102.3298,6.9717,-13.1092,1.65681
1693922518599883,-101.9728,6.8258,-13.1629,1.66278
1693922518699792,-101.7929,6.7565,-13.1938,1.67982
1693922518799739,-101.6152,6.6902,-13.2365,1.69445
1693922518899910,-101.4378,6.6198,-13.2856,1.70338
1693922519000139,-101.2585,6.55,-13.3385,1.71022
1693922519100309,-101.0992,6.4374,-13.5775,1.72054
1693922519200199,-100.9253,6.3587,-13.6358,1.72476
1693922519300152,-100.7513,6.2806,-13.6953,1.72849
1693922519399843,-100.5889,6.1842,-13.8162,1.72706
1693922519499879,-100.4164,6.1031,-13.8828,1.73088
1693922519700134,-100.1571,5.8902,-14.1946,1.72787
1693922519899852,-99.814,5.7585,-14.427,1.73201
1693922519999944,-99.6923,5.6833,-14.5848,1.71714
1693922520100302,-99.3604,5.3776,-14.5433,1.70973
1693922520199858,-99.1807,5.1056,-14.5903,1.75214
1693922520299973,-98.3252,5.2944,-14.6489,1.7535
1693922520399911,-97.7598,5.2709,-14.5786,1.74336
1693922520500094,-97.4011,5.2491,-14.5507,1.74637
1693922520599828,-97.0579,5.1832,-14.4333,1.74957
1693922520699840,-96.6835,5.2187,-14.3487,1.74007
1693922520799961,-96.3628,5.2168,-14.3386,1.73957
1693922520899780,-96.126,5.2182,-14.2707,1.72126
1693922520999679,-95.9231,5.2593,-14.2171,1.71322
1693922521099829,-95.6859,5.2575,-14.1738,1.70655
1693922521200013,-95.46,5.313,-14.1242,1.69374
1693922521299894,-95.2364,5.3943,-14.0425,1.68642
1693922521399929,-95.206,5.4172,-13.9893,1.68481
1693922521500007,-94.9971,5.4262,-13.9082,1.69013
1693922521600220,-94.8636,5.4468,-13.8228,1.68561
1693922521699946,-94.6752,5.4684,-13.715,1.69114
1693922521799940,-94.5995,5.3842,-13.665,1.68777
1693922521900059,-94.457,5.3675,-13.5499,1.69543
1693922522099745,-94.2709,5.3516,-13.4549,1.68904
1693922522200082,-94.1435,5.3438,-13.3713,1.68353
1693922522299898,-94.0099,5.3464,-13.3352,1.68238
1693922522400066,-93.9403,5.3811,-13.2514,1.68565
1693922522499781,-93.8537,5.3692,-13.2067,1.68567
1693922522600045,-93.8305,5.4783,-13.0405,1.69206
1693922522699913,-93.6438,5.476,-13.0672,1.69469
1693922522799961,-93.4937,5.5023,-12.9255,1.68813
1693922523000500,-93.1843,5.518,-12.8127,1.69226
1693922523200001,-92.8339,5.5729,-12.6743,1.71146
1693922523300113,-92.5808,5.6193,-12.5427,1.71777
1693922523399823,-92.3913,5.644,-12.5375,1.72601
1693922523500064,-92.106,5.677,-12.4583,1.70476
1693922523600386,-91.9479,5.7286,-12.2936,1.70372
1693922523700112,-91.8764,5.7334,-12.3222,1.69354
1693922523800107,-91.7175,5.7506,-12.2873,1.6947
1693922523899959,-91.5342,5.7269,-12.1698,1.67659
1693922524000126,-91.5283,5.6361,-12.1452,1.66104
1693922524099977,-91.3603,5.6304,-12.0982,1.66444
1693922524200217,-91.197,5.4724,-11.9903,1.63055
1693922524400297,-90.8899,5.4115,-11.9491,1.62163
1693922524499930,-90.6645,5.3316,-11.8846,1.59836
1693922524600061,-90.8108,5.4766,-11.898,1.52902
1693922524800174,-90.5483,5.5009,-11.728,1.5227
1693922524900062,-90.3028,5.4137,-11.7515,1.49977
1693922525000170,-90.0881,5.3773,-11.6664,1.4911
1693922525099849,-89.8441,5.2555,-11.543,1.47008
1693922525200074,-89.5361,5.0967,-11.5225,1.45249
1693922525400146,-89.1858,4.9688,-11.3074,1.40624
1693922525500310,-88.9566,4.9021,-11.3331,1.40808
1693922525599990,-88.8139,4.8677,-11.1698,1.39288
1693922525700249,-88.6699,4.7349,-11.1866,1.34057
1693922525899960,-88.5016,4.6889,-11.2041,1.29881
1693922525999992,-88.0738,4.5938,-11.1456,1.27944
1693922526300183,-87.9581,4.3593,-11.0926,1.16549
1693922526399577,-87.8165,4.2457,-10.88,1.18691
1693922526500058,-87.6563,4.1698,-10.7799,1.13334
1693922526599601,-87.6971,4.0673,-10.7853,1.12177
1693922526700000,-87.403,3.9368,-10.7322,1.10675
1693922526799996,-87.241,3.8935,-10.5762,1.12682
1693922526900203,-86.9844,3.7798,-10.7411,1.12453
1693922527000250,-86.7645,3.69,-10.7678,1.14654
1693922527099553,-86.4872,3.5597,-10.6595,1.16081
1693922527300150,-86.0202,3.3808,-10.6201,1.18261
1693922527400247,-85.4634,3.0745,-10.2478,1.22963
1693922527500046,-84.9428,2.718,-10.1794,1.24546
1693922528100373,-83.5629,1.876,-9.8419,1.2315
1693922528300084,-83.3808,1.4867,-9.8432,1.23104
1693922528500121,-83.3603,0.9613,-9.6502,1.18194
1693922528600126,-83.3166,0.6558,-9.4267,1.19497
1693922528700138,-83.2834,0.5183,-9.4049,1.21614
1693922528799573,-83.2283,0.4308,-9.4108,1.20051
1693922528900485,-83.2485,0.2979,-9.4874,1.20882
1693922529000388,-83.4005,0.2529,-9.6735,1.22451
1693922529100147,-83.249,0.1261,-9.7494,1.24159
1693922529199584,-83.1234,-0.0373,-9.6987,1.23639
1693922529299987,-82.9742,-0.0803,-9.8409,1.221
1693922529399687,-82.8829,-0.1822,-9.6768,1.20891
1693922529500071,-82.7348,-0.2518,-9.6807,1.19878
1693922529600107,-82.612,-0.3552,-9.7665,1.2034
1693922529700274,-82.4566,-0.4978,-9.6757,1.19988
1693922529900130,-82.2164,-0.6404,-9.7734,1.16795
1693922529999711,-82.1859,-0.6962,-9.7383,1.17492
1693922530099871,-82.0726,-0.8105,-9.7418,1.19257
1693922530199921,-81.9901,-0.9428,-9.7431,1.18712
1693922530300468,-81.7076,-1.0276,-9.7495,1.14971
1693922530600305,-81.6866,-1.1069,-9.6487,1.10389
1693922530700127,-81.628,-1.1036,-9.7214,1.10073
1693922530800118,-81.5841,-1.2224,-9.7379,1.1116
1693922530899585,-81.4427,-1.356,-9.6771,1.09456
1693922531199855,-81.4535,-1.6318,-9.5636,1.07844
1693922531300391,-81.4205,-1.3841,-9.4672,1.10591
1693922531400144,-81.3911,-1.4059,-9.3118,1.09856
1693922531500200,-81.4117,-1.3995,-9.4776,1.09868
1693922531699989,-81.5184,-1.3659,-9.6611,1.10149
1693922531800513,-81.4247,-1.491,-9.7092,1.08923
1693922532000281,-81.4271,-1.4169,-9.6884,1.09249
1693922532200417,-81.4492,-1.3598,-9.7619,1.10062
1693922532400516,-81.4172,-1.4036,-9.7998,1.10398
1693922532500270,-81.4084,-1.411,-9.7418,1.11086
1693922532599775,-81.5441,-1.355,-9.7649,1.10952
1693922532700429,-81.5729,-1.3839,-9.8904,1.10245
1693922532800519,-81.5145,-1.3893,-9.6966,1.10173
1693922532900113,-81.4256,-1.3868,-9.755,1.09417
1693922533100172,-81.4894,-1.3509,-9.6884,1.1253
1693922533200232,-81.8763,-1.3231,-9.8303,1.14781
1693922533299547,-81.9199,-1.3433,-9.9429,1.17594
1693922533399649,-81.8906,-1.3561,-9.9348,1.19392
1693922533499912,-81.9015,-1.3969,-9.8483,1.18786
1693922533600298,-81.9444,-1.1794,-9.8796,1.17041
1693922533800441,-81.9892,-1.1872,-9.8773,1.18051
1693922533900231,-82.006,-1.3088,-9.446,1.17104
1693922533999610,-82.0984,-1.2935,-9.3455,1.17249
1693922534100391,-81.9667,-1.2029,-10.7123,1.11461
1693922534199632,-81.9576,-1.2029,-10.7661,1.12097
1693922534300290,-82.0189,-1.2335,-10.9499,1.11738
1693922534500407,-81.9184,-1.2315,-11.0397,1.12878
1693922534600524,-81.8691,-1.2466,-10.7861,1.1196
1693922534700425,-82.5368,-1.0364,-10.839,1.05033
1693922535000461,-82.5228,-0.6127,-10.6048,1.10571
1693922535200525,-82.572,-0.9886,-10.8822,1.06794
1693922535500259,-82.4861,-0.8253,-10.8331,1.06763
1693922535600245,-82.3033,-0.9235,-10.8588,1.06077
1693922535699554,-81.5175,-0.8417,-9.5744,0.93467
1693922535799726,-81.839,-0.8027,-8.2279,0.9379
1693922535900498,-82.4481,-1.2997,-9.2416,1.07156
1693922536000377,-82.5074,-1.3645,-9.3302,1.11602
1693922536100940,-82.4014,-1.4617,-9.3651,1.24035
1693922536200406,-83.3957,-0.3988,-9.4434,1.33619
1693922536300343,-83.5273,-0.3333,-10.5756,1.35411
1693922536400374,-83.6481,-0.6101,-10.845,1.34176
1693922536500224,-83.7558,-0.5118,-10.9491,1.29872
1693922536599714,-83.8287,-0.4642,-11.0592,1.90552
1693922536700006,-83.8177,-0.4449,-11.2009,0.09508
1693922536900370,-83.8013,-0.444,-11.2163,-3.06817
1693922537100417,-83.7979,-0.4448,-11.2159,-0.413
1693922537400312,-83.7966,-0.4454,-11.215,-2.43083
1693922537600315,-83.7953,-0.4467,-11.2134,0.21634
1693922537799801,-83.7948,-0.4472,-11.2084,-1.62536
1693922537900284,-83.7939,-0.4475,-11.2112,0.79751
1693922538000437,-83.794,-0.4477,-11.2073,-1.43014
1693922538200348,-83.7934,-0.4479,-11.2116,-0.49944
1693922538300397,-83.7934,-0.4469,-11.2111,-1.21459
1693922538400424,-83.7932,-0.4467,-11.2123,-1.44279
1693922538500488,-83.7922,-0.4469,-11.2109,-1.42405
1693922538600021,-83.7936,-0.447,-11.2107,-1.4552
1693922538700413,-83.7933,-0.4477,-11.212,-1.50358
1693922538799687,-83.7933,-0.4472,-11.2113,-1.51696
1693922538900452,-83.7944,-0.4469,-11.2114,0.11036
1693922539000400,-83.7934,-0.4474,-11.2117,-1.53409
1693922539100357,-83.7932,-0.4471,-11.2121,-1.49172
1693922539400483,-83.7932,-0.4475,-11.2113,-1.41391
1693922539600406,-83.7931,-0.4471,-11.214,-1.4328
1693922539700046,-83.7924,-0.4506,-11.214,-1.5283
1693922539800024,-83.7922,-0.4479,-11.2177,-0.64589
1693922539900516,-83.7922,-0.4473,-11.212,-1.50329
1693922540000512,-83.7927,-0.4474,-11.2113,-1.34869
1693922540100136,-83.7921,-0.4481,-11.212,-1.46791
1693922540300373,-83.7926,-0.4476,-11.2158,-1.48665
1693922540400503,-83.7917,-0.4483,-11.2114,1.42006
1693922540500090,-83.7923,-0.4481,-11.2064,-1.50418
1693922540899915,-83.7922,-0.4479,-11.2109,1.44609
1693922541300494,-83.7929,-0.4466,-11.2115,-1.57392
1693922541399883,-83.7925,-0.4472,-11.2115,-1.73613
1693922541500083,-83.7914,-0.4514,-11.2131,-1.50424
1693922541600109,-83.7926,-0.4479,-11.2107,-1.166
1693922541999749,-83.7927,-0.4484,-11.2062,-1.55694
1693922542200011,-83.7928,-0.4472,-11.2119,1.48558
1693922542400172,-83.7925,-0.4479,-11.2052,-1.54345
1693922542599987,-83.7924,-0.4479,-11.2097,1.41758
1693922542800108,-83.7923,-0.4482,-11.2052,-1.54032
1693922543399645,-83.7916,-0.4476,-11.211,1.4977
1693922543500565,-83.7912,-0.4479,-11.2151,-1.6288
1693922543600259,-83.7928,-0.448,-11.2099,1.1223
1693922543700501,-83.7924,-0.4477,-11.2069,-1.09259
1693922543800330,-83.7922,-0.448,-11.2054,-0.43793
1693922544200532,-83.7932,-0.4477,-11.2102,-0.10849
1693922544300592,-83.7919,-0.4483,-11.2107,-0.13407
1693922544399817,-83.7925,-0.4467,-11.2167,-0.4351
1693922544500258,-83.7936,-0.4478,-11.2116,-0.02691
1693922544600654,-83.7931,-0.4478,-11.2176,-0.17054
1693922544700944,-83.7935,-0.4479,-11.2114,-0.66875
1693922544900231,-83.7939,-0.4458,-11.2158,-0.73012
1693922545900660,-83.7928,-0.4479,-11.2074,0.17498
1693922546100085,-83.7928,-0.4482,-11.2071,-1.51722
1693922546300429,-83.793,-0.4477,-11.2099,-0.51161
1693922546400375,-83.7935,-0.4471,-11.2113,-0.1816
1693922546500296,-83.7928,-0.4474,-11.2172,-0.59663
1693922546600360,-83.7925,-0.4482,-11.2115,-0.11746
1693922546700494,-83.7931,-0.4475,-11.2108,-0.67254
1693922547500609,-83.7947,-0.4466,-11.2163,0.36975
1693922547600233,-83.7935,-0.4472,-11.2121,-1.14847
1693922547700657,-83.7937,-0.4476,-11.2114,-0.68557
1693922547800173,-83.7946,-0.4476,-11.2153,0.16988
1693922547899913,-83.7935,-0.4475,-11.2105,-0.79841
1693922548200944,-83.7938,-0.4472,-11.2179,0.77354
1693922548300656,-83.793,-0.4494,-11.2147,-1.28221
1693922548400747,-83.7928,-0.4503,-11.2127,-0.99047
1693922548499957,-83.7939,-0.447,-11.2169,-0.02756
1693922548600911,-83.7938,-0.446,-11.2123,-1.12988
1693922548700438,-83.793,-0.4475,-11.2103,-0.13545
1693922548900371,-83.7927,-0.4481,-11.2096,-0.9876
1693922549000386,-83.7924,-0.4472,-11.2053,0.15131
1693922549300639,-83.7935,-0.4466,-11.2095,-1.17581
1693922549500639,-83.7934,-0.4477,-11.2093,0.54191
1693922549700193,-83.7936,-0.447,-11.2108,-1.12359
1693922549800527,-83.7925,-0.4476,-11.209,0.15261
1693922549900453,-83.7928,-0.4478,-11.2088,-0.85352
1693922550000799,-83.7924,-0.4466,-11.2058,-0.57038
1693922550100677,-83.7924,-0.4474,-11.2098,-0.86868
1693922550200353,-83.7933,-0.4463,-11.2053,-0.74919
1693922550300675,-83.7944,-0.4466,-11.2111,-0.86173
1693922551300005,-83.7932,-0.4485,-11.21,-0.83828
1693922551399555,-83.7937,-0.4476,-11.2101,-1.03323
1693922551700364,-83.7935,-0.4471,-11.2096,-0.70329
1693922551800732,-83.7939,-0.4467,-11.2057,0.06749
1693922552000580,-83.7936,-0.4453,-11.2009,1.40353
1693922552100685,-83.7932,-0.4469,-11.209,-1.18076
1693922552300698,-83.7926,-0.4469,-11.2039,-0.1583
1693922552400642,-83.7932,-0.4468,-11.2091,-1.08194
1693922552600486,-83.7935,-0.4471,-11.209,-0.64119
1693922552700748,-83.793,-0.4459,-11.2097,-1.05449
1693922552800043,-83.7929,-0.4458,-11.2009,1.2394
1693922553000173,-83.793,-0.4467,-11.2041,-1.2037
1693922553300624,-83.7923,-0.4468,-11.2045,0.79158
1693922553900730,-83.7924,-0.447,-11.2044,-1.23422
1693922554200676,-83.7937,-0.4463,-11.2059,1.37615
1693922554800764,-83.7927,-0.4465,-11.2051,-1.24716
1693922554900491,-83.7934,-0.4469,-11.209,-0.65543
1693922555000827,-83.7931,-0.4468,-11.2054,-0.9313
1693922555400786,-83.7928,-0.4466,-11.205,-0.29954
1693922555700688,-83.7931,-0.4466,-11.2043,0.00688
1693922556000809,-83.7934,-0.4463,-11.2048,-1.43147
1693922556300686,-83.7935,-0.4478,-11.2098,0.9312
1693922556400694,-83.7935,-0.4471,-11.2052,-1.21535
1693922556599635,-83.7924,-0.4477,-11.2043,0.35457
1693922556700729,-83.7936,-0.4463,-11.2151,-1.09051
1693922556799574,-83.7928,-0.4465,-11.21,-0.72887
1693922556900786,-83.7939,-0.4473,-11.2082,-0.94226
1693922557000765,-83.7928,-0.4474,-11.2048,-0.7728
1693922557199598,-83.7942,-0.446,-11.2058,-0.19144
1693922557300700,-83.7929,-0.4469,-11.2045,-1.18127
1693922557400712,-83.793,-0.4488,-11.2076,-1.29176
1693922557500845,-83.7942,-0.4464,-11.2149,0.15946
1693922557600786,-83.7931,-0.4467,-11.2052,-1.22483
1693922557800866,-83.7937,-0.4471,-11.2044,-0.2114
1693922557901578,-83.7925,-0.4467,-11.2047,-1.25579
1693922558100782,-83.7932,-0.4475,-11.2091,-0.89167
1693922558200746,-83.7931,-0.4472,-11.2051,-1.01551
1693922558400818,-83.793,-0.4467,-11.2044,-1.20077
1693922558700824,-83.7945,-0.4471,-11.2098,0.06739
1693922558800761,-83.7936,-0.4468,-11.2103,-1.28003
1693922558900721,-83.7946,-0.4467,-11.2096,-0.79135
1693922558999824,-83.7944,-0.4468,-11.2104,-0.90717
1693922559100777,-83.7945,-0.4468,-11.2107,-1.04165
1693922559200721,-83.7936,-0.4456,-11.202,0.58207
1693922559400906,-83.7933,-0.4461,-11.2098,-1.16206
1693922559500803,-83.7933,-0.4461,-11.2046,-1.0547
1693922559600893,-83.794,-0.4452,-11.2055,-0.83881
1693922559699885,-83.7942,-0.446,-11.2092,-1.19809
1693922559800939,-83.7945,-0.4454,-11.2001,-1.17344
1693922560000818,-83.7931,-0.4462,-11.2047,-0.84923
1693922560100705,-83.7936,-0.4463,-11.1998,-1.34744
1693922560199757,-83.7932,-0.446,-11.2047,-0.67987
1693922560300806,-83.7934,-0.4468,-11.2098,-1.11301
1693922560400784,-83.7933,-0.4466,-11.2031,-1.2479
1693922560499817,-83.7928,-0.4447,-11.2037,-1.3651
1693922560600887,-83.7945,-0.4453,-11.2095,-0.92793
1693922560700860,-83.7938,-0.4458,-11.2046,-1.2528
1693922560801076,-83.7952,-0.4394,-11.2102,-1.20334
1693922560900791,-83.7949,-0.4442,-11.2064,-1.20713
1693922561000756,-83.7941,-0.4446,-11.208,-1.22353
1693922561099789,-83.7943,-0.4443,-11.204,-1.35129
1693922561200834,-83.7945,-0.4449,-11.2049,-0.99004
1693922561300795,-83.7922,-0.4443,-11.2039,-1.25968
1693922561400915,-83.7925,-0.4457,-11.2031,-1.33208
1693922561500854,-83.7934,-0.4459,-11.2082,-1.12016
1693922561600776,-83.7921,-0.4468,-11.2051,-1.32054
1693922561699918,-83.7919,-0.4305,-11.2273,-1.60491
1693922561800898,-83.7809,-0.7504,-11.3457,-1.73939
1693922561900808,-83.8281,-1.0598,-11.5014,-1.72967
1693922562001039,-83.7378,-1.2711,-11.337,-1.64642
1693922562300051,-83.7504,-1.5271,-10.8543,-1.76713
1693922562500508,-84.2351,-1.8062,-10.2461,-1.93601
1693922562600095,-84.2273,-2.018,-10.0572,-1.89431
1693922562700867,-84.1408,-2.3929,-9.8703,-1.79891
1693922562800802,-84.0678,-2.619,-9.9168,-1.8034
1693922562900948,-84.0748,-2.7488,-9.7908,-1.79477
1693922563000953,-84.0474,-2.8762,-9.7012,-1.77845
1693922563100789,-84.0294,-2.8652,-9.8684,-1.80678
1693922563200008,-84.0383,-2.9356,-9.7694,-1.81237
1693922563300966,-83.9947,-2.9506,-9.5995,-1.79541
1693922563400832,-83.9562,-3.0666,-9.6132,-1.80681
1693922563500953,-83.9654,-3.1089,-9.5452,-1.81001
1693922563600925,-83.9652,-3.1602,-9.4825,-1.80214
1693922563700787,-83.9595,-3.1954,-9.6122,-1.81034
1693922563800956,-83.9621,-3.1938,-9.5384,-1.81706
1693922563900012,-83.9663,-3.237,-9.4869,-1.8084
1693922564000940,-83.9669,-3.2256,-9.4489,-1.80575
1693922564200923,-83.9642,-3.2172,-9.3861,-1.78206
1693922564300852,-84.011,-3.1984,-9.541,-1.81748
1693922564501044,-84.0057,-3.2731,-9.4879,-1.81274
1693922564600948,-83.9726,-3.1945,-9.5957,-1.81383
1693922564700979,-83.9792,-3.158,-9.5581,-1.82049
1693922564801412,-83.9964,-3.1466,-9.5471,-1.812
1693922565000451,-83.9771,-3.1738,-9.5388,-1.81037
1693922565100922,-83.9758,-3.1899,-9.5215,-1.81694
1693922565200925,-83.9545,-3.1568,-9.5933,-1.81764
1693922565301032,-83.9807,-3.1358,-9.5794,-1.81682
1693922565400040,-83.9804,-3.1407,-9.5679,-1.81492
1693922565500879,-83.9654,-3.17,-9.6009,-1.8204
1693922565600005,-83.9792,-3.1606,-9.577,-1.81886
1693922565700417,-83.9773,-3.1043,-9.5433,-1.81364
1693922565800956,-83.9633,-3.0913,-9.5941,-1.83837
1693922565901086,-83.9687,-3.0734,-9.5784,-1.83237
1693922566001058,-83.983,-2.9696,-9.5387,-1.8223
1693922566100918,-83.9649,-2.9709,-9.6128,-1.84019
1693922566200063,-83.9755,-2.9395,-9.547,-1.83377
1693922566300068,-83.9807,-2.9283,-9.5338,-1.83018
1693922566399600,-84.0418,-2.9217,-9.6821,-1.8544
1693922566501105,-84.012,-2.8726,-9.6884,-1.84341
1693922566601019,-84.0549,-2.8379,-9.6407,-1.83985
1693922566700934,-84.0849,-2.6697,-9.6857,-1.8543
1693922566800179,-84.0676,-2.6399,-9.7096,-1.8424
1693922567100382,-84.1527,-2.3776,-9.7881,-1.8848
1693922567201105,-84.1322,-2.3793,-9.651,-1.848
1693922567301009,-84.2268,-2.2546,-9.6762,-1.83041
1693922567400521,-84.2104,-2.1271,-9.7213,-1.82576
1693922567501205,-84.2429,-2.0696,-9.6942,-1.81028
1693922567601015,-84.1878,-1.9512,-9.774,-1.83997
1693922567700116,-84.198,-1.8831,-9.7785,-1.83608
1693922567800261,-84.1373,-1.7011,-9.6511,-1.84747
1693922567901028,-84.2072,-1.5687,-9.6416,-1.84602
1693922567999658,-84.208,-1.4404,-9.6126,-1.81889
1693922568101067,-84.1916,-0.9793,-9.1819,-1.76408
1693922568201061,-83.5605,0.0664,-7.8902,-1.56895
1693922568300033,-83.545,0.384,-7.8362,-1.58159
1693922568401098,-83.5016,0.6017,-7.6822,-1.58351
1693922568500270,-83.7072,0.7904,-7.7779,-1.60368
1693922568900103,-83.6945,1.4325,-6.8153,-1.42706
1693922569000005,-83.7086,1.6161,-6.6613,-1.45748
1693922569101225,-83.7805,1.4627,-5.3304,-1.5224
1693922569201157,-83.7604,1.2966,-5.2598,-1.50428
1693922569301066,-83.7777,1.383,-5.2538,-1.51349
1693922569400113,-83.7434,1.5278,-5.4462,-1.52491
1693922569500245,-83.6237,1.7345,-5.4626,-1.55916
1693922569600172,-83.6415,1.8236,-5.5016,-1.55043
1693922569699990,-83.6688,1.956,-5.5588,-1.54979
1693922569800140,-83.6837,2.1554,-5.7969,-1.54066
1693922570001079,-83.7457,2.4002,-5.7713,-1.55628
1693922570100179,-83.7512,2.5346,-6.0203,-1.5465
1693922570200182,-83.7731,2.6622,-6.0397,-1.54905
1693922570300010,-83.854,2.8089,-6.16,-1.5511
1693922570400307,-83.8575,3.1309,-6.3878,-1.54672
1693922570600179,-83.8786,3.4336,-6.3847,-1.55049
1693922570700074,-83.8949,3.5375,-6.5048,-1.54797
1693922570801159,-83.9184,3.673,-6.5553,-1.55525
1693922570900139,-83.9596,3.8044,-6.6171,-1.56101
1693922571199581,-84.0889,4.1609,-6.8594,-1.57694
1693922571300226,-83.9883,4.2556,-7.068,-1.51768
1693922571401255,-84.005,4.388,-7.1231,-1.52827
1693922571500265,-84.0206,4.5178,-7.1794,-1.53286
1693922571600141,-84.0327,4.6248,-7.2685,-1.52805
1693922571700028,-84.0459,4.7558,-7.3269,-1.53126
1693922571801094,-84.0788,4.8591,-7.4337,-1.53927
1693922571900175,-84.0411,5.01,-7.5584,-1.53838
1693922572000091,-84.0574,5.1361,-7.6471,-1.5339
1693922572100110,-83.9609,5.199,-7.7503,-1.5356
1693922572200239,-84.0119,5.3117,-7.8251,-1.53525
1693922572301189,-83.874,5.4082,-7.9388,-1.55999
1693922572401200,-83.835,5.5177,-8.004,-1.56257
1693922572500258,-83.777,5.6062,-8.0743,-1.56677
1693922572600233,-83.8331,5.6278,-8.2323,-1.56542
1693922572700391,-83.8195,5.7343,-8.3124,-1.56704
1693922572800231,-83.803,5.8287,-8.3931,-1.5686
1693922572899987,-83.7924,5.9343,-8.475,-1.57143
1693922573100148,-83.7717,6.1444,-8.6407,-1.57659
1693922573200104,-83.7608,6.2497,-8.7205,-1.58258
1693922573500139,-83.7759,6.6174,-8.8766,-1.55767
1693922573600010,-83.8048,6.7612,-8.9173,-1.56358
1693922573901170,-83.7986,7.1029,-9.1309,-1.57744
1693922573999954,-83.803,7.2129,-9.2058,-1.6018
1693922574100156,-84.0726,7.0979,-9.567,-1.68651
1693922574200083,-84.1099,7.1864,-9.6743,-1.69211
1693922574300212,-84.138,7.2762,-9.775,-1.69408
1693922574400194,-84.6591,7.3742,-9.8849,-1.82753
1693922574500203,-84.8321,7.4365,-10.0096,-1.84625
1693922574700196,-84.8666,7.6503,-10.1692,-1.85881
1693922574800158,-84.9102,7.7347,-10.2928,-1.8326
1693922574899798,-84.9695,7.9179,-10.3919,-1.81926
1693922575100250,-85.0368,8.3105,-10.6179,-1.83295
1693922575500282,-85.5904,8.4764,-10.7295,-2.02535
1693922575599581,-86.5851,8.9483,-10.5662,-2.27647
1693922575799842,-86.6813,9.3627,-10.8036,-2.20812
1693922575900380,-86.6264,9.5044,-10.8938,-2.21146
1693922576000149,-86.6198,9.7854,-11.0646,-2.21081
1693922576199873,-86.6434,9.9327,-11.1683,-2.1787
1693922576300147,-86.6484,10.0921,-11.2218,-2.1972
1693922576399746,-86.6643,10.2124,-11.287,-2.1969
1693922576499712,-86.6987,10.285,-11.3233,-2.19846
1693922576600096,-86.6867,10.4271,-11.3731,-2.20264
1693922576900348,-86.7017,10.9568,-11.5341,-2.21494
1693922577099750,-86.7075,11.2374,-11.6919,-2.22463
1693922577200171,-86.7607,11.3562,-11.7693,-2.22358
1693922577299798,-86.7731,11.4944,-11.8022,-2.22951
1693922577400031,-87.094,11.5883,-11.5657,-2.28482
1693922577699637,-87.3098,12.0451,-11.7193,-2.27821
1693922577799854,-87.6101,12.25,-11.6766,-2.25002
1693922577899787,-87.6864,12.3678,-11.7064,-2.24519
1693922578000194,-87.7486,12.4986,-11.7291,-2.24146
1693922578100218,-87.7738,12.5715,-11.7866,-2.23015
1693922578200279,-87.812,12.6611,-11.8338,-2.22155
1693922578300269,-87.8159,12.4142,-11.9075,-2.21469
1693922578499818,-87.8864,12.5669,-12.003,-2.189
1693922578599608,-87.9108,12.6615,-12.0331,-2.19088
1693922578700179,-88.0249,12.8149,-12.0733,-2.19294
1693922578799762,-88.0415,12.9284,-12.2193,-2.19027
1693922578899607,-88.0389,13.0637,-12.2778,-2.18904
1693922579000411,-88.1217,13.2428,-12.3217,-2.18483
1693922579100217,-88.1624,13.3974,-12.375,-2.18078
1693922579199695,-88.1485,13.5957,-12.5109,-2.18837
1693922579301519,-88.3057,13.8014,-12.6642,-2.15563
1693922579499820,-88.8766,14.9099,-12.4262,-2.31864
1693922579600202,-89.4253,15.1398,-11.2925,-2.39881
1693922579899732,-89.8024,15.756,-10.9433,-2.34231
1693922579999695,-89.7777,15.7205,-11.0578,-2.33665
1693922580099666,-89.7733,15.8625,-11.2406,-2.32994
1693922580199838,-89.8806,16.0367,-11.2231,-2.32055
1693922580299851,-89.8866,15.9036,-11.2757,-2.35219
1693922580399982,-89.9471,16.047,-11.399,-2.33848
1693922580499790,-90.0035,16.1998,-11.404,-2.3299
1693922580699666,-90.1226,16.5424,-11.7242,-2.34355
1693922580799913,-90.2036,16.6981,-11.7467,-2.33558
1693922580899666,-90.2293,16.803,-11.8237,-2.34118
1693922580999724,-90.1878,16.8767,-11.9682,-2.34123
1693922581100309,-90.275,17.0062,-11.9804,-2.32494
1693922581199768,-90.2601,17.0931,-12.085,-2.31468
1693922581700572,-90.5277,17.7293,-12.4422,-2.28261
1693922581900363,-90.6586,17.9486,-12.6258,-2.2601
1693922582199856,-90.8026,18.2483,-12.9998,-2.2388
1693922582299652,-90.9295,18.5423,-13.082,-2.2426
1693922582600303,-91.0712,18.9478,-13.323,-2.23327
1693922582899799,-91.1435,19.2046,-13.5387,-2.21628
1693922582999795,-91.0128,19.1558,-13.8698,-2.19262
1693922583099754,-91.0392,19.2642,-13.9781,-2.1956
1693922583199842,-90.803,19.4626,-14.2624,-2.20105
1693922583299965,-90.5578,19.5261,-14.4022,-2.16599
1693922583399764,-90.6256,19.7483,-14.6613,-2.17443
1693922583499757,-90.5874,19.8568,-14.7973,-2.16575
1693922583599693,-90.6749,20.2254,-14.8826,-2.18075
1693922583699689,-90.6606,20.3759,-15.002,-2.17077
1693922583799815,-90.7676,20.6272,-15.1181,-2.1593
1693922584099766,-90.9561,20.7283,-15.4526,-2.16567
1693922584299665,-90.9739,20.8535,-15.6112,-2.11708
1693922584399867,-91.3084,21.0326,-15.3655,-2.15994
1693922584599828,-91.2971,21.269,-15.5971,-2.1221
1693922584699709,-91.3284,21.5297,-15.6904,-2.129
1693922584799855,-91.3561,21.6138,-15.7237,-2.13141
1693922584899806,-91.3038,21.8003,-15.8492,-2.11907
1693922584999898,-91.3038,22.0101,-15.9442,-2.12734
1693922585100219,-91.358,22.1686,-16.0058,-2.12691
1693922585199876,-91.4015,22.4295,-16.0104,-2.11936
1693922585300138,-91.5274,22.7576,-16.1338,-2.12286
1693922585399786,-91.9046,22.693,-16.1694,-2.17181
1693922585699852,-92.3398,23.0867,-16.3254,-2.18698
1693922585899897,-92.4955,23.3814,-16.4248,-2.19817
1693922585999872,-93.2512,23.8651,-15.9303,-2.20104
1693922586099813,-93.4644,24.0491,-16.0265,-2.2069
1693922586299925,-93.9376,25.0802,-16.2295,-2.26018
1693922586499914,-94.6471,26.8341,-16.2071,-2.2336
1693922586599878,-95.0445,27.4664,-16.2558,-2.18166
1693922586699943,-95.2614,27.8489,-16.2901,-2.1756
1693922586799912,-95.5153,28.094,-16.5093,-2.16485
1693922586899802,-95.6768,28.4767,-16.7646,-2.13116
1693922586999866,-96.144,28.8552,-16.9891,-2.11687
1693922587099839,-96.3827,29.2186,-17.0763,-2.10761
1693922587199908,-96.4113,29.4627,-17.2679,-2.07991
1693922587399935,-99.3634,31.7255,-17.2629,-2.25445
1693922587499921,-101.1293,32.6383,-17.442,-2.31542
1693922587599876,-102.2625,32.9326,-17.4843,-2.32037
1693922587799920,-102.8132,33.6665,-17.6384,-2.27112
1693922588000458,-103.2525,33.9691,-17.6872,-2.25909
1693922588199950,-103.344,34.2372,-17.7765,-2.22044
1693922588300057,-103.2724,34.2318,-17.7681,-2.21272
1693922588399906,-103.4023,34.4309,-17.9478,-2.2101
1693922588599998,-103.3234,34.5574,-18.0924,-2.20049
1693922588899974,-103.3915,34.7698,-18.2121,-2.20335
1693922588999827,-103.7508,34.9501,-18.1268,-2.20298
1693922589099850,-103.9756,35.167,-18.179,-2.20051
1693922589199818,-104.1975,35.3833,-18.2348,-2.19398
1693922589499884,-104.876,36.0373,-18.3971,-2.18502
1693922589599966,-105.0988,36.254,-18.4536,-2.182
1693922589701321,-105.3251,36.4732,-18.5124,-2.17987
1693922589799902,-105.5467,36.6871,-18.5721,-2.17401
1693922589899760,-105.7716,36.9029,-18.6332,-2.16621
1693922589999898,-105.9977,37.1203,-18.6959,-2.15822
1693922590099790,-106.2218,37.3362,-18.7588,-2.15028
1693922590200125,-106.4457,37.5528,-18.8224,-2.14242
1693922590300506,-106.668,37.7702,-18.8863,-2.13482
1693922590400501,-106.8903,37.9847,-18.9508,-2.12748
1693922590699789,-107.5626,38.6334,-19.1318,-2.1201
1693922590800083,-107.7847,38.8496,-19.1984,-2.12054
1693922590899996,-108.0069,39.0633,-19.2655,-2.12188
1693922590999900,-108.2308,39.2744,-19.3364,-2.11854
1693922591100087,-108.4537,39.4881,-19.4058,-2.11283
1693922591199882,-108.675,39.701,-19.4758,-2.10657
1693922591299914,-108.8975,39.9149,-19.5472,-2.10027
1693922591399887,-109.127,40.1303,-19.618,-2.09444
1693922591899902,-110.248,41.2093,-19.9484,-2.09088
1693922592000081,-110.4672,41.4249,-20.0244,-2.07175
1693922592099888,-110.6861,41.6397,-20.0983,-2.07624
1693922592199975,-110.9039,41.858,-20.1717,-2.07927
1693922592299932,-111.122,42.0758,-20.2469,-2.07739
1693922592399851,-111.3402,42.2949,-20.3228,-2.07303
1693922592499834,-111.5577,42.5166,-20.398,-2.0681
1693922592600006,-111.7743,42.737,-20.4746,-2.06317
1693922592699885,-111.9828,42.9627,-20.5581,-2.05803
1693922592800021,-112.1974,43.1845,-20.6363,-2.05324
1693922593099880,-112.8782,44.0586,-21.0098,-2.08371
1693922593200105,-112.0633,46.6839,-20.3519,-2.15246
1693922593299977,-112.3517,47.065,-20.4254,-2.18265
1693922593500052,-113.3507,49.3497,-20.0657,-2.64597
1693922593599919,-112.9867,50.3952,-19.9889,-2.72082
1693922593700298,-113.1142,51.07,-19.9068,-2.73744
1693922593800088,-113.4032,51.5024,-19.7552,-2.70233
1693922593899909,-113.5579,52.1156,-19.7063,-2.69737
1693922594300075,-114.8819,54.7041,-19.3032,-2.83038
1693922594700123,-115.7188,57.2052,-19.0623,-2.84391
1693922594799994,-115.92,57.8322,-19.003,-2.84863
1693922595200101,-116.7473,60.3348,-18.7642,-2.85036
1693922595300069,-116.947,60.9609,-18.7014,-2.85421
1693922595400489,-117.146,61.5883,-18.6422,-2.8506
1693922595499897,-118.4542,61.4834,-17.4338,-2.75649
1693922595600231,-118.7577,62.0322,-17.2607,-2.74099
1693922596099930,-119.9572,64.2906,-17.8514,-2.56893
1693922596500144,-122.4899,65.526,-17.5021,-2.79664
1693922596600105,-120.6694,64.6188,-18.0357,-2.64396
1693922597000279,-118.6104,63.8789,-18.6819,-2.2245
1693922597100147,-118.0928,63.2952,-18.2678,-2.51267
1693922597400253,-117.5052,63.2846,-18.4374,-2.70384
1693922597499794,-116.9642,63.2278,-18.5211,-2.73895
1693922597600508,-116.7972,63.2781,-18.5286,-2.7547
1693922598500307,-115.4915,63.7602,-18.5931,-2.42916
1693922598600253,-115.413,63.7582,-18.5267,-2.50464
1693922599000258,-115.4449,64.2731,-18.5003,-2.31987
1693922599100249,-115.1064,64.1484,-18.5032,-2.09896
1693922599500084,-115.2771,64.8209,-18.4493,-2.46638
1693922599600102,-114.8561,64.741,-18.4734,-1.79152
1693922599800472,-114.0839,64.2051,-18.6926,-1.73493
1693922599900523,-113.6215,63.8223,-18.7321,-2.07747
1693922600000180,-113.346,63.7707,-18.7796,-2.09439
1693922600100384,-113.3626,63.9236,-18.7836,-2.0232
1693922600300122,-113.2183,64.0563,-18.7895,-2.15407
1693922600600168,-113.2283,64.502,-18.7736,-1.92256
1693922600700398,-113.4203,64.7987,-18.7931,-2.16292
1693922600999918,-113.4151,65.023,-18.8503,-2.36114
1693922601100134,-113.4563,64.9878,-18.794,-2.09243
1693922601400182,-113.3636,64.9733,-18.7481,-1.64814
1693922601500255,-113.2906,64.8926,-18.7538,-1.97184
1693922601800253,-113.1734,64.9534,-18.8025,-2.14594
1693922601900172,-113.2862,64.8606,-18.8001,-2.0271
1693922602000184,-113.2578,64.8874,-18.7647,-1.66651
1693922602100247,-113.2765,65.0054,-18.8131,-2.05467
1693922602200228,-113.3891,65.0,-18.7943,-2.08412
1693922602299643,-113.3953,65.1212,-18.7455,-2.2269
1693922602999708,-113.7373,65.3819,-17.2758,-1.71229
1693922603500357,-113.8108,65.5538,-16.8179,-1.61725
1693922603599973,-113.8255,65.5881,-16.7267,-1.55069
1693922604300475,-113.9284,65.8287,-16.0859,-1.61794
1693922604500311,-113.9577,65.8973,-15.9031,-1.53885
1693922604900415,-114.0165,66.0348,-15.5372,-1.52513
1693922605000286,-114.0312,66.0691,-15.4458,-1.4874
1693922605300263,-114.0753,66.1721,-15.1714,-1.56483
1693922605400442,-114.4506,66.4498,-13.4403,-1.54783
1693922605800462,-114.4828,66.4777,-13.2973,-1.4801
1693922605900277,-114.4829,66.4578,-13.2646,1.5701
1693922606000350,-114.4837,66.4518,-13.2726,1.06572
1693922606400514,-114.4825,66.4517,-13.2752,1.55849
1693922606500334,-114.4814,66.4522,-13.2694,1.46324
1693922606700400,-114.4811,66.4505,-13.2676,1.4848
1693922606800396,-114.4816,66.4507,-13.2737,1.12085
1693922607100352,-114.4806,66.4501,-13.2769,1.4828
1693922607400461,-114.4806,66.4547,-13.2725,1.43831
1693922607500310,-114.4819,66.4461,-13.2798,-1.39409
1693922608300376,-114.4821,66.4533,-13.2738,1.41237
1693922608400522,-114.4816,66.4526,-13.2746,2.3475
1693922608699935,-114.4822,66.4473,-13.279,1.21588
1693922609000405,-114.4835,66.4444,-13.2811,-1.81949
1693922609100493,-114.4834,66.4486,-13.2792,1.45795
1693922609200517,-114.4836,66.4461,-13.28,-1.3116
1693922609900403,-114.4833,66.4457,-13.2804,1.0902
1693922610101610,-114.4829,66.4395,-13.2826,-1.88992
1693922610200502,-114.4837,66.4397,-13.2804,-0.31219
1693922610400524,-114.4833,66.4404,-13.2806,-1.14839
1693922610500411,-114.4836,66.441,-13.28,-1.11174
1693922610700470,-114.4808,66.446,-13.2839,-0.06156
1693922610800597,-114.4745,66.4589,-13.2878,0.01275
1693922610900577,-114.4847,66.4564,-13.2928,0.00673
1693922611000460,-114.5102,66.441,-13.3075,0.24849
1693922611100539,-114.5126,66.4393,-13.3091,0.21256
1693922611300302,-114.5133,66.4394,-13.3089,0.17586
1693922611500580,-114.516,66.4354,-13.3092,0.13291
1693922611800494,-114.5123,66.4389,-13.3093,0.23815
1693922612300426,-114.5126,66.4336,-13.309,0.02985
1693922612800423,-114.515,66.4394,-13.3089,0.29819
1693922613100717,-114.5129,66.4392,-13.3093,-0.00347
1693922613499623,-114.5151,66.4295,-13.3093,0.19166
1693922613600368,-114.515,66.4382,-13.3091,0.11458
1693922614999713,-114.5161,66.4297,-13.3089,-0.13419
1693922615100410,-114.5151,66.4388,-13.3085,0.19527
1693922615200371,-114.5136,66.4405,-13.309,0.08814
1693922615600812,-114.5141,66.4398,-13.3081,0.17494
1693922615900548,-114.5285,66.4294,-13.3112,-0.68082
1693922616000785,-114.4982,66.4713,-13.3088,-1.63194
1693922616300676,-114.4953,66.4759,-13.3086,-1.22572
1693922616900453,-114.5055,66.4863,-13.3094,-2.28432
1693922617000401,-114.5001,66.4789,-13.3081,-1.39862
1693922617100720,-114.4964,66.4746,-13.3084,-1.38779
1693922617700252,-114.5028,66.4809,-13.3084,-1.7874
1693922617900662,-114.4978,66.4727,-13.3087,-1.08814
1693922618200484,-114.5159,66.4377,-13.3098,0.85458
1693922618300561,-114.5117,66.4396,-13.3091,0.0252
1693922618900076,-114.5154,66.4315,-13.3104,0.06805
1693922619299946,-114.5384,66.4297,-13.311,-0.95843
1693922619400698,-114.5372,66.4279,-13.3111,-0.29265
1693922619500703,-114.5394,66.4296,-13.3117,-0.53265
1693922619700672,-114.5282,66.4274,-13.3108,-0.14528
1693922619800630,-114.5382,66.4298,-13.3119,-0.58231
1693922620200725,-114.54,66.4295,-13.3113,-0.28283
1693922620300722,-114.5387,66.4287,-13.3112,-0.51161
1693922620400125,-114.546,66.4293,-13.3112,-0.61552
1693922620900504,-114.5216,66.4289,-13.3105,0.48793
1693922621100608,-114.5211,66.4361,-13.3109,-0.41058
1693922621200738,-114.5194,66.4362,-13.3107,0.03754
1693922621300653,-114.5208,66.4306,-13.3106,-0.13669
1693922621700625,-114.5273,66.4257,-13.3107,-0.40411
1693922621900665,-114.5506,66.4308,-13.3103,-0.89729
1693922622300948,-114.5283,66.4273,-13.3106,0.30331
1693922622400263,-114.5287,66.4263,-13.3108,-0.41275
1693922622499723,-114.5394,66.4278,-13.3102,-0.43974
1693922622600748,-114.5171,66.4289,-13.31,0.09618
1693922622800787,-114.5142,66.4354,-13.3094,0.07121
1693922622900645,-114.5145,66.4403,-13.3092,0.17617
1693922623000731,-114.5182,66.4355,-13.304,0.22008
1693922623302440,-113.1859,66.4345,-13.3641,-0.24045
1693922623500711,-112.9091,66.4105,-13.1874,-0.29699
1693922623599847,-112.7915,66.4061,-13.1668,-0.3141
1693922623699542,-112.6711,66.3612,-13.0927,-0.33421
1693922623800025,-112.5499,66.349,-13.0671,-0.35535
1693922623901116,-112.4258,66.3389,-13.0409,-0.37935
1693922624001304,-111.8133,66.0282,-13.0656,-0.40238
1693922624100684,-111.5902,65.8856,-13.0889,-0.42795
1693922624200658,-111.3852,65.8058,-13.0447,-0.46006
1693922624299791,-111.2218,65.7316,-13.0042,-0.49124
1693922624600728,-110.7098,65.5332,-12.9431,-0.54466
1693922624899775,-109.615,65.1107,-12.8876,-0.64374
1693922625001047,-109.4232,64.9571,-12.8917,-0.65838
1693922625100653,-109.3839,64.791,-12.8378,-0.67751
1693922625301004,-109.2471,64.5038,-12.773,-0.70927
1693922625400628,-109.2747,64.3324,-12.5701,-0.71635
1693922625600728,-109.1698,64.1349,-12.3434,-0.75119
1693922625700651,-109.1828,63.9995,-12.1846,-0.78162
1693922625800812,-109.0233,63.7748,-12.201,-0.81089
1693922625900755,-108.8939,63.6379,-12.1538,-0.84338
1693922626000647,-108.9391,62.8386,-12.1355,-0.88433
1693922626100836,-108.8501,62.4514,-12.1366,-0.93554
1693922626300711,-108.8969,60.5047,-12.2445,-0.96935
1693922626399740,-108.8344,60.1518,-12.2671,-1.00682
1693922626600677,-109.1987,59.3705,-12.3574,-0.98066
1693922626700778,-109.1636,59.0191,-12.3545,-1.01359
1693922626800774,-109.1288,58.6601,-12.3465,-1.05614
1693922627100760,-109.0229,57.6021,-12.3098,-1.108
1693922627200818,-109.0357,57.4274,-12.2858,-1.14186
1693922627299899,-109.0601,57.2215,-12.2285,-1.16815
1693922627401126,-108.9591,57.3843,-12.2159,-1.18533
1693922627500750,-108.9365,57.1568,-12.1549,-1.22867
1693922627700851,-108.8709,56.613,-12.0393,-1.2666
1693922627800714,-108.8357,56.2871,-11.8862,-1.29348
1693922628000761,-108.7926,55.0371,-11.5366,-1.25823
1693922628100141,-108.7379,54.8824,-11.5145,-1.27447
1693922628300752,-109.5874,53.5218,-11.5162,-1.14255
1693922628400680,-110.0266,53.2259,-11.398,-1.11978
1693922628600835,-109.9894,52.4813,-11.3943,-1.1273
1693922628700731,-110.0429,52.1105,-11.3651,-1.14215
1693922628800898,-110.1119,51.7346,-11.3293,-1.15285
1693922628899587,-110.1436,51.5768,-11.3224,-1.18798
1693922629099956,-109.9791,51.5778,-11.2315,-1.29976
1693922629200813,-110.1379,51.436,-11.1866,-1.32897
1693922629299892,-110.1095,51.5148,-11.1551,-1.37362
1693922629400875,-109.9945,51.5324,-11.1771,-1.3873
1693922629500892,-109.9002,51.5067,-11.1192,-1.40596
1693922629600827,-109.7353,51.5564,-11.0641,-1.40984
1693922629699967,-109.7231,51.3987,-11.0393,-1.41442
1693922629800838,-109.5191,51.5795,-11.0565,-1.42653
1693922630100881,-109.2225,51.6463,-10.9911,-1.45774
1693922630200884,-109.1452,51.6983,-10.9099,-1.46397
1693922630300003,-109.0983,51.6172,-10.8831,-1.47386
1693922630400899,-109.0478,51.5359,-10.8543,-1.47829
1693922630500548,-108.985,51.4773,-10.8418,-1.48387
1693922630599613,-108.7811,51.6334,-10.881,-1.50452
1693922630700899,-108.664,51.723,-10.8019,-1.50386
1693922630800910,-108.5609,51.8396,-10.8387,-1.50522
1693922630901101,-108.4357,51.8215,-10.832,-1.49199
1693922631000944,-108.3662,51.9025,-10.9053,-1.48466
1693922631100825,-108.2989,51.9115,-10.9033,-1.47857
1693922631201103,-108.2281,51.904,-10.8929,-1.48162
1693922631300859,-108.13,51.9472,-10.8887,-1.49711
1693922631500990,-107.9035,52.0655,-10.8402,-1.49958
1693922631600960,-107.7876,52.0643,-10.8309,-1.50833
1693922631701016,-107.7008,52.063,-10.8265,-1.5134
1693922631800975,-107.3768,51.6084,-10.6692,-1.57343
1693922631900935,-107.3041,51.4472,-10.6156,-1.55477
1693922632199893,-107.7661,50.7732,-10.6465,-1.67842
1693922632300821,-107.7271,50.6772,-10.6352,-1.69867
1693922632399802,-107.6906,50.5834,-10.6278,-1.70981
1693922632500936,-107.651,50.4863,-10.6171,-1.71579
1693922632600900,-107.604,50.3894,-10.5704,-1.71872
1693922632699941,-107.5546,50.3004,-10.545,-1.71793
1693922632799906,-107.5068,50.2134,-10.5237,-1.7191
1693922632900855,-107.4202,50.1322,-10.4778,-1.72545
1693922633000033,-107.3271,50.0423,-10.3563,-1.74061
1693922633100910,-107.1959,49.3185,-10.4045,-1.8353
1693922633199735,-107.1724,49.0947,-10.3527,-1.83909
1693922633300562,-107.599,48.5308,-10.2466,-1.87758
1693922633600029,-108.0572,47.8251,-10.1018,-2.00876
1693922633702489,-108.084,47.6133,-10.0718,-2.01943
1693922633899982,-108.1375,47.2049,-10.0078,-2.02088
1693922633999963,-108.1664,46.9978,-9.9808,-2.02159
1693922634100975,-108.1891,46.7933,-9.9506,-2.01875
1693922634401044,-108.1786,46.1613,-9.8311,-1.99886
1693922634501172,-108.1899,46.0143,-9.8248,-2.02205
1693922634600943,-107.2935,46.172,-9.8193,-2.09124
1693922634899994,-106.9951,45.7764,-9.7125,-2.05035
1693922635000218,-106.9142,45.6182,-9.6896,-2.04573
1693922635200044,-106.7549,45.3063,-9.6366,-2.04131
1693922635300113,-106.6779,45.1482,-9.6155,-2.03904
1693922635400009,-106.6041,44.9948,-9.5932,-2.03391
1693922635700082,-106.4327,44.7275,-9.4718,-2.03981
1693922635799560,-106.3619,44.5947,-9.4462,-2.04233
1693922635899599,-106.2775,44.6847,-9.3381,-2.03902
1693922636000076,-106.1559,44.5922,-9.3129,-2.03541
1693922636100013,-106.0792,44.4843,-9.2819,-2.02896
1693922636200529,-105.9923,44.8014,-9.114,-2.05067
1693922636300141,-105.8432,44.726,-8.9693,-2.05827
1693922636499605,-105.5404,44.7957,-8.8584,-2.06243
1693922636600126,-105.4344,44.7398,-8.7989,-2.05868
1693922636700038,-105.3295,44.6917,-8.7432,-2.05299
1693922636899665,-105.1269,44.5843,-8.6352,-2.04143
1693922637000060,-105.0235,44.5325,-8.5861,-2.03852
1693922637101020,-104.7085,44.9978,-8.4824,-2.06117
1693922637200133,-103.7207,45.4479,-8.3424,-2.04349
1693922637300080,-103.5115,45.4821,-8.2774,-2.03556
1693922637399888,-103.306,45.505,-8.2087,-2.03107
1693922637500081,-103.0867,45.3865,-8.2604,-2.03533
1693922637600065,-102.8803,45.3998,-8.2141,-2.0303
1693922637700281,-102.7107,45.0719,-8.1963,-2.07837
1693922637799689,-102.5113,45.0552,-8.1531,-2.07186
1693922637900057,-102.309,45.0407,-8.1102,-2.065
1693922638000088,-102.1088,45.0222,-8.0655,-2.05923
1693922638100140,-101.9104,45.0023,-8.0291,-2.05428
1693922638200125,-101.71,44.984,-7.9877,-2.04894
1693922638300234,-101.6428,44.7594,-8.0571,-2.10479
1693922638400779,-101.5635,44.5826,-8.0341,-2.13448
1693922638500145,-101.4204,44.4775,-7.9535,-2.14201
1693922638600139,-101.246,44.4236,-7.9226,-2.13451
1693922638699797,-101.0997,44.3426,-7.9027,-2.14083
1693922638799678,-101.0451,44.267,-7.8143,-2.19829
1693922638900141,-100.9038,44.199,-7.8179,-2.20368
1693922638999752,-100.859,44.1057,-7.8078,-2.25637
1693922639100177,-100.7166,44.0409,-7.7773,-2.2505
1693922639200027,-100.6403,44.0176,-7.8239,-2.27071
1693922639300317,-100.564,43.9702,-7.786,-2.27359
1693922639400081,-100.5139,43.9232,-7.7317,-2.27318
1693922639500057,-100.5026,43.9288,-7.7612,-2.29648
1693922639600155,-100.4324,43.9435,-7.6382,-2.31836
1693922639700120,-100.3242,43.8955,-7.6112,-2.31054
1693922639800082,-100.2173,43.8389,-7.6093,-2.30405
1693922639899769,-100.148,43.6786,-7.6326,-2.33092
1693922640000189,-100.0426,43.6134,-7.6102,-2.32387
1693922640100132,-99.9384,43.5501,-7.5915,-2.31567
1693922640199742,-99.8795,43.4379,-7.6191,-2.32562
1693922640299771,-99.8156,43.3318,-7.598,-2.31078
1693922640400127,-99.7308,43.2143,-7.5792,-2.2978
1693922640499823,-99.6178,43.0696,-7.5683,-2.3073
1693922640600180,-99.4691,43.0384,-7.5206,-2.29161
1693922640699789,-99.2868,42.9118,-7.386,-2.29006
1693922640799805,-99.161,42.8003,-7.4554,-2.31587
1693922640900135,-99.0449,42.7047,-7.4352,-2.31834
1693922641000212,-98.9308,42.6328,-7.4191,-2.31937
1693922641099900,-98.8064,42.5267,-7.4829,-2.34644
1693922641200107,-98.4504,42.2221,-7.2063,-2.35605
1693922641299995,-98.282,42.0848,-7.1675,-2.35319
1693922641400215,-98.0225,41.7733,-6.7269,-2.29807
1693922641500216,-97.9296,41.4377,-6.473,-2.31087
1693922641600162,-97.8023,41.2892,-6.4573,-2.30693
1693922641699762,-97.7782,41.2666,-6.1611,-2.29981
1693922641799565,-97.6523,41.1316,-6.0621,-2.29043
1693922641900112,-97.4854,41.1439,-5.6567,-2.26038
1693922641999576,-97.0463,41.123,-5.224,-2.23529
1693922642100286,-96.8408,40.9982,-5.1219,-2.23038
1693922642200163,-96.6494,40.9193,-5.0809,-2.2151
1693922642299910,-96.4369,40.7591,-5.1142,-2.19796
1693922642400183,-96.2903,40.6221,-5.11,-2.19684
1693922642500162,-96.7031,40.9622,-5.5934,-2.04863
1693922642599910,-96.9371,41.1515,-5.5464,-1.97459
1693922642700171,-96.8617,41.1237,-5.5701,-1.96953
1693922642800188,-96.7468,41.12,-5.5955,-1.96992
1693922642899593,-96.6635,41.0765,-5.5607,-1.96542
1693922642999567,-96.5664,41.0349,-5.5504,-1.96052
1693922643099856,-96.4546,41.0256,-5.5867,-1.95429
1693922643200314,-96.3684,40.9825,-5.578,-1.95485
1693922643299926,-96.2452,40.9253,-5.5787,-1.95934
1693922643400264,-96.1316,40.8867,-5.5804,-1.97347
1693922643499928,-96.0223,40.8463,-5.5789,-1.975
1693922643599763,-95.8735,40.7967,-5.5573,-1.98328
1693922643699764,-95.7316,40.7656,-5.5709,-1.9973
1693922643799852,-95.5994,40.716,-5.5617,-1.99914
1693922643899772,-95.4685,40.6673,-5.5734,-2.02437
1693922644199864,-96.0208,40.7186,-5.0902,-2.11223
1693922644300276,-96.5597,40.883,-4.742,-2.03741
1693922644399873,-96.3777,40.821,-4.0935,-2.0258
1693922644499732,-96.2667,40.844,-3.9365,-2.0196
1693922644599961,-96.1882,40.8341,-3.7813,-2.01755
1693922644699905,-96.0525,40.815,-3.6769,-2.01157
1693922644800156,-95.8281,40.7826,-3.52,-1.99488
1693922644999558,-95.6855,40.7162,-3.3227,-1.98528
1693922645099783,-95.6005,40.5906,-3.3418,-1.97543
1693922645400328,-95.7541,40.7136,-3.7047,-1.76707
1693922645499956,-96.2164,40.8986,-3.6508,-1.77091
1693922645599665,-96.2598,40.9804,-3.6854,-1.784
1693922645699762,-96.1121,41.0842,-3.7658,-1.79757
1693922645799769,-95.9528,41.104,-3.7899,-1.77847
1693922645899780,-95.7853,41.1209,-3.7808,-1.77278
1693922645999586,-95.5725,41.1294,-3.8293,-1.77783
1693922646099822,-95.3774,41.1966,-3.8184,-1.75889
1693922646199747,-95.2628,41.2162,-3.8063,-1.75553
1693922646299716,-95.05,41.2019,-3.8709,-1.74946
1693922646399822,-94.8712,41.3038,-3.8632,-1.73312
1693922646499947,-94.7547,41.335,-3.8599,-1.73556
1693922646599726,-94.5171,41.4187,-3.9908,-1.73882
1693922646699764,-94.3906,41.4611,-3.9725,-1.73527
1693922646799849,-94.2684,41.5034,-3.9679,-1.73913
1693922646899877,-94.0203,41.4824,-4.07,-1.75139
1693922646999865,-93.8624,41.2416,-3.8179,-1.75178
1693922647099831,-93.7244,41.2342,-3.8343,-1.75649
1693922647199875,-93.4972,41.1614,-3.7503,-1.77767
1693922647299848,-93.3485,41.1732,-3.7378,-1.78026
1693922647399963,-93.2247,41.1559,-3.8,-1.79174
1693922647499849,-93.0258,41.0811,-3.6655,-1.80683
1693922647599868,-92.8074,41.2464,-3.7129,-1.81976
1693922647799898,-92.5514,41.2242,-3.7339,-1.84796
1693922647899879,-92.4013,41.274,-3.7896,-1.82773
1693922647999767,-92.2918,41.277,-3.7294,-1.84706
1693922648099888,-92.1125,41.3088,-3.8276,-1.8601
1693922648199818,-91.9399,41.3407,-3.9207,-1.8539
1693922648300131,-91.7755,41.3167,-3.9128,-1.84783
1693922648399897,-91.5752,41.373,-3.9983,-1.83621
1693922648499678,-91.4304,41.3694,-4.1297,-1.81865
1693922648599877,-91.3687,41.4644,-4.1854,-1.83105
1693922648699816,-91.2139,41.4153,-4.1781,-1.83752
1693922648799949,-91.0308,41.422,-4.2384,-1.81764
1693922648899800,-90.9999,41.6301,-4.446,-1.79634
1693922648999759,-91.1242,41.4158,-4.2442,-1.72807
1693922649099926,-91.0349,41.4723,-4.3436,-1.71513
1693922649200147,-90.9135,41.4605,-4.4546,-1.70955
1693922649299981,-90.7974,41.378,-4.2124,-1.6926
1693922649399927,-90.5517,41.4563,-4.2433,-1.69236
1693922649599945,-90.2996,41.4775,-4.2605,-1.69579
1693922649699741,-90.1297,41.5763,-4.4302,-1.67347
1693922649799900,-90.0284,41.6345,-4.3549,-1.66494
1693922649900213,-89.9081,41.6391,-4.3728,-1.67014
1693922649999946,-89.733,41.6391,-4.2997,-1.67153
1693922650099894,-89.5448,41.6321,-4.4108,-1.67247
1693922650199635,-89.4245,41.6493,-4.4412,-1.66985
1693922650299623,-89.2623,41.6704,-4.4477,-1.67381
1693922650399873,-89.0408,41.5568,-4.4085,-1.66771
1693922650499971,-88.8912,41.5584,-4.4265,-1.66543
1693922650599903,-88.7359,41.5816,-4.4343,-1.66935
1693922650699822,-88.5359,41.5878,-4.4173,-1.65912
1693922650799779,-88.4086,41.6517,-4.4354,-1.64808
1693922650899565,-88.2293,41.6575,-4.4628,-1.64819
1693922650999679,-87.9601,41.5921,-4.4356,-1.64102
1693922651099977,-87.8203,41.6303,-4.4583,-1.63609
1693922651200027,-87.6342,41.6815,-4.5201,-1.63652
1693922651299556,-87.4348,41.6707,-4.4807,-1.62681
1693922651399879,-87.2339,41.6513,-4.5024,-1.61677
1693922651499690,-87.0395,41.6568,-4.5814,-1.59858
1693922651599941,-86.9746,41.7352,-4.5914,-1.6072
1693922651699551,-86.8101,41.7547,-4.6023,-1.61308
1693922651899643,-86.5188,42.0142,-4.5505,-1.6057
1693922651999807,-86.4319,42.4903,-4.6847,-1.62189
1693922652099799,-86.3077,42.5409,-5.0162,-1.6466
1693922652199766,-86.1513,42.5942,-5.0802,-1.6591
1693922652299806,-85.928,42.5621,-5.3585,-1.71576
1693922652399805,-85.7262,42.5308,-5.4435,-1.72944
1693922652499781,-85.521,42.4623,-5.5536,-1.74501
1693922652599793,-85.3487,42.3487,-5.6988,-1.78873
1693922652699724,-85.2475,42.3113,-5.3507,-1.83598
1693922652799926,-85.0726,42.329,-5.4247,-1.84024
1693922652899799,-84.8699,42.3255,-5.4922,-1.83595
1693922652999647,-84.6562,42.3952,-5.5004,-1.83433
1693922653099719,-84.5282,42.3852,-5.5901,-1.83987
1693922653199611,-84.3623,42.3531,-5.6872,-1.8359
1693922653299815,-84.185,42.2834,-5.6389,-1.8368
1693922653399911,-83.9719,42.3022,-5.6366,-1.84611
1693922653499895,-83.8479,42.1879,-5.6648,-1.84062
1693922653599818,-83.8387,42.2434,-5.6497,-1.81269
1693922653699613,-83.7098,42.2877,-5.7544,-1.81983
1693922653799923,-83.6161,42.2292,-5.7585,-1.82375
1693922653899788,-83.4725,42.2251,-5.8113,-1.82688
1693922654000453,-83.3188,42.2209,-5.8685,-1.82801
1693922654099862,-83.1727,42.2283,-5.879,-1.81213
1693922654199983,-82.9853,42.2612,-5.8682,-1.8137
1693922654299796,-82.8387,42.2363,-5.8666,-1.82464
1693922654399991,-82.6136,42.2768,-5.8308,-1.80873
1693922654499749,-82.4652,42.2654,-5.8495,-1.80775
1693922654599946,-82.268,42.2978,-5.7705,-1.81797
1693922654699837,-82.1102,42.2488,-5.7863,-1.82293
1693922654899969,-81.8216,42.1992,-5.8068,-1.82712
1693922654999889,-81.964,42.0931,-5.8109,-1.83184
1693922655199923,-81.8373,42.2169,-5.9005,-1.79348
1693922655299908,-81.9727,42.2473,-6.0532,-1.79895
1693922655399799,-81.9116,42.2235,-6.0665,-1.80696
1693922655499913,-82.0197,42.3038,-6.0948,-1.79969
1693922655599848,-82.0942,42.3619,-6.0961,-1.8028
1693922655699759,-82.0061,42.3355,-6.0257,-1.81153
1693922655799978,-82.1196,42.419,-6.0758,-1.7982
1693922655900232,-82.1763,42.5869,-6.2808,-1.79792
1693922655999883,-82.1396,42.6016,-6.2923,-1.80047
1693922656099745,-82.106,42.6214,-6.3252,-1.80328
1693922656199822,-82.0759,42.6411,-6.3605,-1.80579
1693922656299840,-82.0752,42.5928,-6.3489,-1.80471
1693922656399821,-82.0458,42.604,-6.3773,-1.80748
1693922656499883,-82.1168,42.5783,-6.3969,-1.804
1693922656600006,-82.126,42.5633,-6.2653,-1.80099
1693922656700055,-82.1081,42.5665,-6.2788,-1.80426
1693922656799890,-82.1778,42.5635,-6.3504,-1.80255
1693922656899861,-82.1541,42.5454,-6.2325,-1.80126
1693922657000069,-82.1442,42.5441,-6.2359,-1.80377
1693922657199919,-82.1238,42.548,-6.2456,-1.80572
1693922657300130,-82.0709,42.4603,-6.5442,-1.81617
1693922657399926,-82.0609,42.4457,-6.5248,-1.82724
1693922657500100,-82.078,42.3895,-6.5651,-1.82394
1693922657600024,-82.0882,42.44,-6.5999,-1.82353
1693922657699904,-82.0948,42.443,-6.6318,-1.82484
1693922657800008,-82.0814,42.4062,-6.5594,-1.82127
1693922658099899,-82.0782,42.4083,-6.5826,-1.82011
1693922658200082,-82.0722,42.4507,-6.5802,-1.81685
1693922658299903,-82.1434,42.5944,-6.7976,-1.78783
1693922658599969,-82.1751,42.6049,-6.8261,-1.80244
1693922658699875,-82.0746,42.5569,-6.7042,-1.80595
1693922658799955,-82.0625,42.4922,-6.6124,-1.81078
1693922658899912,-82.0607,42.4992,-6.5954,-1.81883
1693922659000157,-82.0541,42.4905,-6.6035,-1.82615
1693922659100158,-82.0663,42.4725,-6.5901,-1.82203
1693922659200068,-82.0901,42.4849,-6.6428,-1.81847
1693922660800005,-82.0651,42.5042,-6.6394,-1.80704
1693922660900080,-82.1722,42.3984,-6.4129,-1.82109
1693922661000133,-82.0956,42.4888,-6.6615,-1.80916
1693922661099945,-82.0301,42.5684,-6.6155,-1.79847
1693922661199823,-82.0719,42.4719,-6.5109,-1.82023
1693922661299938,-82.0972,42.4681,-6.6469,-1.8049
1693922661600087,-82.0981,42.4896,-6.6229,-1.81228
1693922661700041,-82.052,42.4852,-6.6257,-1.8132
1693922661800144,-82.0998,42.4403,-6.5934,-1.82096
1693922661900210,-82.0837,42.4647,-6.6349,-1.80061
1693922661999881,-82.0638,42.5231,-6.6575,-1.81157
1693922662100184,-82.0515,42.4831,-6.6133,-1.81847
1693922662200088,-82.0653,42.4986,-6.6387,-1.8108
1693922662300075,-82.0922,42.4419,-6.5056,-1.82309
1693922662400119,-82.0946,42.4358,-6.5043,-1.82675
1693922662500204,-82.0734,42.552,-6.7334,-1.80292
1693922662600231,-82.0635,42.585,-6.6736,-1.80918
1693922662700180,-82.0798,42.499,-6.679,-1.82147
1693922662800097,-82.0808,42.4979,-6.6747,-1.81608
1693922662900012,-82.0802,42.4613,-6.6111,-1.82139
1693922663000142,-82.078,42.4549,-6.6176,-1.8249
1693922663099703,-82.1346,42.5302,-6.6968,-1.80484
1693922663200102,-82.0832,42.5462,-6.68,-1.81986
1693922663299839,-82.0945,42.5028,-6.6479,-1.82219
1693922663400152,-82.0907,42.4969,-6.6446,-1.82532
1693922664000181,-82.0686,42.444,-6.6177,-1.82419
1693922664100080,-82.0699,42.4345,-6.6098,-1.80794
1693922664200046,-82.0752,42.4076,-6.6085,-1.80822
1693922664300113,-81.9515,42.4554,-6.6066,-1.81677
1693922664400224,-81.699,42.4451,-6.5214,-1.80876
1693922664500009,-81.6171,42.447,-6.5533,-1.81502
1693922664599766,-81.2937,42.4785,-6.5955,-1.80746
1693922664700134,-81.0337,42.6113,-6.7046,-1.78979
1693922664800241,-80.7946,42.8623,-6.8425,-1.76508
1693922664900138,-80.616,42.9606,-6.9656,-1.70428
1693922665000178,-80.3939,43.1323,-7.114,-1.66256
1693922665100232,-80.3614,43.2849,-7.0438,-1.62893
1693922665200011,-80.2053,43.4927,-7.2259,-1.5943
1693922665300093,-80.0756,43.4898,-7.1821,-1.55911
1693922665400190,-79.6329,43.2582,-7.0694,-1.49716
1693922665499896,-79.2669,43.2957,-7.0842,-1.48046
1693922665600149,-78.3593,43.2703,-7.3163,-1.4551
1693922665700237,-76.1713,43.3009,-7.2062,-1.23322
1693922666000381,-74.8731,43.5424,-7.1904,-1.23225
1693922666100166,-74.0568,43.5578,-6.8353,-1.22069
1693922666200152,-73.6608,43.6482,-6.8523,-1.22236
1693922666299979,-72.4054,43.7871,-5.1332,-1.21178
1693922666400285,-71.8521,43.882,-4.7992,-1.20908
1693922666499747,-71.2976,43.9978,-4.5848,-1.218
1693922666600386,-70.7558,44.0728,-4.3588,-1.22144
1693922666700260,-70.1484,44.1705,-4.1884,-1.23219
1693922666800294,-69.5129,44.2958,-4.0556,-1.24999
1693922666900310,-68.9441,44.4074,-4.2027,-1.26923
1693922667000303,-68.3707,44.4993,-4.0385,-1.28737
1693922667100209,-67.9476,44.5418,-3.8721,-1.30522
1693922667200267,-67.4913,44.6282,-3.8288,-1.30824
1693922667300355,-67.0344,44.7105,-3.7391,-1.31056
1693922667400416,-66.6129,44.7615,-3.5912,-1.30209
1693922667500443,-66.1108,44.8519,-3.4993,-1.30912
1693922667600287,-65.6026,44.9354,-3.3935,-1.31499
1693922667700231,-64.7385,45.0168,-3.5364,-1.32492
1693922667799543,-64.495,45.1295,-3.8852,-1.3284
1693922667900376,-64.3845,45.2004,-3.8554,-1.33814
1693922668000357,-64.2769,45.234,-3.9557,-1.35387
1693922668099918,-64.0265,45.3177,-3.9729,-1.3649
1693922668200213,-63.8643,45.376,-4.0228,-1.37576
1693922668300292,-63.7978,45.4126,-3.9267,-1.39455
1693922668400405,-63.6684,45.4919,-4.3548,-1.39163
1693922668500414,-63.5681,45.5331,-4.3771,-1.39498
1693922668600236,-63.3268,45.5767,-4.4277,-1.40227
1693922668700339,-63.1473,45.6289,-4.5614,-1.40152
1693922668800287,-63.1224,45.6746,-4.4955,-1.39379
1693922668900403,-62.9246,45.7436,-4.7293,-1.40221
1693922669200316,-62.4478,45.902,-4.8391,-1.45187
1693922669300171,-62.3283,45.9386,-5.0912,-1.44085
1693922669400257,-62.2464,46.0061,-5.1144,-1.44259
1693922669500374,-62.0559,46.0782,-5.4149,-1.46088
1693922669600366,-61.8624,46.0859,-5.3998,-1.49098
1693922669700245,-61.6684,46.1367,-5.6504,-1.51076
1693922669800413,-61.4133,46.1922,-5.5644,-1.55481
1693922670000271,-61.0649,46.2494,-5.8012,-1.59865
1693922670100261,-60.9988,46.2998,-5.8249,-1.60157
1693922670200400,-60.8349,46.2785,-5.6467,-1.63702
1693922670300333,-60.6673,46.2872,-5.6484,-1.64774
1693922670400432,-60.4783,46.328,-5.7263,-1.66962
1693922670500529,-60.3482,46.3035,-5.5714,-1.68184
1693922670800541,-59.8599,46.3101,-5.5051,-1.73197
1693922670900381,-59.745,46.3311,-5.5166,-1.72279
1693922671000255,-59.5603,46.3169,-5.4764,-1.72999
1693922671100392,-59.4012,46.2979,-5.2871,-1.73028
1693922671200238,-59.2162,46.3006,-5.2941,-1.74189
1693922671300318,-59.0657,46.2752,-5.2261,-1.74204
1693922671400533,-58.869,46.2907,-5.2339,-1.75333
1693922671500362,-58.7524,46.2902,-5.1936,-1.77382
1693922671600277,-58.6093,46.2564,-5.1691,-1.77056
1693922671700369,-58.4383,46.2538,-5.1591,-1.7746
1693922671800418,-58.286,46.2238,-4.9671,-1.78043
1693922671900448,-58.052,46.2122,-5.0094,-1.78334
1693922672100433,-57.7922,46.2053,-4.9458,-1.78259
1693922672200481,-57.6516,46.1823,-4.9601,-1.78358
1693922672300437,-57.5284,46.2022,-5.0247,-1.78443
1693922672400042,-57.4147,46.1588,-4.9527,-1.7718
1693922672500286,-57.2217,46.1332,-4.9117,-1.77842
1693922672600486,-57.086,46.1293,-4.9308,-1.7756
1693922672700486,-56.9469,46.1597,-4.8949,-1.77622
1693922672900519,-56.6457,46.1718,-4.946,-1.8046
1693922673000365,-56.6303,46.1092,-5.0048,-1.77042
1693922673100549,-56.5192,46.0357,-4.997,-1.76315
1693922673200497,-56.3767,46.0589,-4.9553,-1.75406
1693922673300330,-56.1962,46.0413,-4.8953,-1.77063
1693922673400373,-56.026,46.0149,-4.8681,-1.77712
1693922673500455,-55.8942,46.0272,-4.8732,-1.77787
1693922673600511,-55.7922,46.0038,-4.9664,-1.78103
1693922673700560,-55.7868,45.9767,-4.938,-1.78071
1693922673800232,-55.7071,45.9797,-4.8989,-1.77556
1693922673900434,-55.6256,45.9584,-4.9544,-1.78038
1693922674000528,-55.5886,45.9196,-4.9443,-1.77173
1693922674100458,-55.9884,45.9067,-4.8459,-1.77633
1693922674200386,-56.0137,45.7949,-4.7183,-1.77374
1693922674400529,-55.9183,45.7879,-4.7442,-1.75771
1693922674500394,-55.9218,45.7786,-4.662,-1.75572
1693922674600440,-55.8541,45.7508,-4.3796,-1.76007
1693922674700545,-55.819,45.6978,-4.2177,-1.75974
1693922674800426,-56.61,45.6583,-3.8776,-1.76496
1693922674900273,-56.6532,45.6383,-3.7874,-1.76429
1693922674999871,-56.796,45.5724,-3.7435,-1.74141
1693922675100090,-56.9126,45.5763,-3.797,-1.73729
1693922675700500,-57.219,45.4941,-3.459,-1.75496
1693922675799988,-57.2421,45.5342,-3.4333,-1.75426
1693922675900550,-57.3049,45.4986,-3.4557,-1.73597
1693922676000503,-57.5074,45.461,-3.5797,-1.73013
1693922676100487,-57.6034,45.4691,-3.598,-1.74584
1693922676200336,-57.713,45.4378,-3.6455,-1.75667
1693922676400419,-57.8407,45.4172,-3.6715,-1.76727
1693922676500567,-57.8764,45.378,-3.7267,-1.77981
1693922676599940,-57.9618,45.3382,-3.6944,-1.78117
1693922676700507,-58.0178,45.3202,-3.8672,-1.80171
1693922676799603,-58.0506,45.3329,-3.9898,-1.81355
1693922676900504,-58.0538,45.2769,-3.9767,-1.8295
1693922677000461,-58.903,45.1826,-3.8647,-1.84009
1693922677100525,-59.0901,45.1694,-3.9322,-1.84826
1693922677200511,-59.3765,45.1245,-3.8639,-1.86143
1693922677299877,-59.4871,45.0738,-3.9439,-1.86413
1693922677399559,-59.5456,45.0679,-4.4564,-1.87198
1693922677500227,-59.518,45.019,-4.5993,-1.88121
1693922677600294,-59.4615,44.9872,-4.761,-1.88226
1693922677700570,-59.3661,44.9557,-4.7644,-1.8861
1693922677800404,-59.1885,44.9646,-5.6046,-1.88375
1693922677900481,-59.1006,44.9147,-5.5853,-1.88885
1693922677999627,-58.7023,44.8908,-5.4984,-1.88782
1693922678100415,-58.7003,44.8626,-5.5994,-1.88552
1693922678200498,-58.3193,44.7932,-5.5042,-1.89105
1693922678300508,-58.0713,44.7695,-5.4657,-1.88566
1693922678400002,-57.8828,44.723,-5.3274,-1.89138
1693922678499633,-57.7354,44.6958,-5.3285,-1.88744
1693922678600481,-57.4846,44.677,-5.3808,-1.88909
1693922678700691,-57.3892,44.6437,-5.4246,-1.8861
1693922678799828,-57.2349,44.6088,-5.4716,-1.88476
1693922678900467,-57.0655,44.5824,-5.5745,-1.87754
1693922679000563,-56.9545,44.5531,-5.6313,-1.87429
1693922679100174,-56.7506,44.5274,-5.7049,-1.88908
1693922679200358,-56.6215,44.4851,-5.7053,-1.87862
1693922679300492,-56.5143,44.4342,-5.7755,-1.8664
1693922679400556,-56.307,44.417,-5.7779,-1.88094
1693922679600535,-55.7551,44.3363,-6.0269,-1.86851
1693922679700586,-55.4498,44.3205,-5.8612,-1.86048
1693922679800668,-55.0452,44.2965,-5.8261,-1.85248
1693922679899542,-54.8729,44.2539,-5.8429,-1.83813
1693922679999842,-54.6939,44.2189,-5.9066,-1.82153
1693922680099791,-54.5526,44.1771,-5.9656,-1.80393
1693922680200659,-54.417,44.1399,-6.0241,-1.78286
1693922680300550,-54.2687,44.1114,-6.1116,-1.76688
1693922680400611,-54.1023,44.0912,-6.1774,-1.76213
1693922680500711,-53.9562,44.0771,-6.2548,-1.75342
1693922680599596,-53.7882,44.078,-6.351,-1.74704
1693922680700626,-53.5386,44.095,-6.5294,-1.72965
1693922680800357,-53.3348,44.0707,-6.6475,-1.70968
1693922681000539,-53.0163,44.0574,-6.8222,-1.67872
1693922681100647,-52.8427,44.0564,-6.9085,-1.67789
1693922681200530,-52.6631,44.0717,-7.0288,-1.66251
1693922681299557,-52.4918,44.0805,-7.1125,-1.65331
1693922681400733,-52.332,44.1016,-7.1922,-1.64365
1693922681499887,-52.1479,44.13,-7.2835,-1.63461
1693922681600608,-51.9724,44.1311,-7.3692,-1.63454
1693922681700485,-51.8009,44.1303,-7.4563,-1.63384
1693922681800581,-51.6478,44.1565,-7.5535,-1.62284
1693922682000570,-51.3319,44.1734,-7.7468,-1.61626
1693922682100616,-51.1998,44.1857,-7.7836,-1.6179
1693922682200609,-51.072,44.1849,-7.889,-1.61848
1693922682500552,-50.7344,44.2093,-8.061,-1.61438
1693922682600467,-50.6261,44.1881,-8.1744,-1.60765
1693922682700643,-50.5105,44.216,-8.2258,-1.58795
1693922682800673,-50.3682,44.2052,-8.3175,-1.58267
1693922682900558,-50.2472,44.2495,-8.3692,-1.57086
1693922682999948,-50.1447,44.245,-8.4779,-1.56859
1693922683100384,-50.0016,44.2442,-8.5707,-1.5645
1693922683200645,-49.8621,44.2265,-8.6776,-1.55889
1693922683400572,-49.594,44.1513,-8.8321,-1.5372
1693922683599841,-49.3481,44.0744,-8.9796,-1.52671
1693922683699860,-49.3764,43.7381,-8.8393,-1.53578
1693922683800499,-49.2934,43.5737,-8.8488,-1.53982
1693922683999851,-49.1493,43.395,-8.8014,-1.54914
1693922684400688,-48.7249,43.1177,-9.0195,-1.55983
1693922684500300,-48.615,43.0505,-9.0717,-1.57446
1693922684600692,-48.4797,42.9835,-9.2065,-1.5686
1693922684699578,-48.3631,43.0292,-9.3831,-1.51684
1693922684800254,-48.2501,42.9898,-9.4474,-1.52448
1693922684900731,-48.1353,42.9611,-9.5479,-1.53946
1693922685000370,-47.9649,42.9928,-9.665,-1.52838
1693922685200609,-47.7359,43.0006,-9.8256,-1.53649
1693922685300653,-47.6167,42.9742,-9.9068,-1.54225
1693922685400158,-47.3665,43.111,-10.0255,-1.57167
1693922685500386,-46.6613,43.4205,-10.1669,-1.53099
1693922685599782,-46.0458,44.2229,-9.9832,-1.51245
1693922685800658,-44.8196,44.93,-10.0108,-1.52766
1693922685900621,-44.5265,45.0957,-10.0258,-1.54347
1693922686000170,-44.2987,45.2645,-10.0332,-1.57726
1693922686100624,-44.0025,45.3281,-10.0784,-1.63124
1693922686200632,-43.7292,45.3921,-10.0623,-1.65979
1693922686400171,-43.3076,45.4195,-9.9489,-1.66419
1693922686500484,-43.1375,45.371,-9.8325,-1.67737
1693922686600564,-42.9184,45.4155,-9.7569,-1.6785
1693922686700697,-42.6619,45.4947,-9.7647,-1.68343
1693922687100758,-41.8996,45.4785,-9.6925,-1.72412
1693922687200156,-41.7557,45.3775,-9.7073,-1.70456
1693922687300878,-41.4794,45.3272,-9.7545,-1.70696
1693922687499923,-41.0996,45.3377,-9.7513,-1.70945
1693922687599814,-40.8987,45.3031,-9.8163,-1.71205
1693922688000117,-40.1303,45.2633,-9.8636,-1.65887
1693922688100435,-39.9569,45.2943,-9.9025,-1.66103
1693922688200192,-39.8672,45.3315,-9.9573,-1.61821
1693922688300676,-39.6603,45.2661,-9.9499,-1.60963
1693922688399941,-39.3971,45.1814,-10.0153,-1.5821
1693922688499944,-39.3444,45.3255,-10.0594,-1.55922
1693922688799937,-38.9058,45.2601,-10.0961,-1.47375
1693922688900703,-38.899,45.2626,-10.0655,-1.47195
1693922689100781,-38.523,45.1623,-10.1046,-1.44891
1693922689200436,-38.4616,44.9501,-10.0577,-1.45683
1693922689299913,-38.2871,44.8064,-10.068,-1.45131
1693922689600566,-38.0736,44.5602,-10.1007,-1.42683
1693922689700300,-38.1678,44.7081,-10.1318,-1.43859
1693922689800120,-38.1433,44.5752,-10.0995,-1.44648
1693922690000799,-38.2207,44.6561,-10.0882,-1.42017
1693922690100705,-38.2253,44.5981,-10.0538,-1.4434
1693922690200085,-38.1773,44.5385,-10.1019,-1.45466
1693922690400804,-38.0787,44.4333,-10.1431,-1.4732
1693922690500179,-38.1733,44.4526,-10.1943,-1.44418
1693922690600964,-38.3714,44.5507,-10.3545,-1.45074
1693922690700729,-38.5,44.5793,-10.4477,-1.47004
1693922690800221,-38.6151,44.6726,-10.7317,-1.46129
1693922690900979,-40.2318,45.4206,-11.06,-1.5061
1693922691000730,-40.3854,45.4897,-11.1342,-1.51148
1693922691200961,-40.6926,45.6275,-11.2851,-1.51715
1693922691300705,-40.4856,45.3665,-11.3808,-1.46561
1693922691399770,-40.3453,45.3887,-11.6946,-1.48784
1693922691500790,-40.3586,45.419,-11.8714,-1.64193
1693922691600012,-40.3223,45.4566,-12.3566,-1.12536
1693922691700135,-40.3032,45.4624,-12.4716,-0.8985
1693922691800750,-40.2998,45.4628,-12.479,-0.73937
1693922691900684,-40.2949,45.4667,-12.4785,0.31339
1693922692000528,-40.2985,45.4684,-12.4787,-0.13561
1693922692100854,-40.2813,45.4482,-12.4762,-0.19889
1693922692200719,-40.288,45.4083,-12.4866,-0.23491
1693922692300860,-40.4177,45.3372,-12.533,-0.31095
1693922692400126,-40.3899,45.385,-12.5536,-0.32783
1693922692500836,-40.2973,45.4612,-12.4822,-1.65795
1693922692600505,-40.2949,45.4693,-12.4751,-1.48205
1693922692800750,-40.295,45.4692,-12.4746,-1.568
1693922692900380,-40.2958,45.4701,-12.4741,-1.43945
1693922693000022,-40.2943,45.4698,-12.4731,-1.492
1693922693100774,-40.295,45.4699,-12.4735,-1.54297
1693922693200398,-40.2939,45.4651,-12.4721,-1.44959
1693922693400831,-40.2941,45.4643,-12.4705,-1.60375
1693922693500339,-40.294,45.4652,-12.4723,-1.73876
1693922693600974,-40.2921,45.4705,-12.4723,-1.61505
1693922693700456,-40.291,45.4689,-12.4706,-1.6467
1693922693800368,-40.2929,45.465,-12.472,-1.7474
1693922693900855,-40.2911,45.4671,-12.4725,-1.54073
1693922694200524,-40.2915,45.4762,-12.472,-1.75557
1693922694300769,-40.2881,45.4669,-12.4715,-1.30995
1693922694400185,-40.2922,45.4658,-12.473,-1.45963
1693922694500851,-40.2916,45.4702,-12.4731,-1.42371
1693922694600879,-39.7223,45.3851,-12.3421,-1.41185
1693922694700765,-39.6078,45.407,-12.3188,-1.37392
1693922694799874,-39.6803,45.3559,-12.3212,-1.36269
1693922694900787,-39.6438,45.4872,-12.312,-1.31754
1693922695000408,-39.7408,45.2908,-12.3226,-1.30327
1693922695100883,-39.7205,45.2934,-12.3204,-1.21668
1693922695200472,-39.7056,45.3464,-12.3195,-1.02507
1693922695301099,-39.7162,45.3221,-12.3306,-1.16821
1693922695400881,-39.6865,45.3915,-12.3121,-0.99843
1693922695500849,-39.7049,45.3525,-12.318,-1.09263
1693922695600891,-39.7282,45.3327,-12.3291,-1.02622
1693922695700022,-39.6687,45.4116,-12.3113,-1.01616
1693922695800797,-39.6774,45.4086,-12.3148,-1.07108
1693922696000219,-39.6846,45.3835,-12.3357,-1.07501
1693922696100854,-39.6949,45.3716,-12.3337,-1.07965
1693922696200405,-39.6936,45.3741,-12.3339,-1.37346
1693922696299907,-39.686,45.382,-12.337,-1.10391
1693922696400834,-39.6912,45.3734,-12.3332,-1.45487
1693922696500825,-39.6914,45.3689,-12.3335,-2.40446
1693922696600918,-39.687,45.3776,-12.3336,-1.05034
1693922696700499,-39.6934,45.3791,-12.3343,-1.10865
1693922696799936,-39.6859,45.3722,-12.336,-1.9148
1693922696900549,-39.6878,45.3779,-12.3371,-1.27554
1693922697000946,-39.6959,45.3731,-12.3337,-0.94914
1693922697099621,-39.689,45.3817,-12.3374,-1.34352
1693922697500981,-39.6912,45.3742,-12.3331,-0.71311
1693922697600202,-39.6892,45.3756,-12.3354,-1.61567
1693922697700464,-39.6945,45.3723,-12.3323,-1.18489
1693922697800504,-39.6904,45.377,-12.3363,-1.15926
1693922697900923,-39.6953,45.3711,-12.3328,-1.19121
1693922698501038,-39.6931,45.3775,-12.3344,-1.22848
1693922698600486,-39.6967,45.3685,-12.3308,-1.62559
1693922698699995,-39.6871,45.3635,-12.3308,-1.92892
1693922698799689,-39.6936,45.3686,-12.3327,-1.23875
1693922698900498,-39.6901,45.377,-12.3355,-1.23105
1693922699000063,-39.6923,45.3752,-12.3347,-1.00748
1693922699300125,-39.6886,45.3772,-12.3333,-1.4455
1693922699400220,-39.6909,45.3776,-12.3349,-1.24827
1693922699500028,-39.6985,45.3645,-12.3289,-2.46576
1693922699599986,-39.6995,45.3643,-12.3285,-2.04966
1693922699700954,-39.6976,45.3588,-12.3274,-2.71634
1693922699800070,-39.6945,45.3706,-12.3302,-1.21527
1693922699900126,-39.6983,45.3666,-12.3293,-1.01832
1693922700000946,-39.7039,45.3688,-12.328,-0.80115
1693922700100071,-39.6892,45.3697,-12.3326,-1.49895
1693922700201021,-39.6936,45.3706,-12.3328,-1.57504
1693922700301014,-39.6923,45.3729,-12.3334,-1.43189
1693922700400960,-39.6862,45.3793,-12.3357,-1.47811
1693922700501113,-39.6955,45.3726,-12.3333,-0.96127
1693922700600336,-39.6942,45.3714,-12.3305,-1.74307
1693922700699743,-39.6909,45.3772,-12.3345,-1.20925
1693922700800055,-39.6997,45.366,-12.3294,-1.97775
1693922701100052,-39.6938,45.3686,-12.3316,-1.74066
1693922701200230,-39.6976,45.3674,-12.3295,-1.33169
1693922701300157,-39.6966,45.3684,-12.3311,-2.14643
1693922701400087,-39.698,45.3682,-12.3299,-1.36714
1693922701499786,-39.6919,45.3735,-12.3315,-1.03481
1693922701599941,-39.6998,45.3658,-12.3291,-2.01307
1693922701900087,-39.6939,45.3561,-12.3269,-2.82823
1693922702000033,-39.7081,45.3582,-12.3234,1.33397
1693922702100304,-39.7061,45.3589,-12.3246,1.35083
1693922702399840,-39.7051,45.3591,-12.3249,1.37297
1693922702499815,-39.7085,45.3546,-12.3218,1.23385
1693922702600274,-39.7142,45.3524,-12.3187,1.74756
1693922702699769,-39.706,45.3579,-12.3236,1.22498
1693922702799846,-39.7054,45.3594,-12.3237,1.25337
1693922702899649,-39.7053,45.3596,-12.3235,1.31783
1693922702999978,-39.7112,45.3575,-12.3213,1.29066
1693922703500384,-39.7153,45.341,-12.3159,2.99612
1693922703599735,-39.6978,45.3499,-12.3254,2.50985
1693922703699872,-39.6942,45.3719,-12.3329,-1.69803
1693922703799665,-39.6914,45.3753,-12.3333,-1.00663
1693922703900044,-39.6972,45.3697,-12.3306,-0.06765
1693922704200258,-39.706,45.3657,-12.3258,-0.93012
1693922704299699,-39.7005,45.3649,-12.3281,-2.32209
1693922704399945,-39.7033,45.3624,-12.3257,-2.34437
1693922704700259,-39.7038,45.362,-12.3266,-2.78211
1693922705099893,-39.7005,45.3649,-12.3279,-1.58366
1693922705200276,-39.7005,45.3649,-12.3285,-2.20226
1693922705300180,-39.7013,45.3663,-12.3294,-1.73356
1693922705399633,-39.7029,45.3625,-12.3276,-1.71578
1693922705699833,-39.6992,45.3657,-12.3294,-2.41408
1693922705800028,-39.6902,45.3696,-12.3327,-2.05377
1693922705899654,-39.699,45.3592,-12.3272,-2.42215
1693922705999735,-39.6964,45.3676,-12.3312,-2.10063
1693922706099975,-39.7027,45.362,-12.3277,-2.53798
1693922706399798,-39.7009,45.3653,-12.3286,-1.54035
1693922706500257,-39.7008,45.3659,-12.3287,-1.99202
1693922706699849,-39.7024,45.3622,-12.3267,-1.54806
1693922706900176,-39.6937,45.3684,-12.3315,-2.09562
1693922707000047,-39.7022,45.3632,-12.3277,-1.5312
1693922707100311,-39.6981,45.3684,-12.3304,-2.12862
1693922707199803,-39.7001,45.3663,-12.3277,-1.87648
1693922707299624,-39.7002,45.3651,-12.3279,-2.15634
1693922707399630,-39.6988,45.3691,-12.3303,-1.92558
1693922707500178,-39.7009,45.3685,-12.3288,-1.74482
1693922707599734,-39.7,45.365,-12.3284,-2.16156
1693922707700276,-39.7004,45.3649,-12.3278,-1.94075
1693922707799772,-39.6997,45.364,-12.328,-2.41692
1693922707900020,-39.7027,45.3621,-12.3269,-2.91071
1693922708299809,-39.6968,45.3659,-12.3293,-1.5604
1693922708399869,-39.6972,45.3709,-12.3311,-0.96674
1693922708500404,-39.6941,45.3716,-12.3326,-2.08015
1693922708801493,-39.6911,45.372,-12.3315,-1.59485
1693922708901361,-39.6998,45.3649,-12.3283,-2.24413
1693922709099760,-39.7031,45.3626,-12.3269,-1.66505
1693922709299776,-39.6975,45.367,-12.3297,-1.40392
1693922709399978,-39.7002,45.3669,-12.3292,-2.12563
1693922709499851,-39.6998,45.3592,-12.3253,-2.39156
1693922709599786,-39.7006,45.3647,-12.3287,-2.11686
1693922709899762,-39.6985,45.3685,-12.3305,-2.26925
1693922709999950,-39.6975,45.3687,-12.3303,-2.16632
1693922710099860,-39.7018,45.3656,-12.3289,-2.16216
1693922710299782,-39.6951,45.3693,-12.3305,-1.94179
1693922710399741,-39.6995,45.3656,-12.3286,-2.41953
1693922710499855,-40.3649,45.1938,-12.5032,1.14738
1693922710699639,-39.2476,45.5902,-12.7147,2.17408
1693922710799623,-38.9764,46.0139,-12.5148,1.64213
1693922711099851,-38.0345,46.6722,-12.3603,2.11537
1693922711299983,-37.276,46.5837,-12.6386,0.33618
1693922711399866,-38.3444,46.1962,-12.3645,0.19792
1693922711499758,-38.9444,46.0931,-12.4475,0.20455
1693922711599743,-39.2202,46.0598,-12.5048,0.16657
1693922711699869,-39.2431,46.0957,-12.525,0.17312
1693922711799816,-39.1499,46.2846,-12.7263,0.09742
1693922711899613,-39.1923,46.3169,-12.7544,0.11645
1693922711999740,-39.1919,46.3089,-12.702,0.10692
1693922712100099,-39.201,46.3349,-12.7077,0.11159
1693922712199676,-39.1782,46.3318,-12.6868,0.1183
1693922712300400,-39.1092,46.321,-12.6421,0.11505
1693922712400186,-39.1527,46.373,-12.7161,0.10808
1693922712599836,-39.1966,46.378,-12.7308,0.10295
1693922712799769,-39.2128,46.3643,-12.7396,0.10489
1693922712999876,-39.1937,46.3762,-12.7168,0.11405
1693922713099630,-39.2017,46.3554,-12.7222,0.10535
1693922713199890,-39.1983,46.355,-12.6904,0.09465
1693922713299835,-39.1607,46.3274,-12.6871,0.08562
1693922713399972,-39.1741,46.2624,-12.7684,0.05843
1693922713499686,-39.2126,46.2237,-12.7381,0.03331
1693922713599840,-39.2672,46.1374,-12.8682,-0.05378
1693922713899726,-39.1904,46.0357,-12.7663,-0.0871
1693922714000010,-39.2182,45.9198,-12.7686,-0.12916
1693922714300270,-39.1534,45.6589,-12.7557,-0.21295
1693922714599602,-39.1498,45.3769,-12.6885,-0.23273
1693922714699982,-39.1582,45.2556,-12.6148,-0.2505
1693922714900238,-39.0744,45.0684,-12.4654,-0.27284
1693922715199921,-39.275,44.3495,-12.4769,-0.14594
1693922715300385,-39.3385,44.026,-12.3406,-0.16101
1693922715399995,-39.355,43.8876,-12.3185,-0.16573
1693922715499806,-39.3466,43.6851,-12.3682,-0.19396
1693922715599669,-39.469,43.2821,-12.3968,-0.18333
1693922715899848,-39.5121,42.9104,-12.3724,-0.14897
1693922715999901,-39.5421,42.7533,-12.3611,-0.15296
1693922716100316,-39.6383,42.5347,-12.3884,-0.16473
1693922716199877,-39.6534,42.4654,-12.407,-0.16816
1693922716299751,-39.6795,42.36,-12.4262,-0.17875
1693922716399848,-39.8489,42.139,-12.4761,-0.19016
1693922716699855,-39.7971,41.8973,-12.4131,-0.18097
1693922716799792,-39.9897,41.7019,-12.4011,-0.17798
1693922716900182,-40.0393,41.5291,-12.3968,-0.17545
1693922716999943,-40.0865,41.689,-12.549,-0.21698
1693922717099771,-40.1847,41.5628,-12.5665,-0.20711
1693922717199933,-40.3886,41.6145,-12.5581,-0.17185
1693922717799869,-41.0337,41.6594,-12.6758,-0.06224
1693922717900071,-41.1438,41.5447,-12.7236,-0.04435
1693922718299864,-41.7734,41.1366,-12.6913,-0.02849
1693922718399809,-42.308,41.0662,-12.6452,-0.09407
1693922718499896,-42.4591,40.9836,-12.6546,-0.10141
1693922718699866,-42.9005,40.7182,-12.7209,-0.12698
1693922718799899,-43.0745,40.6352,-12.7389,-0.13051
1693922718899780,-43.2347,40.5426,-12.7523,-0.13526
1693922718999940,-43.2684,40.533,-12.78,-0.1298
1693922719099963,-43.3781,40.4636,-12.7918,-0.13175
1693922719999675,-44.1156,39.333,-12.5371,-0.07733
1693922720499649,-44.5195,38.6662,-12.4227,0.10523
1693922720600143,-44.5293,38.4395,-12.2964,0.11788
1693922720700080,-44.6045,38.2462,-12.2479,0.12418
1693922720900072,-44.6235,37.7977,-12.1569,0.14689
1693922721099948,-44.7215,37.3489,-12.064,0.1532
1693922721400071,-44.8567,36.7728,-11.9486,0.16117
1693922721800462,-44.9378,36.1178,-11.4989,0.19347
1693922722300027,-45.0373,35.1504,-10.699,0.30434
1693922722499986,-44.7767,34.063,-9.8879,0.48797
1693922722600463,-44.5509,34.0163,-9.6963,0.52039
1693922722699974,-44.5899,34.0089,-9.6277,0.53141
1693922722800387,-44.4807,33.8085,-9.3434,0.58945
1693922723000140,-44.1859,33.7209,-9.3721,0.70918
1693922723500084,-43.5212,33.3621,-8.692,0.81285
1693922723600400,-42.3311,33.6367,-8.493,0.91424
1693922723900425,-42.1116,33.8039,-8.6058,0.96042
1693922724000099,-41.9057,33.731,-8.8356,0.98545
1693922724100159,-41.7816,33.6963,-9.2862,0.98892
1693922724200147,-41.3975,33.5852,-9.5214,1.02339
1693922724899690,-40.4526,32.8315,-9.8581,1.06906
1693922725100108,-40.5608,32.8823,-9.9724,1.08776
1693922725200341,-40.5247,32.637,-9.9414,1.07917
1693922725299879,-40.3649,32.5607,-9.9396,1.10124
1693922725500253,-40.1546,32.2664,-9.7274,1.11609
1693922725600145,-40.008,32.3428,-9.7939,1.08925
1693922725699694,-39.8127,32.3186,-9.7533,1.09825
1693922725900036,-39.5476,32.0554,-9.7192,1.09847
1693922726000526,-39.4762,31.8199,-9.7603,1.09916
1693922726099843,-39.2926,31.6993,-9.7561,1.11542
1693922726300530,-39.1636,31.3846,-9.4964,1.07624
1693922726400266,-38.9697,31.2332,-9.4627,1.10489
1693922726700003,-38.5805,31.2853,-9.6344,1.07282
1693922726800068,-38.5676,31.0222,-9.9193,1.06756
1693922727000307,-38.314,30.5313,-9.9485,1.01952
1693922727300302,-38.0217,30.1157,-9.9836,1.04085
1693922727400091,-37.9241,30.0135,-10.1239,1.02274
1693922727500129,-37.8434,29.9101,-9.9305,1.02768
1693922727600121,-37.7299,29.7859,-9.9467,1.05808
1693922727700069,-37.604,29.7736,-10.2067,0.99273
1693922727800228,-37.5986,29.7372,-10.0378,0.99603
1693922727900195,-37.3909,29.5766,-9.7616,1.02852
1693922728000140,-37.3975,29.5859,-10.1899,1.01226
1693922728100008,-37.2742,29.438,-10.1322,1.02228
1693922728199849,-37.1141,29.2862,-10.0779,1.03623
1693922728300122,-36.9338,29.0661,-9.9866,1.02456
1693922728600456,-36.599,28.7635,-10.2153,1.02793
1693922728700151,-36.3099,28.7141,-10.3401,1.03027
1693922728900351,-36.0688,28.5093,-10.3858,1.03222
1693922728999871,-35.9318,28.3943,-10.4151,1.04788
1693922729300409,-35.4239,28.1557,-10.8376,1.06272
1693922729400363,-35.2621,27.9757,-10.8551,1.07616
1693922729600256,-35.0225,27.5132,-10.6359,1.10377
1693922729699879,-34.8919,27.2792,-11.0397,1.09994
1693922729800213,-34.6252,27.0978,-10.9912,1.1273
1693922729999624,-34.2616,26.757,-11.125,1.17218
1693922730400187,-32.7567,26.8108,-11.6972,1.29035
1693922730500217,-32.2887,26.6691,-11.5128,1.29198
1693922730600048,-32.4659,26.5671,-11.7844,1.20434
1693922730900065,-31.4577,26.2213,-12.6018,1.1754
1693922731100410,-31.0186,25.9849,-12.9681,1.156
1693922731300193,-30.8416,26.0218,-13.1828,1.18128
1693922731500220,-30.5267,25.943,-13.281,1.17794
1693922731599549,-30.5621,25.7742,-13.09,1.18993
1693922731800117,-30.5975,25.7007,-13.0522,1.16556
1693922731900236,-30.2504,25.3079,-12.9437,1.20765
1693922732000238,-30.0458,25.3367,-13.0011,1.22665
1693922732300530,-29.8125,25.5721,-12.7987,1.29371
1693922732499763,-29.6788,25.4818,-12.7067,1.26118
1693922732600084,-29.7736,25.4643,-12.6408,1.27667
1693922732699953,-29.7532,25.1496,-12.4481,1.24143
1693922733100491,-29.4091,24.5243,-12.1051,1.1481
1693922733200495,-29.7964,24.2382,-11.4787,1.10937
1693922733500448,-29.5141,23.9051,-11.4243,1.08684
1693922734399823,-29.2339,22.8995,-11.0304,1.01553
1693922734500420,-29.0344,22.5484,-11.0034,1.03579
1693922734700416,-28.92,22.2454,-10.7069,1.05986
1693922735100117,-29.3817,22.1085,-10.5876,1.12908
1693922735500307,-29.4952,21.696,-10.4351,1.12987
1693922735600470,-29.0415,21.5964,-10.3605,1.13428
1693922735699957,-29.0007,21.4994,-10.3122,1.15279
1693922736100442,-28.7674,21.2297,-10.0949,1.14981
1693922736300431,-28.4737,21.1196,-10.0205,1.12933
1693922736400365,-28.4296,20.8838,-9.7713,1.12854
1693922736500491,-28.2558,20.8527,-9.6794,1.11682
1693922736600472,-27.9586,20.8431,-9.7468,1.12666
1693922736700185,-27.7263,20.7782,-9.6422,1.12641
1693922736800477,-27.6052,21.0079,-9.5645,1.10496
1693922736900299,-27.3623,21.0109,-9.5173,1.13321
1693922737100493,-27.0654,20.8689,-9.4295,1.12499
1693922737200408,-26.9658,20.9667,-9.2312,1.13209
1693922737300506,-26.8942,20.6274,-9.2259,1.08489
1693922737400442,-26.7745,20.4296,-9.2223,1.0868
1693922737499852,-26.6424,20.3323,-9.3632,1.08858
1693922737600333,-26.5152,20.2517,-9.2841,1.09629
1693922737700412,-26.2752,20.0565,-9.2526,1.08129
1693922737799929,-26.1891,19.9482,-9.2918,1.08644
1693922737900562,-26.1559,19.854,-9.2489,1.08054
1693922738000502,-25.9374,19.6853,-9.2428,1.07421
1693922738201017,-25.7109,19.4593,-9.1943,1.08393
1693922738500568,-25.5776,19.2736,-9.175,1.02984
1693922738600478,-25.5047,19.1442,-9.1207,1.0472
1693922738700474,-25.3145,19.1213,-9.1192,1.05716
1693922738799895,-25.2078,19.0428,-9.0963,1.08646
1693922738900296,-25.0004,19.1399,-9.028,1.11784
1693922739000729,-24.8465,19.173,-8.9475,1.13503
1693922739100630,-24.6945,19.1824,-8.9507,1.15167
1693922739202136,-24.5723,19.2785,-8.9284,1.16886
1693922739402007,-25.1362,20.6338,-7.7588,1.29526
1693922739600247,-25.0955,20.8487,-7.6985,1.2897
1693922739801950,-24.8166,20.6361,-7.5646,1.2679
1693922740100148,-24.4859,20.5096,-7.4625,1.27845
1693922740200408,-24.3475,20.4571,-7.4625,1.28393
1693922740399966,-23.5745,20.1379,-7.3818,1.22899
1693922740900601,-22.8812,19.8593,-7.1542,1.25122
1693922741100552,-22.5932,19.5984,-7.0005,1.23515
1693922741200461,-22.378,19.5029,-7.0376,1.23133
1693922741300365,-22.185,19.4365,-6.9889,1.24254
1693922741500659,-21.685,19.2796,-6.9177,1.22171
1693922741800673,-21.1252,19.0171,-6.7483,1.22452
1693922742000025,-20.7711,18.881,-6.6446,1.22932
1693922742200659,-20.3945,18.6448,-6.5526,1.22808
1693922742600662,-19.6467,18.2625,-6.1723,1.21118
1693922742700646,-19.6196,18.0674,-6.0586,1.20451
1693922742800224,-19.6182,17.8241,-5.9668,1.17682
1693922742900447,-19.4439,17.7789,-5.901,1.19932
1693922743101984,-19.0751,17.6987,-5.8428,1.19404
1693922743300375,-18.8531,17.4803,-5.6611,1.19192
1693922743400574,-18.8537,17.3529,-5.4812,1.1801
1693922743500596,-18.7129,17.2543,-5.4048,1.20546
1693922743600485,-18.3183,17.0882,-5.3423,1.21598
1693922743899556,-17.8941,16.7292,-5.0078,1.2257
1693922743999727,-17.7409,16.6209,-4.913,1.23678
1693922744900705,-15.959,15.6334,-3.8673,1.14708
1693922745000638,-15.2424,14.7177,-4.342,1.14355
1693922745100457,-14.9909,14.4465,-5.0418,1.10708
1693922745200663,-14.6886,14.2779,-5.0393,1.12626
1693922745500628,-14.3695,14.0098,-5.0484,1.06166
1693922745600541,-14.2481,13.6364,-5.0165,1.08801
1693922745701273,-14.0956,13.512,-5.0431,1.10252
1693922745800715,-13.9595,13.5483,-5.0461,1.11827
1693922745900717,-13.7895,13.7096,-4.6763,1.13794
1693922746000568,-13.6975,13.7051,-4.5908,1.14349
1693922746100665,-13.4985,13.6041,-4.6372,1.15939
1693922746400682,-13.1679,13.2099,-4.6192,1.14386
1693922746500556,-13.0155,13.1039,-4.5968,1.15033
1693922746600738,-13.11,13.0931,-4.6414,1.12383
1693922746700705,-12.939,13.0229,-4.4983,1.14422
1693922746800699,-12.7394,13.1132,-4.4777,1.15552
1693922747000711,-12.5786,12.9954,-4.5112,1.15707
1693922747200445,-12.3372,12.8478,-4.4824,1.16306
1693922747500657,-11.8024,12.074,-4.5769,1.10473
1693922747600740,-11.2556,10.8546,-4.1948,1.0905
1693922747700576,-11.0715,10.6298,-4.1605,1.11046
1693922748000741,-10.8856,10.5651,-4.1068,1.07075
1693922748100686,-11.2417,10.4136,-4.1472,1.07435
1693922748200724,-11.1274,10.2692,-4.1354,1.09563
1693922748300721,-10.8935,10.4559,-4.1152,1.10583
1693922748600768,-10.7565,10.5673,-4.1198,1.09236
1693922748899726,-11.0792,10.524,-4.1392,1.08483
1693922749000648,-11.2335,10.4924,-4.3708,1.0799
1693922749099777,-11.2053,10.4313,-4.3857,1.09993
1693922749300642,-10.9348,10.6053,-4.3605,1.1079
1693922749400612,-10.8873,10.5729,-4.3656,1.12484
1693922749499763,-10.8381,10.6846,-4.3667,1.10943
1693922749600631,-10.796,10.787,-4.3718,1.12159
1693922749900687,-10.7017,10.8238,-4.3559,1.10236
1693922749999816,-11.0703,10.7401,-4.3792,1.08904
1693922750300796,-11.3768,10.9021,-4.4962,1.047
1693922750500797,-12.5386,11.5608,-4.3703,0.90597
1693922750600812,-12.6638,11.6218,-4.3611,0.90906
1693922750800697,-12.9293,11.7339,-4.2606,0.92011
1693922751100738,-13.3087,11.9168,-4.231,0.93203
1693922751200723,-13.4352,11.9778,-4.2211,0.93932
1693922751400739,-13.1411,12.9115,-4.5196,0.96011
1693922751600667,-13.2946,13.181,-4.5577,0.97399
1693922751700765,-13.3714,13.3159,-4.5768,0.98649
1693922752000804,-13.6016,13.7202,-4.634,1.01141
1693922752100667,-13.6782,13.8548,-4.6531,1.02006
1693922752300746,-13.8318,14.1244,-4.6912,1.04325
1693922752400515,-13.9083,14.2589,-4.7102,1.05819
1693922752600779,-14.062,14.5288,-4.7484,1.08617
1693922752700683,-14.1386,14.6634,-4.7675,1.10309
1693922752900544,-14.292,14.9327,-4.8056,1.13325
1693922752999576,-14.368,15.0662,-4.8245,1.1514
1693922753201075,-14.5226,15.3378,-4.8629,1.18314
1693922753500804,-14.7526,15.7417,-4.92,1.20202
1693922753600809,-14.8293,15.8765,-4.9391,1.20847
1693922753699971,-14.9054,16.0101,-4.958,1.23185
1693922753900713,-15.0595,16.2806,-4.9963,1.26489
1693922753999819,-15.1355,16.4142,-5.0152,1.28513
1693922754100801,-15.213,16.5503,-5.0344,1.3177
1693922754500954,-15.5201,17.0896,-5.1107,1.35606
1693922754700862,-15.6735,17.359,-5.1488,1.35739
1693922754800740,-15.7501,17.4936,-5.1679,1.36473
1693922755000882,-15.9037,17.7633,-5.206,1.38825
1693922755100759,-15.9803,17.8979,-5.2251,1.40294
1693922755300976,-16.134,18.1677,-5.2633,1.43117
1693922755399552,-16.2096,18.3005,-5.2821,1.44941
1693922755500926,-16.2874,18.4372,-5.3014,1.47843
1693922755600830,-16.3641,18.5718,-5.3204,1.50578
1693922755699948,-16.4401,18.7054,-5.3393,1.52622
1693922755800088,-16.517,18.8403,-5.3584,1.53984
1693922756100890,-16.7478,19.2457,-5.4158,1.55184
1693922756300785,-16.9012,19.5151,-5.4539,1.56245
1693922756400232,-16.9775,19.6491,-5.4729,1.57145
1693922756500550,-17.0544,19.7843,-5.492,1.59462
1693922756800071,-17.2843,20.188,-5.5491,1.6193
1693922756899561,-17.3606,20.322,-5.5681,1.6258
1693922756999860,-17.4376,20.4572,-5.5872,1.64687
1693922757100869,-17.5151,20.5933,-5.6065,1.66717
1693922757399641,-17.7443,20.996,-5.6634,1.68326
1693922757600868,-17.8987,21.2672,-5.7018,1.69022
1693922757699720,-17.9746,21.4004,-5.7207,1.6967
1693922757800899,-18.0522,21.5368,-5.7399,1.71561
1693922758100273,-18.282,21.9402,-5.797,1.73342
1693922758200797,-18.3591,22.0757,-5.8162,1.73776
1693922758399832,-18.5118,22.3439,-5.8542,1.75411
1693922758500901,-18.5894,22.4801,-5.8734,1.76534
1693922758700915,-18.7428,22.7497,-5.9116,1.77969
1693922758800868,-18.8195,22.8844,-5.9306,1.79144
1693922758900071,-21.2137,23.737,-5.5187,1.8701
1693922759199867,-21.5048,23.8224,-5.4818,0.15377
1693922759301012,-21.5256,23.8357,-5.4585,0.67214
1693922759500932,-21.6315,23.9671,-5.4808,1.28257
1693922759600920,-21.4694,23.8606,-5.5328,-1.32735
1693922759800241,-21.4389,23.8477,-5.5333,-1.17105
1693922759901042,-21.4362,23.8491,-5.5384,-1.41409
1693922760000880,-21.4358,23.8486,-5.5381,-1.33636
1693922760100142,-21.4339,23.8453,-5.5339,-1.22479
1693922760200127,-21.4324,23.8428,-5.5351,-1.31344
1693922760399896,-21.4299,23.8423,-5.5418,-1.2902
1693922760499649,-21.4304,23.8421,-5.5371,-1.25206
1693922760699917,-21.431,23.842,-5.5349,-1.2157
1693922760799652,-21.4288,23.8404,-5.536,-1.28559
1693922760899993,-21.4274,23.8398,-5.5345,-1.34045
1693922760999917,-21.4305,23.8447,-5.5391,-1.35358
1693922761100942,-21.4262,23.8386,-5.5406,-1.20261
1693922761200983,-21.4275,23.8418,-5.5418,-1.24794
1693922761499985,-21.4268,23.8425,-5.5432,-1.25191
1693922761599666,-21.4244,23.8383,-5.5395,-1.16732
1693922761700971,-21.4243,23.8375,-5.5415,-1.21756
1693922761899936,-21.43,23.8435,-5.5409,-1.26461
1693922762000223,-21.4287,23.8426,-5.5397,-1.39553
1693922762099766,-21.4305,23.8469,-5.5427,-1.4937
1693922762199837,-21.4296,23.845,-5.5421,-1.29463
1693922762300075,-21.4294,23.8435,-5.5406,-1.33882
1693922762700976,-21.4293,23.8438,-5.5433,-1.94845
1693922762799969,-21.4301,23.8459,-5.5435,-1.37148
1693922762900055,-21.4327,23.8488,-5.5482,-1.83121
1693922762999872,-21.4292,23.8444,-5.5478,-1.182
1693922763099574,-21.4313,23.8478,-5.5471,-2.08328
1693922763501019,-21.4307,23.846,-5.5494,-1.69453
1693922763599755,-21.43,23.8464,-5.5552,-2.05155
1693922763700052,-21.4344,23.8505,-5.5498,-1.301
1693922763799752,-21.4319,23.8478,-5.5498,-1.96826
1693922763900096,-21.4305,23.8474,-5.5552,-1.7031
1693922763999988,-21.4322,23.8498,-5.5543,-2.42926
1693922764099798,-21.4304,23.8466,-5.5554,-2.97405
1693922764199891,-21.4294,23.8473,-5.5532,-2.67999
1693922764300049,-21.4295,23.8453,-5.5422,-1.35217
1693922764401005,-21.4314,23.8469,-5.5539,2.86332
1693922764500970,-21.4295,23.8448,-5.5512,-1.30353
1693922764599980,-21.4295,23.8483,-5.5533,2.95552
1693922764701003,-21.4319,23.8485,-5.5546,-2.14079
1693922764800972,-21.4301,23.8476,-5.5558,-1.78944
1693922764900051,-21.4305,23.8484,-5.5547,-2.89567
1693922764999788,-21.4323,23.8472,-5.5504,-1.53896
1693922765100987,-21.429,23.8433,-5.5455,-1.22278
1693922765199967,-21.4298,23.8455,-5.5503,-1.48636
1693922765300990,-21.4326,23.846,-5.5484,-1.7395
1693922765401185,-21.4305,23.8462,-5.5517,-1.34584
1693922765501115,-21.4363,23.8455,-5.5486,-1.62753
1693922765601055,-21.47,23.8844,-5.4902,-1.14556
1693922765700133,-21.474,23.8862,-5.4872,-1.12019
1693922765800084,-21.4744,23.8924,-5.4871,-0.91969
1693922765899849,-21.4776,23.8921,-5.4879,-1.26389
1693922766001067,-21.4765,23.8878,-5.4872,-1.10646
1693922766101095,-21.4763,23.8812,-5.4876,-1.16835
1693922766201014,-21.4746,23.8909,-5.4872,-0.91604
1693922766299802,-21.4767,23.8889,-5.4892,-0.86614
1693922766400043,-21.473,23.8816,-5.4881,-1.10736
1693922766499821,-21.4758,23.8911,-5.4872,-0.9041
1693922766601288,-21.4782,23.8922,-5.488,-1.00458
1693922766701150,-21.4737,23.8871,-5.4877,-1.01859
1693922766801051,-21.4769,23.8903,-5.4879,-0.88154
1693922766901044,-21.4753,23.8929,-5.4881,-0.92616
1693922767000064,-21.4737,23.8861,-5.4883,-1.01369
1693922767199672,-21.479,23.887,-5.4887,-0.76398
1693922767300099,-21.4737,23.8874,-5.4879,-1.1087
1693922767399858,-21.4811,23.8907,-5.4891,-0.95909
1693922767499825,-21.4781,23.8887,-5.4888,-0.85275
1693922767599883,-21.4742,23.8848,-5.4886,-0.99849
1693922767700039,-21.479,23.8912,-5.4887,-0.98953
1693922767799791,-21.4777,23.882,-5.4886,-1.17995
1693922767900058,-21.4747,23.8799,-5.4875,-1.04712
1693922768099802,-21.4768,23.8822,-5.4886,-1.20294
1693922768200091,-21.4783,23.8893,-5.4887,-0.77761
1693922768399842,-21.475,23.8767,-5.4886,-1.25783
1693922768600167,-21.4811,23.8908,-5.4885,-0.8097
1693922768700228,-21.476,23.8921,-5.4887,-0.97032
1693922768800086,-21.4745,23.8856,-5.4889,-0.97749
1693922768899918,-21.4774,23.8892,-5.4876,-0.87514
1693922768999828,-21.4746,23.8912,-5.4869,-0.90842
1693922769299654,-21.4806,23.8912,-5.4861,-0.98943
1693922769399867,-21.4795,23.8917,-5.4878,-0.82948
1693922769499923,-21.476,23.8918,-5.4873,-0.91783
1693922769599621,-21.475,23.8933,-5.4854,-0.90793
1693922769700140,-21.4781,23.8914,-5.4877,-0.84169
1693922769799915,-21.4769,23.8919,-5.4879,-0.89281
1693922769899851,-21.4755,23.8913,-5.4868,-0.89198
1693922770000014,-21.4772,23.8906,-5.4876,-0.8627
1693922770099935,-21.4775,23.8908,-5.488,-0.88317
1693922770399649,-21.4728,23.8868,-5.4887,-1.13087
1693922770499895,-21.4771,23.8893,-5.4888,-0.78555
1693922770599796,-21.4767,23.8905,-5.488,-0.91032
1693922770699571,-21.4769,23.8918,-5.4892,-0.88668
1693922770899802,-21.4743,23.8864,-5.4877,-1.05477
1693922770999755,-21.4821,23.8891,-5.489,-0.89311
1693922771099676,-21.4776,23.8856,-5.4884,-1.12996
1693922771199748,-21.4783,23.8907,-5.4878,-0.81176
1693922771299752,-21.4767,23.891,-5.4876,-0.91643
1693922771400039,-21.4813,23.8879,-5.4885,-0.94712
1693922771499823,-21.4782,23.8893,-5.4876,-0.87813
1693922771599674,-21.4786,23.8878,-5.4877,-0.87448
1693922771699759,-21.4795,23.8903,-5.4889,-0.88401
1693922771799677,-21.4743,23.8856,-5.4871,-1.02315
1693922771999610,-21.4759,23.8887,-5.488,-0.85634
1693922772199608,-21.482,23.8827,-5.4894,-1.14099
1693922772299920,-21.4771,23.8884,-5.4884,-0.81587
1693922772399645,-21.4789,23.8902,-5.4887,-0.88713
1693922772499780,-21.4795,23.8882,-5.4888,-0.85707
1693922772599855,-21.4779,23.8886,-5.4888,-0.88209
1693922772699780,-21.479,23.8896,-5.4881,-0.87313
1693922772799839,-21.4769,23.8839,-5.4882,-0.98492
1693922772899829,-21.4731,23.8809,-5.4888,-0.8644
1693922772999633,-21.4778,23.8882,-5.4877,-0.88116
1693922773100259,-21.4786,23.8893,-5.4881,-0.87881
1693922773199758,-21.4755,23.8899,-5.4881,-0.90844
1693922773299897,-21.4788,23.8897,-5.4882,-0.86646
1693922773399833,-21.4775,23.8834,-5.4886,-0.95038
1693922773499575,-21.4748,23.8844,-5.4885,-0.98915
1693922773700250,-21.4772,23.8916,-5.4884,-0.8716
1693922773799676,-21.4759,23.8892,-5.4882,-0.92177
1693922773899981,-21.4788,23.8908,-5.4879,-0.87821
1693922773999706,-21.4794,23.8873,-5.4889,-0.86105
1693922774099844,-21.4752,23.8888,-5.4888,-0.66849
1693922774199823,-21.4762,23.8862,-5.4878,-0.79165
1693922774299763,-21.4792,23.8879,-5.4885,-0.88274
1693922774399747,-21.4781,23.889,-5.4885,-0.88911
1693922774499578,-21.4798,23.8907,-5.4877,-0.88332
1693922774599859,-21.4775,23.8891,-5.4882,-0.89144
1693922774699916,-21.4787,23.8897,-5.4878,-0.88143
1693922774899769,-21.4775,23.8897,-5.4889,-0.89425
1693922774999714,-21.4786,23.8897,-5.4879,-0.8627
1693922775099803,-21.479,23.891,-5.4874,-0.88884
1693922775199649,-21.4761,23.8916,-5.4881,-0.92756
1693922775299662,-21.477,23.8899,-5.4883,-0.88599
1693922775399839,-21.4789,23.8909,-5.4877,-0.88797
1693922775500049,-21.4783,23.8886,-5.4889,-0.88872
1693922775799954,-21.4776,23.8893,-5.4886,-0.88223
1693922775899731,-21.4762,23.8903,-5.4883,-0.91203
1693922775999757,-21.4804,23.8874,-5.4883,-0.81261
1693922776099840,-21.4787,23.8913,-5.4892,-0.91325
1693922776199845,-21.476,23.8911,-5.4879,-0.90035
1693922776299843,-21.4802,23.8888,-5.4887,-0.82276
1693922776399637,-21.479,23.8894,-5.4885,-0.84798
1693922776499843,-21.4777,23.8917,-5.4882,-0.88557
1693922776599698,-21.4828,23.8858,-5.49,-0.78192
1693922776699906,-21.4796,23.888,-5.4894,-0.86542
1693922776799816,-21.4775,23.892,-5.4886,-0.9146
1693922776899787,-21.4799,23.8897,-5.4885,-0.85534
1693922776999770,-21.48,23.8874,-5.4887,-0.83064
1693922777099942,-21.4821,23.8874,-5.4897,-0.81601
1693922777199630,-21.4783,23.8876,-5.4883,-0.86853
1693922777299862,-21.4785,23.8883,-5.4891,-0.85927
1693922777399904,-21.4779,23.8913,-5.4881,-0.88821
1693922777499843,-21.4786,23.8912,-5.4881,-0.88059
1693922777599830,-21.4788,23.8905,-5.4895,-0.87929
1693922777699743,-21.4745,23.8903,-5.4883,-0.92838
1693922777799752,-21.4782,23.8912,-5.488,-0.88722
1693922777899746,-21.4832,23.889,-5.4887,-0.9267
1693922777999777,-21.4735,23.8828,-5.4885,-1.0123
1693922778100106,-21.4763,23.8829,-5.4878,-0.97033
1693922778299699,-21.4814,23.8876,-5.4879,-0.92106
1693922778399802,-21.4794,23.8911,-5.4866,-0.86373
1693922778499740,-21.4797,23.8848,-5.4884,-1.06377
1693922778599929,-21.4784,23.8919,-5.4873,-0.97883
1693922778699801,-21.4769,23.8874,-5.4879,-0.96675
1693922778799752,-21.4772,23.8757,-5.4887,-1.20675
1693922779099714,-21.4802,23.8716,-5.4909,-1.333
1693922779199716,-21.4847,23.8762,-5.4946,-1.49771
1693922779299840,-21.487,23.8836,-5.5025,-1.51376
1693922779399915,-21.4945,23.8625,-5.5312,-1.66392
1693922779499963,-19.4464,25.3814,-6.2742,-1.61828
1693922779699910,-19.0393,25.6556,-6.5228,-1.62767
1693922779799825,-19.1313,25.9559,-7.2943,-1.58888
1693922779899915,-18.9591,25.9218,-7.7879,-1.59472
1693922779999920,-18.7889,26.0619,-7.9712,-1.60625
1693922780099841,-18.8892,25.6696,-8.5549,-1.67758
1693922780199838,-18.7309,26.2952,-8.5041,-1.6658
1693922780299849,-18.7197,26.4694,-8.2984,-1.71039
1693922780399817,-18.5392,27.2939,-7.5247,-1.69832
1693922780499910,-18.629,27.0982,-6.2615,-1.68552
1693922780599754,-18.7514,27.2553,-5.9673,-1.68334
1693922780699904,-18.7623,27.4768,-5.8346,-1.68538
1693922780799924,-20.5871,28.939,-5.5509,-1.79614
1693922780899840,-20.7313,29.154,-5.4018,-1.82503
1693922780999763,-20.7995,29.3439,-5.2148,-1.83241
1693922781099881,-20.713,29.4493,-5.124,-1.86331
1693922781200003,-20.5104,29.33,-5.2316,-1.9592
1693922781300149,-20.6161,29.441,-5.1694,-2.00875
1693922781399903,-20.5256,29.4355,-5.1842,-2.00543
1693922781499838,-20.4383,29.3846,-5.1815,-2.00178
1693922781599830,-20.5308,29.4709,-5.0886,-2.00262
1693922781699773,-20.4718,29.4274,-5.1525,-1.99329
1693922781799783,-20.4967,29.5056,-5.1729,-1.98885
1693922781899903,-20.6442,29.4934,-5.1645,-2.00025
1693922781999808,-20.5895,29.4845,-5.1679,-2.00022
1693922782099760,-20.5805,29.4065,-5.1897,-1.99748
1693922782199911,-20.6087,29.4906,-5.1638,-1.99586
1693922782299887,-20.5806,29.4409,-5.207,-2.00625
1693922782399794,-20.554,29.4504,-5.19,-2.01185
1693922782499888,-20.5635,29.481,-5.1624,-2.00662
1693922782599971,-20.597,29.4616,-5.1395,-2.01012
1693922782699975,-20.5877,29.4173,-5.2038,-2.00896
1693922782799864,-20.528,29.4705,-5.2037,-1.99823
1693922782899946,-20.5129,29.4895,-5.214,-1.98843
1693922782999990,-20.5471,29.4191,-5.2372,-1.98913
1693922783300050,-20.61,29.4808,-5.2736,-2.00768
1693922783400073,-20.7021,29.4741,-5.2466,-2.00873
1693922783599907,-20.7381,29.513,-5.3158,-2.01283
1693922783700104,-20.8534,29.5141,-5.2705,-2.01523
1693922783799968,-20.8585,29.5622,-5.2496,-2.01584
1693922783899849,-20.8857,29.5102,-5.3537,-1.98639
1693922784000069,-20.9421,29.4839,-5.318,-1.99686
1693922784100014,-20.9612,29.5137,-5.3459,-1.99199
1693922784199932,-21.0099,29.4946,-5.3371,-2.01092
1693922784300011,-20.8218,29.2539,-5.4109,-2.01428
1693922784399976,-20.9637,29.3825,-5.5364,-2.03246
1693922784500055,-21.009,29.4386,-5.6417,-2.02619
1693922784599881,-21.0995,29.4788,-5.6566,-2.02221
1693922784700011,-21.2767,29.6005,-5.6536,-2.03282
1693922784800054,-21.5974,29.7634,-5.6397,-2.05295
1693922784899984,-21.7059,29.8531,-5.6809,-2.04149
1693922785000004,-21.7975,29.9656,-5.6663,-2.04345
1693922785100090,-21.9869,30.1706,-5.7339,-2.07353
1693922785400015,-22.3115,30.3914,-5.8075,-2.06836
1693922785500241,-22.4138,30.5095,-5.8429,-2.06025
1693922785600194,-22.6367,30.6099,-5.903,-2.06113
1693922785700037,-22.7426,30.7174,-5.9252,-2.05425
1693922785799900,-22.8527,30.7862,-5.9503,-2.0519
1693922785900087,-23.0146,30.8505,-6.0196,-2.05893
1693922786000018,-23.1317,30.9283,-6.0494,-2.06427
1693922786100021,-23.2691,30.9858,-6.0533,-2.07112
1693922786199762,-23.361,31.0561,-6.0657,-2.06522
1693922786299806,-23.498,31.1499,-6.1173,-2.06441
1693922786399989,-23.6159,31.2172,-6.1265,-2.06416
1693922786500129,-23.6509,31.3225,-6.1184,-2.07181
1693922786600070,-23.8308,31.4386,-6.1339,-2.07739
1693922786700005,-23.9963,31.4363,-6.1822,-2.08623
1693922786800059,-24.078,31.5268,-6.2815,-2.0874
1693922786900080,-24.3177,31.7113,-6.2947,-2.10599
1693922786999999,-24.4564,31.8049,-6.3398,-2.10226
1693922787100223,-24.6008,31.9396,-6.4574,-2.10894
1693922787300058,-24.8464,32.0988,-6.5513,-2.10272
1693922787400208,-24.9842,32.2192,-6.5914,-2.10334
1693922787499994,-25.0995,32.1768,-6.6305,-2.117
1693922787600014,-25.2394,32.4048,-6.7596,-2.10974
1693922787800102,-25.439,32.5538,-6.8188,-2.10533
1693922787900098,-25.5194,32.602,-6.8768,-2.0971
1693922788000205,-25.6874,33.1276,-7.0076,-2.05515
1693922788100213,-25.6049,33.0804,-7.0363,-2.03376
1693922788200009,-25.6526,33.226,-7.0955,-2.02024
1693922788300121,-25.6531,33.3683,-7.2028,-1.99998
1693922788400145,-25.7321,33.4656,-7.2914,-1.9934
1693922788499610,-25.6936,33.4224,-7.3811,-1.95747
1693922788600229,-25.7969,33.5017,-7.4046,-1.94857
1693922788700236,-25.8763,33.5908,-7.4634,-1.94742
1693922788800007,-25.8791,33.4724,-7.451,-1.93758
1693922788900167,-25.8403,33.5816,-7.4873,-1.93528
1693922789000115,-25.895,33.6548,-7.5366,-1.93417
1693922789099997,-24.798,33.738,-7.219,-1.95588
1693922789200160,-24.6428,34.035,-7.2394,-1.94603
1693922789300124,-24.5961,34.0722,-7.2869,-1.95122
1693922789600173,-24.946,34.2436,-7.5069,-2.03892
1693922789700287,-24.9887,34.0446,-7.4357,-2.03957
1693922789800161,-25.0548,33.9858,-7.3743,-2.05601
1693922789900172,-24.8782,33.3593,-7.2775,-2.06161
1693922790000275,-24.8931,33.2959,-7.1456,-2.06549
1693922790300266,-25.9986,33.144,-7.6083,-2.23319
1693922790400144,-26.0042,33.4404,-7.5489,-2.20231
1693922790500131,-26.4269,33.2896,-7.6304,-2.24375
1693922790600122,-26.6452,33.0564,-7.8478,-2.28849
1693922790700151,-26.7014,33.0243,-7.9175,-2.3025
1693922790800127,-27.0304,33.1321,-7.9105,-2.32966
1693922790900096,-27.2951,33.2179,-7.9447,-2.32358
1693922791000451,-27.4471,33.2045,-8.0234,-2.34612
1693922791100167,-27.9236,32.8769,-8.3133,-2.43204
1693922791200257,-28.8095,31.2213,-9.4659,-2.49551
1693922791300170,-28.1376,30.7587,-9.9229,-2.65664
1693922791400185,-27.9946,30.6797,-10.061,-2.64137
1693922791500207,-27.963,30.5524,-10.162,-2.65401
1693922791600220,-27.9387,30.6562,-10.1816,-2.68345
1693922791700268,-28.1265,30.9672,-10.2852,-2.71571
1693922791799681,-28.2404,31.1487,-10.2817,-2.70929
1693922791900222,-28.3275,31.2406,-10.4126,-2.71213
1693922792000160,-28.3573,31.4569,-10.5367,-2.75633
1693922792100155,-28.3434,31.5408,-10.6839,-2.75858
1693922792200165,-28.3346,31.6622,-10.7286,-2.7584
1693922792300240,-28.3198,31.6776,-10.6176,-2.86933
1693922792400298,-28.2653,31.7259,-10.7153,-2.88911
1693922792600141,-28.2632,31.7967,-10.8596,-2.89873
1693922792700140,-28.2254,31.8797,-10.7906,-2.95601
1693922792800299,-28.4029,31.9289,-10.5463,3.11363
1693922792900315,-28.4156,31.9741,-10.7162,3.12481
1693922793000143,-28.4333,32.052,-10.8541,3.1095
1693922793100366,-28.4269,32.1633,-11.0748,3.07705
1693922793200226,-28.4465,32.274,-11.342,3.08112
1693922793299646,-28.5207,32.3441,-11.4137,3.05389
1693922793400284,-28.5008,32.3646,-11.5659,3.04124
1693922793500206,-28.4579,32.4585,-11.7333,3.03951
1693922793600276,-28.4179,32.453,-11.8212,3.03324
1693922793700401,-28.3595,32.4709,-11.9514,3.03293
1693922793800331,-28.3209,32.5241,-12.0669,3.02495
1693922793900318,-28.3436,32.5144,-12.1063,3.01802
1693922794000473,-28.3063,32.536,-12.2204,3.02263
1693922794099989,-28.269,32.626,-12.4195,3.01799
1693922794300445,-28.1563,32.6821,-12.6083,3.00916
1693922794400370,-28.1414,32.7183,-12.7144,3.00777
1693922794500277,-28.0979,32.712,-12.8675,3.01984
1693922794600350,-28.0404,32.6743,-13.0204,3.01543
1693922794700204,-28.0214,32.6779,-13.1858,3.01153
1693922794800029,-28.034,32.6939,-13.2982,3.01115
1693922794900468,-27.9909,32.709,-13.4435,3.00832
1693922795000276,-27.9299,32.7953,-13.5875,3.00967
1693922795099701,-27.8999,32.963,-13.8345,2.98542
1693922795200291,-27.8964,32.9783,-13.9585,2.98411
1693922795300223,-27.9176,33.0447,-14.0881,2.98682
1693922795400372,-27.8964,33.001,-14.2812,3.00412
1693922795500278,-27.8525,33.0417,-14.4152,3.00014
1693922795599664,-27.832,33.0841,-14.5555,2.99794
1693922795700234,-27.7711,33.2086,-14.7143,2.9858
1693922795800485,-27.6925,33.2301,-14.8576,2.96182
1693922795900483,-27.6801,33.2798,-15.0107,2.96324
1693922796000380,-27.5744,33.3773,-15.2746,2.96442
1693922796200260,-27.5357,33.2986,-15.5276,2.95786
1693922796300518,-27.4996,33.3461,-15.676,2.9545
1693922796400448,-27.4448,33.3818,-15.8277,2.95171
1693922796500501,-27.496,33.4199,-16.0175,2.94139
1693922796600563,-27.4306,33.4607,-16.18,2.94129
1693922796700168,-27.337,33.4852,-16.354,2.93292
1693922796899725,-27.2582,33.5571,-16.6689,2.93273
1693922797000477,-27.2068,33.5386,-16.7849,2.92939
1693922797100250,-27.1763,33.544,-16.9086,2.9294
1693922797199547,-27.1367,33.5597,-17.0535,2.92897
1693922797300481,-27.0452,33.6178,-17.1273,2.91203
1693922797399550,-27.0058,33.6195,-17.2631,2.91286
1693922797500007,-26.9589,33.6381,-17.4036,2.91248
1693922797600476,-26.9191,33.6928,-17.584,2.91338
1693922797700506,-26.8766,33.7121,-17.7295,2.91253
1693922797800440,-26.8099,33.7973,-17.9121,2.92361
1693922797900482,-26.7718,33.7384,-18.1014,2.91827
1693922798000410,-26.7674,33.5881,-18.2721,2.93353
1693922798100296,-26.7215,33.6906,-18.4318,2.95565
1693922798200537,-26.5527,33.7581,-18.6119,2.94584
1693922798300417,-26.6303,34.0509,-18.6843,2.97488
1693922798399876,-26.6503,34.3639,-18.9842,2.97676
1693922798500411,-26.6437,34.2517,-19.1903,2.98327
1693922798700319,-27.4211,34.7303,-19.2694,3.00866
1693922798800471,-27.5123,34.5269,-19.3626,3.00454
1693922798900402,-27.4622,34.3736,-19.3336,3.01704
1693922799100553,-27.4957,34.4736,-19.5315,3.01348
1693922799299905,-27.5591,34.5811,-19.7376,3.00992
1693922799400493,-28.3834,35.4556,-19.3348,3.00079
1693922799600531,-28.5461,35.8416,-19.4747,2.96875
1693922799800428,-28.7543,37.4584,-19.8271,2.97461
1693922800000538,-28.8468,40.0392,-18.9439,2.88637
1693922800100334,-27.8823,43.1726,-17.7061,2.86017
1693922800400428,-27.9184,46.7941,-16.8233,2.95504
1693922800500517,-28.0179,47.6258,-16.7791,2.95829
1693922800600456,-28.027,48.4728,-17.0133,2.96166
1693922800700510,-28.0259,49.302,-16.9015,2.95283
1693922800800642,-27.2521,50.4496,-17.3331,2.95324
1693922800900597,-27.1773,51.3412,-17.3421,2.94009
1693922801000561,-27.0388,52.3506,-17.3367,2.91744
1693922801100570,-26.9468,53.2692,-17.3102,2.89659
1693922801200523,-26.889,54.1642,-17.2661,2.87608
1693922801600441,-27.1273,59.1635,-16.5396,2.8734
1693922801700408,-27.3188,60.4494,-16.4453,2.85809
1693922801900525,-27.7481,62.8594,-16.1142,2.89623
1693922801999715,-28.6727,63.825,-15.0973,2.99231
1693922802400475,-30.8357,67.4168,-13.0326,-2.97482
1693922802500545,-30.9155,67.7626,-11.6598,-2.98131
1693922802700557,-31.6868,68.5329,-11.4194,-3.03289
1693922802900499,-31.7005,67.7252,-10.0257,-3.13723
1693922803300487,-31.7988,68.7527,-7.834,-3.03157
1693922803500476,-31.846,69.3341,-7.7581,-3.06201
1693922803700662,-31.803,69.5853,-7.5356,-3.03675
1693922803900527,-31.9047,69.7507,-7.3374,-3.07384
1693922804000495,-31.8893,69.8544,-7.0882,-3.07847
1693922804100482,-31.9154,69.8889,-6.8918,-3.08318
1693922804200570,-31.9402,70.0197,-6.8217,-3.07533
1693922804300647,-32.0069,70.1637,-6.6406,-3.08283
1693922804400111,-31.9954,70.2186,-6.4718,-3.07688
1693922804700045,-32.0891,70.4394,-6.122,-3.06866
1693922804900352,-32.0631,70.2558,-6.5795,-3.02206
1693922805100682,-32.1326,70.4269,-6.5113,-2.99333
1693922805199825,-32.0362,70.4892,-6.6832,-2.99555
1693922805300209,-31.9941,70.6077,-6.5015,-3.00826
1693922805400599,-32.0724,70.7037,-6.5734,-2.96897
1693922805699833,-32.1469,71.0018,-6.4353,-2.94496
1693922805900546,-31.4561,70.7784,-6.2525,-2.99304
1693922806500529,-31.0153,70.5114,-6.2361,-2.91042
1693922806599989,-31.3363,70.12,-6.2284,-2.77599
1693922807000076,-31.0841,69.8826,-6.6294,-2.83934
1693922807100666,-31.2693,69.5937,-6.7925,-2.83125
1693922807200647,-31.2683,69.5285,-6.806,-2.84456
1693922807299974,-31.2358,69.4811,-6.8548,-2.84782
1693922807400588,-31.3371,69.5036,-6.8786,-2.90396
1693922807500696,-31.468,69.5539,-7.0764,-2.94354
1693922807600342,-31.559,69.6553,-7.4251,-3.0095
1693922807699883,-31.1898,69.3234,-7.3823,-3.00431
1693922808200200,-30.9568,68.4653,-8.781,-2.81345
1693922808800671,-31.1078,67.9236,-9.4124,-2.80103
1693922808900600,-31.1237,68.131,-9.3907,-2.82432
1693922809000514,-31.0869,68.2307,-9.2785,-2.84138
1693922809100738,-31.0902,68.3038,-9.0783,-2.86088
1693922809200700,-31.08,68.3973,-9.056,-2.88434
1693922809500550,-31.022,68.5925,-8.8333,-3.04623
1693922809800587,-30.9841,68.5842,-8.8948,-3.05816
1693922810100572,-30.9908,68.6045,-8.7049,-3.08989
1693922810300586,-31.0735,68.6152,-8.8993,3.11559
1693922810599691,-31.101,68.766,-8.5403,3.12499
1693922810800561,-31.0657,68.8394,-8.3429,3.1164
1693922810899941,-30.9447,68.823,-8.0562,3.09441
1693922811000281,-30.5578,68.545,-8.3735,3.0579
1693922811200571,-30.6161,68.053,-8.4905,3.06012
1693922811300413,-30.5057,67.9726,-8.5718,3.0534
1693922811400739,-30.4491,67.9828,-8.492,3.05014
1693922811500683,-30.4315,68.0366,-8.4243,3.05545
1693922811600655,-30.3839,68.0117,-8.4109,3.05392
1693922811700956,-30.3133,68.128,-8.3582,3.06324
1693922811800670,-30.2259,68.2241,-8.1442,3.03972
1693922812100633,-30.1545,68.4618,-7.6856,2.98546
1693922812300581,-30.0503,68.5449,-7.5425,2.99085
1693922812500661,-29.9852,68.6844,-7.4528,2.97786
1693922812900871,-29.9138,68.7737,-7.3574,2.9421
1693922813099660,-29.8416,68.8196,-7.2753,2.93916
1693922813200262,-29.8252,68.8219,-7.204,2.93926
1693922813300436,-29.7954,68.8528,-7.171,2.94228
1693922813400712,-29.8057,68.8841,-7.1869,2.93571
1693922813500633,-29.7683,68.8922,-7.1641,2.92816
1693922813700800,-29.7854,68.7794,-7.0925,2.89536
1693922813900637,-29.7198,68.8267,-7.1972,2.85926
1693922813999654,-29.6782,68.8626,-7.2081,2.85646
1693922814100293,-29.6462,68.882,-7.1843,2.85458
1693922814199852,-29.6186,69.1246,-6.7683,2.84934
1693922814400771,-29.4875,69.1737,-6.7128,2.82938
1693922814600820,-29.368,69.1369,-6.7384,2.86439
1693922814800092,-29.0688,68.684,-7.5523,2.73312
1693922814900458,-28.9949,68.6763,-7.5781,2.74541
1693922815000644,-28.5964,68.7743,-7.6346,2.78637
1693922815100694,-28.447,68.7438,-7.8743,2.79912
1693922815200806,-28.3363,68.7139,-8.0295,2.78191
1693922815400619,-28.1425,68.7074,-8.1544,2.78636
1693922815500825,-28.57,67.9306,-8.9298,2.80708
1693922815600337,-28.4908,67.8602,-9.026,2.81304
1693922815700824,-28.4748,67.9236,-8.9138,2.8598
1693922815799563,-28.5437,67.9142,-8.6307,2.8952
1693922815900664,-28.5417,67.852,-8.5337,2.9274
1693922816099924,-28.4134,67.9855,-8.3501,2.95752
1693922816200743,-28.4051,67.9734,-8.3552,2.97548
1693922816300786,-28.3641,67.9718,-8.3969,2.98827
1693922816500559,-28.233,67.801,-9.0122,3.07421
1693922816700785,-28.1798,67.7124,-9.168,3.0879
1693922816999792,-28.1854,67.6243,-9.1291,-3.13455
1693922817100772,-28.1629,67.4611,-8.8124,-3.12685
1693922817300115,-28.2025,67.2939,-8.3125,-3.02859
1693922817400829,-28.214,67.2652,-8.2866,-3.03341
1693922817699834,-28.2237,67.3269,-8.1959,-3.05006
1693922817800767,-28.2216,67.3115,-8.1767,-3.05186
1693922817900889,-28.2357,67.3035,-8.2063,-3.06564
1693922818000276,-28.2483,67.3686,-8.1721,-3.06976
1693922818099967,-28.2452,67.355,-8.1469,-3.06967
1693922818200918,-28.1812,67.5891,-7.9509,-3.07808
1693922818300865,-28.132,67.5926,-7.9172,-3.0839
1693922818600829,-28.0121,67.6724,-7.7368,-3.07672
1693922818700774,-27.8783,67.8422,-7.616,-3.0782
1693922818799731,-27.8335,67.9251,-7.3858,-3.08255
1693922818900763,-27.54,67.9617,-7.2692,-3.0871
1693922819001141,-27.3829,68.0054,-7.1348,-3.0899
1693922819100808,-27.3673,68.0747,-6.9667,-3.08953
1693922819200877,-27.3429,68.1038,-6.8677,-3.09639
1693922819400067,-27.3185,68.1324,-6.6715,-3.09674
1693922819500901,-27.2801,68.1514,-6.567,-3.09493
1693922819599737,-27.2727,68.1879,-6.4403,-3.09662
1693922819699944,-27.2466,68.2029,-6.3484,-3.09438
1693922819800001,-27.2381,68.2539,-6.2616,-3.10068
1693922820000000,-27.1943,68.3055,-6.0475,-3.09842
1693922820100838,-27.1914,68.3284,-5.9324,-3.09996
1693922820200893,-27.1443,68.3603,-5.8364,-3.10321
1693922820300976,-27.1228,68.3983,-5.7447,-3.10426
1693922820400898,-27.1541,68.459,-5.5825,-3.10926
1693922820499988,-27.1013,68.5515,-5.4662,-3.10612
1693922820600897,-27.1349,68.5964,-5.3145,-3.10741
1693922820700822,-27.2748,68.6992,-5.2452,-3.10393
1693922820901894,-28.0547,68.5565,-6.3395,-3.11161
1693922821100836,-28.2551,68.4754,-6.4081,-3.1197
1693922821200996,-28.4023,68.4188,-6.412,-3.11393
1693922821299754,-28.509,68.4142,-6.3953,-3.10963
1693922821400906,-28.7513,68.5491,-6.5853,-3.07424
1693922821501000,-28.8326,68.6065,-6.6074,-3.07271
1693922821600963,-28.9153,68.647,-6.7948,-3.05212
1693922821700846,-29.0493,68.6956,-6.9017,-3.04943
1693922821800948,-29.1853,68.7493,-7.1589,-3.04867
1693922821900904,-29.2916,68.7803,-7.2333,-3.04802
1693922822000830,-29.3863,68.8262,-7.6241,-3.01808
1693922822099884,-29.4992,68.5436,-8.0241,-2.92068
1693922822200873,-29.741,68.5065,-8.0653,-2.89823
1693922822400275,-29.7923,68.4301,-7.9792,-2.90297
1693922822500908,-29.8353,68.0364,-8.3752,-2.87266
1693922822600836,-29.8544,67.272,-9.2423,-3.01557
1693922822700812,-29.7954,67.5299,-9.4375,-3.05704
1693922822800934,-29.8358,67.6583,-9.4327,-3.07484
1693922822999875,-29.9625,67.832,-9.3068,-3.07476
1693922823100869,-30.2468,68.0592,-8.9701,-3.0988
1693922823200272,-30.3201,68.1644,-8.8369,-3.1243
1693922823299938,-30.2821,68.1816,-8.5472,-3.13787
1693922823400055,-30.3233,68.214,-8.472,-3.13667
1693922823500908,-30.3394,68.2566,-8.4023,3.14148
1693922823599896,-30.2909,68.3115,-8.1016,-3.14152
1693922823700069,-30.3196,68.3277,-8.0413,-3.14072
1693922823800892,-30.3136,68.3991,-7.9614,-3.13814
1693922823901006,-30.2919,68.3882,-7.8745,3.1329
1693922824000945,-30.3203,68.4471,-7.826,3.13509
1693922824100005,-30.308,68.5137,-7.7577,3.13686
1693922824199933,-30.2477,68.5506,-7.6533,3.12541
1693922824300963,-30.2183,68.6212,-7.5382,3.12876
1693922824400892,-30.2395,68.6476,-7.4625,3.13382
1693922824499627,-30.247,68.6921,-7.2855,3.13141
1693922824599774,-30.2242,68.7343,-7.1407,3.13605
1693922824700045,-30.209,68.8038,-6.986,3.13389
1693922824799913,-30.2038,68.8532,-6.8868,3.13223
1693922824900780,-30.1918,68.912,-6.7253,3.13501
1693922825000341,-30.1267,68.9824,-6.53,3.12827
1693922825099933,-30.1128,69.0309,-6.409,3.12665
1693922825199860,-30.1071,69.0694,-6.2809,3.12754
1693922825300883,-30.0428,69.1096,-6.0718,3.12188
1693922825399610,-30.0143,69.1352,-5.9247,3.12654
1693922825499889,-29.9507,69.1834,-5.6901,3.12871
1693922825600951,-29.8924,69.2286,-5.5755,3.13512
1693922825699930,-29.8572,69.2614,-5.4564,3.13749
1693922825799712,-29.7354,69.2872,-5.402,3.13356
1693922825900936,-29.6628,69.2996,-5.2546,3.13916
1693922825999904,-29.6278,69.3408,-5.1417,3.14004
1693922826099891,-29.5894,69.3835,-5.026,3.13941
1693922826299557,-29.5203,69.4629,-4.794,3.13905
1693922826399971,-29.4842,69.506,-4.6875,3.13977
1693922826500185,-29.4464,69.5482,-4.5765,3.13954
1693922826600058,-29.3036,69.5932,-5.2779,-3.14006
1693922826699926,-29.29,69.5676,-5.4134,3.12675
1693922826800161,-29.2398,69.5962,-5.3749,3.12307
1693922826899706,-29.2824,69.6997,-5.2581,3.1305
1693922826999869,-29.2491,69.7501,-5.1887,3.12918
1693922827100975,-29.2106,69.8622,-4.9859,3.10136
1693922827200140,-29.3072,69.9575,-4.9204,3.10814
1693922827299801,-29.2503,69.9504,-4.8192,3.10154
1693922827399809,-29.2266,70.0145,-4.7751,3.09575
1693922827500011,-29.5972,69.9654,-5.5779,3.10358
1693922827599644,-29.7295,69.9881,-5.651,3.10785
1693922827699849,-30.1179,70.074,-6.1519,3.11992
1693922827800132,-30.7579,68.9566,-7.9669,-3.01411
1693922827899957,-30.8335,68.84,-8.2037,-3.01117
1693922828000459,-30.7006,68.7059,-8.4583,-3.0034
1693922828100178,-30.6933,68.2921,-8.6876,-3.03295
1693922828200128,-30.7015,68.1768,-8.857,-3.0398
1693922828299884,-30.621,67.8885,-9.1781,-3.12557
1693922828399819,-30.7127,67.7635,-9.3359,-3.11449
1693922828499617,-30.8014,67.6174,-9.4797,-3.1265
1693922828699620,-30.8426,67.258,-10.1116,3.13912
1693922828799827,-30.8304,67.2056,-9.996,-3.13054
1693922828899703,-30.7641,67.2199,-9.9891,-3.12853
1693922829100090,-30.815,67.157,-10.5667,3.13749
1693922829199768,-30.8471,67.0646,-10.7694,3.13536
1693922829299726,-30.8768,66.9559,-10.9695,-3.14144
1693922829399771,-31.1683,66.8357,-10.705,-3.11153
1693922829499714,-30.9304,66.7838,-10.8319,-3.10636
1693922829599959,-30.81,66.6869,-10.6432,-3.09993
1693922829699762,-30.7757,66.7545,-10.5189,-3.08034
1693922829799896,-30.7522,66.5823,-10.4134,-3.09082
1693922829899830,-30.7085,66.5249,-10.4423,-3.08118
1693922830199678,-30.7235,66.3596,-10.6962,-3.06973
1693922830299639,-30.7277,66.3929,-10.8036,-3.07367
1693922830399868,-30.7533,66.3671,-10.8802,-3.07246
1693922830500103,-30.8167,66.3977,-10.9114,-3.07004
1693922830599939,-30.8633,66.3459,-10.9326,-3.07538
1693922830699785,-30.9726,66.1067,-10.9867,-3.0681
1693922831100194,-30.6033,65.5553,-11.8002,3.13317
1693922831199840,-30.5405,65.5848,-11.7052,-3.10936
1693922831299695,-30.5584,65.6447,-11.694,-3.10665
1693922831599946,-30.7897,65.9923,-11.485,-3.1192
1693922831699711,-30.8296,66.1496,-11.3067,-3.09845
1693922831800091,-30.6294,66.1243,-10.9266,-3.10664
1693922831899909,-30.594,66.2494,-10.7335,-3.10497
1693922832100006,-30.4498,66.4561,-10.3672,-3.0897
1693922832199839,-30.4326,66.505,-10.29,-3.08616
1693922832299756,-30.3997,66.5395,-10.2208,-3.08479
1693922832600109,-30.5145,66.7115,-10.1512,-3.06613
1693922832699895,-30.5223,66.7706,-10.0158,-3.0753
1693922832799852,-30.4773,66.8608,-9.9125,-3.0781
1693922832899920,-30.4522,66.8998,-9.79,-3.0782
1693922832999666,-30.3525,67.0499,-9.3424,-3.0657
1693922833299606,-30.2632,67.1377,-8.9816,-3.06208
1693922833400204,-30.2445,67.2007,-8.8437,-3.06235
1693922833499822,-30.2389,67.2525,-8.669,-3.05715
1693922833599915,-30.1985,67.276,-8.5815,-3.05929
1693922833700130,-30.1816,67.3244,-8.4785,-3.05951
1693922833800349,-30.1479,67.3685,-8.361,-3.05587
1693922833899883,-30.1218,67.4154,-8.2544,-3.05512
1693922833999922,-30.1012,67.4588,-8.1476,-3.05276
1693922834100098,-30.0801,67.5132,-8.0351,-3.04868
1693922834200316,-30.0621,67.5572,-7.9341,-3.04649
1693922834299676,-30.0431,67.594,-7.8351,-3.04298
1693922834600035,-29.9981,67.6408,-7.6493,-3.0269
1693922834699839,-29.9369,67.7356,-7.4348,-3.04372
1693922834799862,-29.9366,67.8008,-7.3179,-3.04729
1693922834899905,-29.9131,67.8322,-7.2242,-3.0454
1693922835199789,-29.8583,67.9649,-6.9169,-3.04501
1693922835299911,-29.8754,68.0314,-6.8952,-3.04918
1693922835399848,-29.8651,68.0752,-6.8006,-3.04646
1693922835499862,-29.8636,68.1092,-6.7209,-3.04445
1693922835599906,-30.4523,68.0392,-7.4404,-3.03334
1693922835699772,-30.8212,67.9219,-7.5801,-3.0601
1693922835799834,-30.758,67.7899,-7.7611,-3.0617
1693922835900046,-30.8107,67.7962,-7.7753,-3.06095
1693922835999797,-30.8634,67.8008,-7.785,-3.06012
1693922836099906,-30.8079,67.8435,-7.5954,-3.06742
1693922836200094,-30.7272,67.8915,-7.4502,-3.05821
1693922836299752,-30.6955,67.9216,-7.313,-3.06282
1693922836399870,-30.6607,67.9801,-7.1612,-3.06787
1693922836499897,-30.5107,67.9786,-6.9143,-3.06794
1693922836599853,-30.3936,68.0173,-6.7999,-3.07215
1693922836699846,-30.3169,68.1386,-6.5459,-3.04641
1693922836800513,-30.2957,68.142,-6.446,-3.04723
1693922836900358,-30.2241,68.1213,-6.3166,-3.04418
1693922837000081,-30.2104,68.1884,-6.198,-3.03494
1693922837099785,-30.1523,68.3187,-5.9971,-3.03131
1693922837199845,-29.9649,67.9561,-5.8004,-3.05266
1693922837300018,-29.9079,67.9177,-5.7529,-3.05403
1693922837399906,-29.8886,67.8913,-5.65,-3.04719
1693922837700023,-29.7488,67.8589,-5.3233,-3.054
1693922837799819,-29.6872,67.874,-5.1618,-3.06086
1693922837899859,-29.6156,67.829,-5.0329,-3.0585
1693922837999656,-29.577,67.8285,-4.9083,-3.05539
1693922838099844,-29.5089,67.8253,-4.7491,-3.05833
1693922838199945,-29.453,67.7828,-4.6094,-3.04961
1693922838299833,-29.3634,67.7893,-4.4858,-3.05109
1693922838399921,-29.2922,67.7899,-4.3505,-3.04997
1693922838499856,-29.21,67.7684,-4.229,-3.04794
1693922838599878,-29.1378,67.7811,-4.1284,-3.04261
1693922838999820,-28.8894,67.7228,-3.5014,-3.03823
1693922839099973,-28.8281,67.7221,-3.3524,-3.04296
1693922839200094,-28.7538,67.7111,-3.2033,-3.04392
1693922839399914,-28.5917,67.7304,-2.8864,-3.05174
1693922839499910,-28.4946,67.6605,-2.7199,-3.04801
1693922839600158,-28.366,67.6238,-2.7199,-3.04795
1693922839699933,-28.2595,67.6132,-2.6063,-3.05298
1693922839799835,-28.1565,67.6129,-2.534,-3.05992
1693922839899853,-28.0956,67.6047,-2.4338,-3.05893
1693922839999919,-28.1481,67.7133,-2.7685,-3.08999
1693922840100554,-28.1884,68.0681,-2.816,-3.10599
1693922840199888,-28.1287,68.0753,-2.7452,-3.09721
1693922840299870,-28.0847,68.1105,-2.6856,-3.09832
1693922840499900,-27.9626,68.1628,-2.5622,-3.10173
1693922840599790,-28.0218,68.1235,-2.7255,-3.09183
1693922840699855,-28.1589,67.992,-3.5642,-3.02342
1693922840799884,-28.1835,67.8604,-3.5542,-3.05519
1693922840899811,-28.6001,67.3373,-3.4387,-2.97998
1693922841000194,-28.6197,67.2705,-3.42,-2.98075
1693922841099949,-28.5517,67.2286,-3.1973,-2.98269
1693922841500102,-28.3967,67.0329,-2.8871,-2.95245
1693922841599553,-28.2128,66.9258,-2.684,-2.95959
1693922841699972,-28.1792,66.8791,-2.6047,-2.95354
1693922841799902,-28.1422,66.8484,-2.4885,-2.95917
1693922841899974,-28.0583,66.8051,-2.3982,-2.9578
1693922842199578,-27.6946,66.7453,-2.0193,-2.97477
1693922842300274,-27.6441,66.6994,-1.953,-2.97352
1693922842400246,-27.6044,66.7495,-1.8751,-2.97924
1693922842500505,-27.6981,66.9046,-1.8173,-2.9829
1693922842599968,-27.689,66.8941,-1.7675,-2.98486
1693922842699895,-27.7754,66.9174,-1.7666,-2.99271
1693922842900157,-27.809,66.8687,-1.7101,-3.00801
1693922843000192,-27.7807,66.8117,-1.6781,-3.00758
1693922843199566,-27.641,66.7859,-1.5201,-3.00867
1693922843300098,-27.5815,66.7548,-1.4611,-3.00955
1693922843499932,-27.3164,66.6682,-1.3492,-2.98668
1693922844100210,-27.0902,66.6077,-1.0548,-3.00467
1693922844200110,-27.1616,66.6804,-1.09,-2.99519
1693922844300050,-27.3952,66.8765,-2.5655,-3.06991
1693922844400124,-27.4397,66.9666,-3.5594,3.1191
1693922844500517,-27.4391,66.9817,-3.7767,3.11783
1693922844599676,-27.4569,66.9765,-3.9558,3.11788
1693922844699949,-27.4632,66.9853,-4.217,3.08364
1693922844999621,-27.5181,67.0642,-4.9177,3.02665
1693922845100088,-28.2761,67.1901,-5.7212,3.03123
1693922845199586,-28.6567,67.7123,-6.318,2.98034
1693922845300188,-28.7394,67.7662,-6.5863,2.98182
1693922845399667,-28.7974,67.7303,-6.7517,3.00892
1693922845499984,-28.7936,67.7153,-6.6735,3.00959
1693922845600008,-28.807,67.7308,-6.6674,3.02598
1693922845699777,-28.7727,67.6927,-6.6796,3.01315
1693922845800274,-28.808,67.6658,-6.7066,3.01726
1693922845900036,-28.7955,67.6976,-6.6902,3.02224
1693922845999932,-28.7935,67.6913,-6.6858,3.01555
1693922846100042,-28.7979,67.704,-6.6786,3.01742
1693922846200080,-28.8558,67.7434,-6.7353,3.02781
1693922846500369,-28.8816,67.5485,-6.7022,3.04723
1693922846600233,-29.0948,66.7004,-6.7343,3.03273
1693922846799970,-29.0446,66.5085,-6.5707,3.1347
1693922846899549,-29.0074,66.5342,-6.6258,-3.13406
1693922847000340,-29.0577,66.4545,-6.6497,-3.09462
1693922847099746,-29.2433,66.4076,-6.2935,-2.2688
1693922847300159,-29.3424,66.2906,-6.3167,-2.30998
1693922847400061,-29.3246,66.3781,-6.2692,-2.58944
1693922847500155,-29.3199,66.3935,-6.2725,1.70376
1693922847600028,-29.3215,66.3937,-6.2724,2.42053
1693922847700089,-29.319,66.3954,-6.2726,1.35245
1693922847800234,-29.318,66.3957,-6.2731,1.82332
1693922847899549,-29.3177,66.3967,-6.2726,1.26597
1693922847999687,-29.3176,66.3971,-6.2724,1.47572
1693922848099926,-29.318,66.3968,-6.2721,1.64392
1693922848300061,-29.319,66.3963,-6.2724,2.2374
1693922848399630,-29.3171,66.3976,-6.2727,1.4836
1693922848500093,-29.319,66.3989,-6.2741,1.06123
1693922848600278,-29.3165,66.3976,-6.2719,1.5984
1693922848700436,-29.3193,66.3951,-6.2697,2.99974
1693922848899578,-29.3177,66.3981,-6.2707,1.26578
1693922849000172,-29.3159,66.3985,-6.2721,1.5597
1693922849100139,-29.317,66.398,-6.2716,1.846
1693922849300375,-29.3177,66.3995,-6.2754,0.84535
1693922849400446,-29.3233,66.4007,-6.2787,1.02236
1693922849500074,-29.3179,66.399,-6.273,1.36917
1693922849600193,-29.3159,66.3984,-6.2735,1.13387
1693922849800443,-29.3226,66.4012,-6.2778,1.202
1693922849900205,-29.3151,66.3987,-6.2721,1.08023
1693922850000125,-29.3219,66.4014,-6.2776,1.02241
1693922850099791,-29.3189,66.4003,-6.275,1.12654
1693922850400357,-29.3182,66.4002,-6.2739,0.92832
1693922850500515,-29.316,66.3987,-6.2729,1.53364
1693922850700128,-29.3223,66.4,-6.2768,0.95844
1693922850799731,-29.3226,66.4001,-6.2773,1.07854
1693922850899817,-29.3218,66.4008,-6.2774,1.07379
1693922851100394,-29.3268,66.4023,-6.2798,0.99116
1693922851200496,-29.3283,66.4017,-6.2795,1.03972
1693922851300565,-29.3239,66.4001,-6.2777,1.05653
1693922851399831,-29.3241,66.3989,-6.2783,1.08331
1693922851500254,-29.3236,66.398,-6.2787,1.16715
1693922851600342,-29.3205,66.3993,-6.2773,1.00279
1693922851700485,-29.323,66.3988,-6.2773,1.05174
1693922851800193,-29.3264,66.3988,-6.28,1.01793
1693922851900268,-29.3224,66.3977,-6.2772,1.11193
1693922852000527,-29.3195,66.3992,-6.2757,1.03905
1693922852099689,-29.3168,66.3967,-6.273,1.23698
1693922852200220,-29.315,66.3965,-6.272,1.128
1693922852300325,-29.319,66.3971,-6.2733,1.07796
1693922852499774,-29.3336,66.3999,-6.2877,0.84902
1693922852599568,-29.3338,66.4003,-6.2885,0.90133
1693922852700081,-29.3325,66.3977,-6.2857,0.93122
1693922852900467,-29.3292,66.3981,-6.2846,0.96302
1693922852999901,-29.3332,66.4004,-6.2861,0.95014
1693922853100187,-29.3272,66.3971,-6.2785,1.04057
1693922853200384,-29.3155,66.3951,-6.2726,1.05028
1693922853400204,-29.3149,66.3971,-6.2737,0.70125
1693922853699901,-29.3294,66.4001,-6.2872,1.10769
1693922853800375,-29.3364,66.4011,-6.2899,0.78724
1693922853900269,-29.3304,66.4009,-6.2894,0.88282
1693922854000280,-29.3096,66.3985,-6.2773,0.97514
1693922854100342,-29.3096,66.394,-6.2734,0.97686
1693922854200346,-29.3095,66.395,-6.274,0.91396
1693922854300359,-29.309,66.3976,-6.2738,1.82135
1693922854400377,-29.3129,66.3954,-6.2759,0.90521
1693922854600203,-29.3293,66.3971,-6.2883,1.00667
1693922854700371,-29.3333,66.3982,-6.2931,0.91787
1693922854800316,-29.3376,66.402,-6.2989,0.97717
1693922854900271,-29.3396,66.4029,-6.3037,1.0766
1693922855000255,-29.3377,66.4003,-6.295,0.92531
1693922855099622,-29.3344,66.3998,-6.2937,0.88335
1693922855200481,-29.3346,66.3983,-6.2934,0.93178
1693922855300391,-29.334,66.3981,-6.2934,0.91725
1693922855600785,-29.3319,66.3988,-6.2922,0.88939
1693922856000126,-29.3297,66.3974,-6.2894,0.97731
1693922856100425,-29.3308,66.3959,-6.2886,0.94752
1693922856400406,-29.3303,66.3964,-6.2908,0.8821
1693922856499876,-29.3318,66.3961,-6.2916,0.96142
1693922856600006,-29.3305,66.3961,-6.2904,0.92879
1693922856900151,-29.3295,66.3974,-6.2896,0.9378
1693922857000540,-29.3256,66.3959,-6.2856,0.88856
1693922857300016,-29.3276,66.3966,-6.2889,0.94167
1693922857399945,-29.3306,66.396,-6.2896,0.92544
1693922857500159,-29.3309,66.3976,-6.2901,0.95211
1693922857600018,-29.3288,66.396,-6.2891,0.90916
1693922857700020,-29.3246,66.3954,-6.2854,0.92824
1693922857800535,-29.3286,66.3961,-6.2883,0.95811
1693922858100398,-29.3257,66.3943,-6.2856,0.96283
1693922858200327,-29.3252,66.3944,-6.2848,0.95612
1693922858800311,-29.3306,66.3954,-6.2893,0.98608
1693922859001876,-29.3304,66.3958,-6.2896,0.93736
1693922859200096,-29.3314,66.3956,-6.2893,1.01563
1693922859600051,-29.3267,66.3942,-6.2858,0.90222
1693922859700005,-29.3299,66.3956,-6.2891,0.99751
1693922859800341,-29.326,66.3946,-6.2854,0.94932
1693922859900410,-29.3062,66.3785,-6.2879,0.83641
1693922860200158,-29.3024,66.3743,-6.2918,0.81967
1693922860300418,-29.3056,66.3731,-6.2893,0.82448
1693922860400081,-29.3045,66.3777,-6.2883,0.83748
1693922860600143,-29.305,66.3766,-6.288,0.83202
1693922860800179,-29.304,66.378,-6.2878,0.67581
1693922860900513,-29.304,66.3733,-6.2916,0.85572
1693922860999749,-29.3046,66.3769,-6.2888,0.79531
1693922861100548,-29.3053,66.3779,-6.2868,0.8736
1693922861200513,-29.305,66.3761,-6.2883,0.81512
1693922861300185,-29.3023,66.3736,-6.2936,0.83011
1693922861400044,-29.3048,66.3772,-6.288,0.85014
1693922861599786,-29.3054,66.3784,-6.2884,0.87243
1693922861700172,-29.3027,66.3751,-6.2925,0.84372
1693922861800082,-29.3045,66.3762,-6.2882,0.84387
1693922861900624,-29.3069,66.3813,-6.2854,0.914
1693922862100498,-29.3047,66.3787,-6.2877,0.70284
1693922862200695,-29.304,66.3775,-6.2885,0.96358
1693922862400538,-29.3036,66.3791,-6.2868,0.84288
1693922862700496,-29.303,66.3787,-6.2868,0.9377
1693922862900589,-29.303,66.3781,-6.2875,0.83267
1693922863000222,-29.3005,66.3758,-6.2916,0.89355
1693922863099963,-29.2977,66.3779,-6.2982,0.87621
1693922863199789,-28.805,66.3619,-6.5846,0.92041
1693922863400389,-28.6556,66.6149,-6.681,1.1873
1693922863700696,-28.8114,66.3909,-6.6595,1.00754
1693922863800556,-28.5674,67.2924,-6.6465,0.98287
1693922863900529,-27.887,67.2192,-7.2491,0.94929
1693922864000412,-27.6767,67.32,-6.88,0.93798
1693922864100624,-27.5548,67.2361,-6.815,0.94792
1693922864201378,-27.7484,67.4484,-6.386,0.96902
1693922864400243,-28.6136,66.9967,-5.6713,0.83239
1693922864499768,-27.8757,66.5213,-6.5474,0.80999
1693922864599737,-27.7354,66.3549,-6.5963,0.81762
1693922864700344,-27.7249,66.3409,-6.7548,0.82274
1693922864899556,-27.9416,66.5236,-7.7428,0.84059
1693922865199580,-27.9373,66.4107,-8.4932,0.8551
1693922865400610,-27.9353,66.3574,-8.9695,0.84687
1693922865600430,-27.8124,66.2821,-9.1284,0.84991
1693922865700216,-27.7684,66.2692,-9.2381,0.84724
1693922865900609,-27.8665,66.4811,-9.2092,0.81786
1693922866201282,-27.7193,66.343,-9.2067,0.80514
1693922866399584,-27.7104,66.3447,-9.3026,0.78393
1693922867000619,-27.3403,66.527,-9.5222,0.76896
1693922867100357,-27.325,66.5129,-9.5472,0.74146
1693922867200612,-27.315,66.5288,-9.5715,0.73213
1693922867300646,-27.2972,66.5708,-9.5716,0.7508
1693922867400647,-27.4708,66.9686,-9.0836,0.74182
1693922867500576,-27.4503,67.0234,-9.0338,0.75476
1693922867600529,-27.4408,67.0122,-8.9422,0.74241
1693922867700575,-27.4197,66.8637,-9.1999,0.68868
1693922867899621,-27.082,66.3025,-9.4697,0.49027
1693922868000398,-26.8332,65.8861,-9.6592,0.51249
1693922868200601,-26.6173,65.7013,-9.8617,0.48409
1693922868300570,-26.5623,65.6,-10.074,0.53063
1693922868400466,-26.4645,65.2841,-10.4504,0.57036
1693922868500059,-26.2246,64.8019,-10.8419,0.59465
1693922868700167,-26.0268,64.5037,-10.9402,0.55804
1693922868799644,-25.9741,64.2539,-10.9362,0.54725
1693922868900591,-25.902,64.3329,-11.0559,0.56514
1693922868999658,-25.6809,64.1573,-11.2146,0.56447
1693922869400167,-25.3808,63.8483,-11.3034,0.5023
1693922869499563,-25.2845,63.7406,-11.3878,0.49811
1693922869600267,-25.2045,63.6558,-11.3041,0.49019
1693922869700675,-25.0736,63.5694,-11.466,0.51565
1693922869799875,-24.9727,63.4652,-11.5457,0.53102
1693922869900654,-24.6941,63.519,-11.562,0.54365
1693922870000637,-24.7343,63.4447,-11.55,0.52913
1693922870199677,-24.4632,63.1158,-11.6315,0.53824
1693922870399878,-24.311,62.8492,-11.716,0.5481
1693922870500140,-24.0863,62.6782,-11.7414,0.58566
1693922870600648,-23.9704,62.5542,-11.78,0.60372
1693922870800677,-23.7156,62.3193,-11.8295,0.62798
1693922870900688,-23.6603,62.2197,-11.8594,0.64085
1693922871000762,-23.5162,62.0573,-11.7411,0.68004
1693922871300661,-23.3602,61.8382,-11.8449,0.75849
1693922871399552,-23.2963,61.965,-11.6921,0.72079
1693922871500610,-23.1985,61.8613,-11.7148,0.74272
1693922871700739,-23.0672,61.5353,-11.8258,0.75843
1693922871899884,-22.8594,61.3019,-11.9802,0.76336
1693922872000237,-22.6667,61.1838,-12.0813,0.77169
1693922872100759,-22.4959,60.8235,-12.1192,0.81678
1693922872300754,-22.3008,60.5695,-12.2058,0.85744
1693922872500820,-22.0972,60.3307,-12.3093,0.87696
1693922872600560,-22.0181,60.212,-12.4037,0.88767
1693922872700736,-21.8871,60.1109,-12.4533,0.91398
1693922872802428,-21.7939,59.9776,-12.5849,0.95216
1693922872999815,-21.5857,59.7592,-12.7232,0.99431
1693922873199724,-21.4139,59.4996,-12.8511,1.02874
1693922873300694,-21.5,59.5295,-12.8926,1.04553
1693922873400088,-21.4633,59.5689,-13.0464,1.0822
1693922873500142,-21.3082,59.5945,-13.1491,1.11198
1693922873600830,-21.6709,59.5145,-12.904,1.15786
1693922873700864,-21.5192,59.3892,-12.983,1.19485
1693922873799794,-21.6262,59.3039,-12.7257,1.23216
1693922873900781,-21.8807,59.1618,-12.7247,1.24947
1693922874099760,-22.0696,58.6067,-12.8395,1.26149
1693922874200920,-22.0726,58.5118,-12.8803,1.30196
1693922874399862,-21.9894,58.382,-12.9005,1.34018
1693922874500963,-21.9953,58.3889,-12.9538,1.37333
1693922874600732,-21.9441,58.3272,-12.9838,1.40783
1693922874699727,-21.8579,58.3469,-12.9493,1.42913
1693922874900782,-22.5798,58.1963,-12.8115,1.44886
1693922875002074,-22.6297,58.1241,-12.8161,1.47731
1693922875200903,-22.4163,58.6442,-12.487,1.50059
1693922875400420,-22.2832,58.6729,-12.5871,1.51656
1693922875500729,-22.0344,58.6388,-12.607,1.54296
1693922875600815,-21.9006,58.4299,-12.6061,1.57852
1693922875700955,-21.6555,58.3844,-12.641,1.60247
1693922875800853,-21.2416,58.6303,-12.4653,1.64615
1693922875899762,-21.1823,58.6188,-12.4613,1.65912
1693922876000785,-21.2676,58.3999,-12.4959,1.68798
1693922876100756,-21.3393,58.3028,-12.4227,1.70119
1693922876199821,-21.2932,58.2752,-12.385,1.71038
1693922876300854,-21.4451,58.2366,-12.2799,1.72789
1693922876400757,-21.6959,58.1662,-12.2485,1.78213
1693922876700190,-21.676,58.0546,-12.1677,1.78873
1693922876799799,-21.6388,58.092,-12.1688,1.80681
1693922877001059,-21.0805,58.879,-12.3073,1.88375
1693922877099756,-21.0159,58.7769,-12.1009,1.92909
1693922877200890,-20.8638,58.8717,-11.8128,1.98448
1693922877300893,-20.3139,58.8799,-11.428,2.09034
1693922877399839,-19.8897,59.0138,-11.2141,2.10816
1693922877500877,-19.7602,58.8778,-11.0686,2.10685
1693922877600785,-19.6171,58.8307,-11.12,2.11273
1693922877699904,-19.5291,59.0186,-11.1383,2.14422
1693922877800837,-19.3529,59.1167,-11.0649,2.14924
1693922877900871,-19.0417,59.3365,-11.0908,2.17267
1693922877999883,-18.6945,59.3432,-10.9035,2.17739
1693922878100877,-18.3019,59.3995,-10.7702,2.193
1693922878200780,-18.043,59.5191,-10.8151,2.207
1693922878299833,-17.7799,59.5566,-10.7238,2.21468
1693922878400823,-17.3671,59.5716,-10.5582,2.23815
1693922878500773,-17.0309,59.6745,-10.6877,2.24593
1693922878599774,-16.6855,59.7296,-10.7213,2.28404
1693922878700872,-16.6017,59.8028,-10.5537,2.30377
1693922878800779,-16.4449,59.9284,-10.6008,2.33535
1693922878899828,-16.241,60.0347,-10.5463,2.3353
1693922879000806,-15.9646,60.0914,-10.3181,2.34136
1693922879100798,-15.6339,60.2345,-10.2053,2.37119
1693922879300871,-15.23,60.3359,-10.1194,2.40856
1693922879400803,-14.9951,60.4302,-10.0152,2.42429
1693922879600890,-14.422,60.4872,-9.9579,2.43677
1693922879699649,-14.2059,60.5356,-9.8327,2.43532
1693922879799833,-13.9488,60.6536,-9.8179,2.43438
1693922879900849,-13.4043,60.6746,-9.5905,2.42722
1693922880000807,-13.0554,60.8419,-9.452,2.41862
1693922880099815,-13.0167,61.0821,-9.4985,2.40178
1693922880200401,-12.9399,61.2637,-9.431,2.41101
1693922880300872,-12.7061,61.4166,-9.3438,2.40247
1693922880500868,-12.2978,61.6133,-8.9491,2.42686
1693922880601884,-12.1082,61.7364,-8.9286,2.42456
1693922880800869,-11.7156,61.9405,-8.6545,2.42307
1693922880901108,-11.4513,61.9148,-8.495,2.44884
1693922881100951,-10.9629,62.0094,-8.3268,2.44013
1693922881200877,-10.8298,62.0695,-8.1406,2.45648
1693922881400980,-10.7316,62.1958,-7.9061,2.42835
1693922881500924,-10.8046,62.4563,-8.0714,2.40931
1693922881600107,-10.7021,62.5661,-7.9183,2.4053
1693922881700929,-10.5592,62.6238,-7.5871,2.43412
1693922881900854,-9.9638,62.5712,-6.8636,2.44761
1693922882000206,-9.738,62.682,-6.7623,2.45729
1693922882100884,-8.8068,62.9062,-6.1886,2.41526
1693922882200276,-8.5109,63.049,-6.0287,2.41378
1693922882300040,-8.1194,63.1744,-5.9159,2.41546
1693922882400470,-7.9178,63.3309,-5.7736,2.41939
1693922882500874,-7.7857,63.5363,-5.5617,2.43835
1693922882600983,-7.3796,63.9505,-4.7097,2.45883
1693922882700895,-6.9694,64.3468,-4.5874,2.45104
1693922882900549,-6.3931,64.7036,-4.1599,2.44277
1693922883000984,-6.2284,64.9513,-4.2601,2.42887
1693922883100068,-5.9672,65.1326,-4.0719,2.43387
1693922883201090,-5.7228,65.3187,-3.8826,2.4333
1693922883400028,-5.2463,65.7834,-3.5172,2.44766
1693922883501102,-4.588,66.1652,-2.7989,2.47087
1693922883600968,-4.2924,66.4733,-2.6948,2.46271
1693922883699941,-4.0037,66.685,-2.512,2.45902
1693922883801006,-3.2517,66.8879,-2.2285,2.42992
1693922883900927,-2.4528,67.5455,-2.7834,2.36395
1693922883999600,-2.0518,67.8009,-2.6338,2.36135
1693922884200946,-1.269,68.3228,-2.3267,2.35721
1693922884299959,-0.4593,69.49,-2.4559,2.34595
1693922884401084,-0.1006,69.9227,-2.4382,2.3465
1693922884500989,0.1938,70.4402,-2.4745,2.33684
1693922884600988,0.6473,70.8162,-2.3757,2.33274
1693922884701039,1.5023,71.4581,-2.2402,2.26605
1693922884801017,1.8416,71.6956,-1.9901,2.28517
1693922884901026,2.1961,71.8534,-1.3862,2.31457
1693922885000530,2.573,72.1898,-1.3889,2.28957
1693922885100974,2.63,72.2989,-1.7949,2.28815
1693922885200106,2.834,72.3091,-1.5103,2.32131
1693922885300126,3.0003,72.3608,-1.2713,2.31856
1693922885400065,3.0552,72.4554,-1.1731,2.33399
1693922885500294,3.3987,72.4185,-1.0097,2.32589
1693922885599547,3.7589,72.6087,-0.7144,2.3204
1693922885699959,4.1519,72.4102,0.5305,2.33997
1693922885800139,4.8591,72.5037,0.7204,2.31819
1693922885901062,5.006,72.5982,0.4424,2.2952
1693922886000994,4.7927,72.2635,1.3617,2.34566
1693922886100056,5.0607,72.2965,1.6441,2.34361
1693922886201080,5.7729,72.1022,0.5176,2.21571
1693922886301096,6.5875,71.691,-0.7401,2.14341
1693922886401135,6.9029,71.6312,-0.7566,2.15149
1693922886501187,7.2308,71.8354,-0.9768,2.14444
1693922886601158,7.5726,71.8697,-0.9471,2.14865
1693922886700120,7.7826,71.888,-0.7981,2.16017
1693922886799956,8.0956,72.0993,-0.7395,2.15284
1693922886899975,8.3831,72.1551,-0.7285,2.15599
1693922887200090,9.1561,72.4095,-0.7994,2.17385
1693922887300464,9.2929,72.3713,-0.7123,2.15012
1693922887399669,9.5845,72.4288,-0.7055,2.15991
1693922887501139,9.3311,72.3082,-1.0041,2.17812
1693922887699781,9.8043,72.3922,-1.0931,2.17704
1693922887800148,9.8993,72.4492,-1.748,2.17223
1693922887900240,10.0106,72.5024,-1.9584,2.17403
1693922888000139,10.162,72.6125,-2.1173,2.17092
1693922888200223,10.0514,73.0379,-3.1098,2.14709
1693922888300048,10.1741,73.1524,-3.6512,2.13719
1693922888400049,10.2805,73.2562,-4.3157,2.11503
1693922888900055,10.3528,72.6286,-8.8232,2.01792
1693922889000202,9.3276,71.5987,-11.9818,2.00039
1693922889100106,8.3633,71.7073,-12.2021,1.99397
1693922889200249,8.4321,71.7822,-12.3218,1.987
1693922889500339,8.0402,71.3874,-14.2808,1.98862
1693922889602527,8.0027,71.0522,-15.2147,1.98401
1693922889799902,7.8378,70.8517,-15.3409,1.98532
1693922889901150,8.2591,69.8748,-15.9892,1.9349
1693922890001102,8.2284,69.2079,-17.0032,1.92862
1693922890100200,8.0056,68.9926,-16.9771,1.91726
1693922890200438,7.8997,68.9874,-16.6949,1.91922
1693922890300022,7.7082,68.7923,-17.1808,1.91602
1693922890400059,7.3857,68.1312,-16.9323,1.89651
1693922890500260,7.5885,66.8186,-16.0333,1.86517
1693922890600083,7.5799,66.5221,-16.1503,1.86576
1693922890700178,7.513,66.1754,-16.4045,1.86492
1693922890800026,7.2164,65.6431,-16.1282,1.82619
1693922890900189,7.1289,65.2748,-16.3173,1.82688
1693922891101272,5.8692,64.0862,-15.4704,1.76424
1693922891200335,5.9232,60.7444,-15.3448,1.73373
1693922891300498,5.8549,59.9991,-15.4492,1.73991
1693922891400412,6.0621,59.1169,-14.8802,1.73931
1693922891499599,5.9432,58.5283,-14.4173,1.74753
1693922891600134,5.0811,58.47,-13.1849,1.77574
1693922891700102,4.7363,58.2583,-12.9383,1.76201
1693922891800171,4.7191,58.799,-12.7656,1.76809
1693922891899814,4.7491,58.604,-12.7597,1.77653
1693922892000129,4.7178,58.4692,-12.8119,1.7627
1693922892199565,4.7078,58.1792,-12.7908,1.76663
1693922892300118,4.6939,58.2594,-12.8716,1.75476
1693922892400217,4.7291,58.5032,-12.7962,1.75697
1693922892500188,4.6983,58.2859,-12.8835,1.77076
1693922892600374,4.8007,58.4777,-12.8561,1.77251
1693922892699580,4.9166,58.5947,-12.7246,1.77292
1693922892799903,4.9514,58.465,-12.7095,1.76942
1693922893100162,4.4296,57.0962,-11.775,1.4927
1693922893200201,4.8081,56.2715,-11.0648,1.45376
1693922893300561,4.6589,55.3655,-11.0305,1.42947
1693922893399619,5.3838,55.1953,-11.7965,1.45656
1693922893499815,5.6533,54.7381,-12.1335,1.44772
1693922893599657,5.591,54.9948,-12.0794,1.96672
1693922893700262,5.3146,55.1272,-12.1515,1.58401
1693922893800229,5.6741,54.7017,-12.2613,1.33442
1693922893900485,5.7055,54.6685,-12.2689,1.24637
1693922894000161,5.7053,54.6673,-12.2701,1.21596
1693922894099812,5.7011,54.6615,-12.2681,1.04935
1693922894199834,5.6991,54.6515,-12.2816,0.69052
1693922894300239,5.6435,54.1833,-12.2782,0.69869
1693922894400177,4.7202,53.4238,-11.6325,0.66803
1693922894499640,4.6787,53.119,-11.4264,0.68397
1693922894600122,4.7119,52.5218,-11.7062,-0.21404
1693922894700178,4.712,52.4533,-11.7284,0.64594
1693922894800110,4.7662,52.392,-11.7257,2.02203
1693922894900263,4.7678,52.4468,-11.7225,2.64781
1693922895099956,4.7687,52.4507,-11.7191,-2.30998
1693922895200226,4.7826,52.4407,-11.7164,-1.21846
1693922895299578,4.7836,52.4416,-11.7155,-1.39372
1693922895399879,4.7817,52.4477,-11.7163,-1.3791
1693922895500305,4.781,52.4531,-11.7167,-1.70706
1693922895600246,4.7814,52.4563,-11.717,-1.40639
1693922895700182,4.7836,52.4583,-11.7171,-1.19805
1693922895999666,4.7835,52.4538,-11.7172,-1.52733
1693922896099623,4.7851,52.4615,-11.7175,-1.06957
1693922896199585,4.7831,52.4613,-11.7181,-1.53334
1693922896799761,4.7823,52.4624,-11.7185,-1.38151
1693922896899927,4.7847,52.4576,-11.7168,-1.3554
1693922896999736,4.7861,52.4526,-11.7156,-1.34669
1693922897100228,4.7852,52.4529,-11.7157,-1.26862
1693922897199768,4.7838,52.4631,-11.7178,-1.41928
1693922897399653,4.7821,52.4526,-11.718,-1.45568
1693922897499593,4.788,52.4392,-11.714,-1.29381
1693922897599605,4.7853,52.4314,-11.7162,-1.18974
1693922897699856,4.7834,52.4509,-11.7163,-1.56745
1693922897799791,4.7856,52.4596,-11.7162,-1.27804
1693922897899879,4.7857,52.4552,-11.7171,-1.37817
1693922897999653,4.7881,52.4476,-11.7154,-1.34676
1693922898100275,4.7876,52.4662,-11.7178,-0.98943
1693922898199863,4.7847,52.4666,-11.7184,-1.24697
1693922898299688,4.7843,52.461,-11.7173,-1.46991
1693922898399822,4.7858,52.4656,-11.7172,-1.2801
1693922898499749,4.786,52.4609,-11.7165,-1.30598
1693922898700282,4.7881,52.4498,-11.7155,-1.39664
1693922898799809,4.7881,52.4547,-11.7161,-1.27254
1693922898899767,4.7896,52.4498,-11.7133,-1.39389
1693922898999776,4.7849,52.4651,-11.7166,-1.16205
1693922899099844,4.7857,52.4609,-11.7174,-1.2197
1693922899199808,4.7803,52.4443,-11.7191,-1.14916
1693922899299681,4.7767,52.4261,-11.7191,-1.28272
1693922899399805,4.7897,52.4293,-11.716,-1.15062
1693922899499821,4.7896,52.4336,-11.7153,-1.26014
1693922900299857,4.7877,52.4364,-11.7112,-1.33292
1693922900399722,4.7911,52.4364,-11.7111,-1.2962
1693922900599762,4.7877,52.4353,-11.7114,-1.26081
1693922900699762,4.7909,52.4368,-11.712,-1.3097
1693922900799868,4.7885,52.4494,-11.7178,-1.28483
1693922901099906,4.7891,52.4592,-11.7158,-0.92187
1693922901299641,4.7869,52.4577,-11.7155,-1.70711
1693922901399887,4.7866,52.4657,-11.7161,-1.20253
1693922901899848,4.7826,52.4647,-11.7173,-1.96869
1693922901999717,4.7757,52.4655,-11.719,-2.39461
1693922902099833,4.7654,52.4632,-11.7208,-2.75538
1693922902499733,4.7646,52.4634,-11.7216,-2.59143
1693922902599837,4.7653,52.4623,-11.7211,-2.67196
1693922902699757,4.7558,52.4611,-11.7212,-2.79691
1693922902799781,4.7863,52.4505,-11.7154,-1.3071
1693922902900417,4.7871,52.4592,-11.7159,-1.36101
1693922903199926,4.7888,52.4553,-11.7154,-1.25574
1693922903299822,4.7879,52.455,-11.7155,-1.46127
1693922903499849,4.788,52.467,-11.7167,-0.82447
1693922903600236,4.7885,52.4684,-11.7169,-1.04173
1693922903899758,4.787,52.4613,-11.7163,-1.34819
1693922904099960,4.7876,52.4591,-11.715,-1.21653
1693922904200010,4.7877,52.4535,-11.7146,-1.31956
1693922904299715,4.7867,52.4572,-11.7156,-1.33295
1693922904400171,4.7891,52.4667,-11.7167,-1.04998
1693922904499907,4.787,52.4655,-11.7166,-1.27385
1693922904699998,4.7883,52.466,-11.7163,-1.06822
1693922905099801,4.7839,52.4637,-11.7167,-1.98061
1693922905499874,4.7919,52.4405,-11.7109,-0.7934
1693922905599864,4.7914,52.4392,-11.7113,-1.5932
1693922905699713,4.7918,52.4393,-11.7111,-1.33501
1693922905899910,4.7912,52.4382,-11.7109,-1.36962
1693922905999982,4.7917,52.4382,-11.7112,-1.33472
1693922906299826,4.7927,52.4336,-11.711,-1.18718
1693922906400174,4.7923,52.4368,-11.711,-1.40481
1693922906699783,4.7877,52.4516,-11.714,-1.2073
1693922907100028,4.7864,52.458,-11.7151,-1.51997
1693922907299798,4.7885,52.4461,-11.7133,-1.25601
1693922907399909,4.7888,52.4467,-11.7137,-1.3774
1693922907499893,4.7882,52.4469,-11.7133,-1.40999
1693922907599784,4.7894,52.4471,-11.7139,-1.33299
1693922907699923,4.7887,52.4588,-11.7154,-1.10006
1693922907800060,4.787,52.458,-11.7157,-1.32034
1693922907899998,4.7891,52.454,-11.7145,-1.24846
1693922907999779,4.7884,52.4462,-11.7132,-1.36888
1693922908200058,4.7891,52.4389,-11.7117,-1.39462
1693922908299828,4.7915,52.4376,-11.7109,-1.34368
1693922908399920,4.7885,52.4435,-11.7116,-1.38819
1693922908499855,4.7909,52.4409,-11.713,-1.23551
1693922908600038,4.7892,52.4434,-11.7126,-1.38433
1693922909099927,4.7895,52.4368,-11.7103,-1.40012
1693922909200201,4.7907,52.4374,-11.7105,-1.37738
1693922909399838,4.7852,52.4559,-11.7141,-1.44985
1693922909699993,4.7831,52.4569,-11.7146,-1.59151
1693922909799972,4.785,52.4566,-11.7144,-1.46058
1693922909900073,4.787,52.4458,-11.7126,-1.38164
1693922910200123,4.7829,52.4627,-11.7157,-1.65194
1693922910399986,4.7839,52.4589,-11.7152,-1.40101
1693922910499951,4.7854,52.4537,-11.7139,-1.40181
1693922910600403,4.7877,52.4474,-11.7128,-1.37671
1693922910899900,4.7867,52.4478,-11.7129,-1.3821
1693922911000059,4.7845,52.4585,-11.7146,-1.53807
1693922911300191,4.7848,52.4573,-11.715,-1.37271
1693922911400179,4.7831,52.4577,-11.7149,-1.5312
1693922911499949,4.7843,52.4597,-11.7147,-1.37367
1693922911600247,4.7835,52.4581,-11.715,-1.54506
1693922912000143,4.7849,52.4593,-11.7155,-1.1485
1693922912100151,4.7859,52.448,-11.713,-1.52692
1693922912500206,4.7837,52.4609,-11.7148,-1.44064
1693922912800231,4.7879,52.4401,-11.7115,-1.32618
1693922912900195,4.7829,52.4607,-11.7146,-1.67154
1693922913099971,4.7852,52.4469,-11.713,-1.37153
1693922913200217,4.7833,52.4569,-11.714,-1.56228
1693922913500188,4.7832,52.4526,-11.7139,-1.39771
1693922913600095,4.7833,52.4625,-11.7154,-1.49844
1693922913800187,4.7861,52.446,-11.7121,-1.34128
1693922914000468,4.7896,52.4347,-11.7106,-1.27999
1693922914300235,4.787,52.4443,-11.7114,-1.52796
1693922914700157,4.789,52.4377,-11.7089,-1.23176
1693922914799860,4.7899,52.4366,-11.7078,-1.43927
1693922915400176,4.7913,52.4362,-11.7086,-1.17405
1693922915500245,4.7889,52.4381,-11.7086,-1.47262
1693922915599615,4.796,52.4372,-11.7073,-1.26097
1693922916200315,4.7905,52.4369,-11.7081,-1.43674
1693922916300148,4.7901,52.4373,-11.7087,-1.34339
1693922916400208,4.7881,52.4382,-11.7089,-1.38985
1693922916500342,4.7962,52.437,-11.7075,-1.2642
1693922916600115,4.7906,52.4376,-11.7079,-1.37309
1693922916800173,4.7892,52.4373,-11.7081,-1.36516
1693922916900256,4.7894,52.4383,-11.7072,-1.37162
1693922917200365,4.7902,52.4365,-11.7069,-1.35662
1693922917300205,4.7898,52.4372,-11.7073,-1.39314
1693922917400399,4.7905,52.4402,-11.7074,-1.33312
1693922917500237,4.7905,52.4378,-11.7064,-1.37263
1693922917600295,4.7901,52.4397,-11.7071,-1.35839
1693922917700350,4.7903,52.4383,-11.706,-1.37526
1693922918600355,4.7949,52.4355,-11.7039,-1.49522
1693922918700172,4.788,52.4444,-11.707,-1.4213
1693922919400413,4.7886,52.4388,-11.7071,-1.30945
1693922919600291,4.7883,52.439,-11.707,-1.46941
1693922919800314,4.788,52.4383,-11.7067,-1.37629
1693922919900338,4.7892,52.4386,-11.7058,-1.39604
1693922920300450,4.7895,52.4378,-11.7047,-1.38137
1693922920400093,4.7902,52.4393,-11.7052,-1.37966
1693922920700258,4.8047,52.4331,-11.7014,-1.22368
1693922920800211,4.7946,52.4355,-11.7032,-1.3482
1693922921000497,4.8007,52.4357,-11.7022,-1.16224
1693922921100224,4.7999,52.4353,-11.7027,-1.29924
1693922921400528,4.7962,52.4344,-11.7025,-1.4539
1693922921500425,4.7926,52.4376,-11.7046,-1.31017
1693922922900462,4.7924,52.4369,-11.7037,-1.31087
1693922923500337,4.7921,52.4377,-11.7045,-1.41259
1693922923600410,4.7959,52.4372,-11.7036,-1.43466
1693922924199909,4.7928,52.4385,-11.7048,-1.14915
1693922924300447,4.7962,52.4378,-11.7029,-1.52543
1693922924400435,4.7934,52.4386,-11.7035,-1.28836
1693922924799572,4.8005,52.4376,-11.7026,-1.19108
1693922925100461,4.8061,52.4379,-11.702,-1.23108
1693922925300207,4.8004,52.4371,-11.7035,-1.29526
1693922925401701,4.7998,52.4365,-11.7029,-1.27719
1693922925500441,4.8006,52.4391,-11.703,-1.23955
1693922925600393,4.7937,52.4384,-11.7045,-1.33274
1693922926100521,4.7967,52.4374,-11.7026,-1.42884
1693922926200406,4.7951,52.4332,-11.7025,-1.48261
1693922926300594,4.7936,52.437,-11.7037,-1.29157
1693922926400524,4.7995,52.4375,-11.7031,-1.24682
1693922926700509,4.7929,52.4395,-11.704,-1.36491
1693922927000569,4.7932,52.4392,-11.7045,-1.26716
1693922927300012,4.7934,52.4384,-11.7044,-1.42437
1693922928000433,4.564,53.4264,-11.9074,-1.60807
1693922928101860,4.7352,53.5245,-11.8002,-1.60352
1693922928500762,5.839,53.4918,-11.9114,-1.50724
1693922928600477,6.1038,53.663,-11.8164,-1.49998
1693922928700556,6.229,53.7267,-11.8112,-1.50772
1693922928800450,6.3592,53.8474,-11.7319,-1.48073
1693922929601177,6.4518,55.0918,-11.2477,-1.1744
1693922929700126,5.6983,55.233,-10.5419,-1.17894
1693922929801891,5.5028,55.3045,-10.1053,-1.19771
1693922930000625,5.095,55.4184,-10.1043,-1.40553
1693922930300392,4.9004,55.5029,-10.0273,-1.38673
1693922930400455,5.1167,55.3446,-9.96,-1.37244
1693922930499870,5.1457,55.384,-9.8657,-1.368
1693922930700548,5.2401,55.3684,-9.795,-1.38294
1693922931100441,5.3384,55.4831,-9.7008,-1.39975
1693922931200622,5.3704,55.512,-9.6457,-1.38027
1693922931300562,5.4133,55.5546,-9.6247,-1.40073
1693922931599608,5.4881,55.8437,-9.4755,-1.29006
1693922931700534,5.5745,56.0465,-9.3132,-1.30139
1693922932100918,5.6581,56.4011,-8.999,-1.30307
1693922932300422,5.6982,56.5654,-8.8466,-1.31571
1693922932500544,5.7341,56.7211,-8.6951,-1.3367
1693922932599886,5.8705,56.9337,-8.4122,-1.33815
1693922932700759,6.026,57.0694,-8.0494,-1.33765
1693922932899594,6.222,57.1967,-7.4713,-1.31455
1693922933000491,6.2776,57.2899,-7.3109,-1.32076
1693922933100677,6.3365,57.3918,-7.1258,-1.32582
1693922933200704,6.3943,57.4847,-6.9631,-1.33166
1693922933300767,6.4586,57.5774,-6.7952,-1.33623
1693922933400367,6.6452,57.7736,-6.5609,-1.31802
1693922933600516,6.8541,58.5549,-5.5693,-1.14387
1693922933702191,8.5039,58.5634,-3.0205,-0.98074
1693922934000056,11.1222,58.9361,-0.2776,-1.27292
1693922934099718,11.5207,59.1894,0.2547,-1.30194
1693922934202066,11.9238,59.3843,0.7943,-1.32299
1693922934500652,13.9102,59.5166,1.6105,-1.11729
1693922934600669,14.9236,59.3303,1.3054,-1.02886
1693922934700679,14.9845,59.3826,1.3558,-1.0325
1693922934800517,15.1152,59.5437,1.6005,-1.03212
1693922934900620,15.2503,59.7675,1.5932,-1.01233
1693922935100492,15.2808,60.0763,1.6977,-1.00323
1693922935200734,15.3711,60.0965,1.6526,-0.99601
1693922935301092,15.5182,60.3074,1.8123,-0.99964
1693922935500443,15.1183,60.6318,1.9827,-0.99361
1693922935600675,15.4304,60.9976,2.0789,-0.99149
1693922935800460,15.3962,61.4607,2.2906,-0.97231
1693922935899778,15.1214,61.7546,2.4032,-0.98025
1693922936200841,15.2198,62.1966,2.7147,-0.9907
1693922936300584,15.1732,62.259,2.7441,-0.98627
1693922936500762,15.1232,62.4855,2.7106,-0.99338
1693922936700244,15.1727,62.6688,2.8844,-0.98847
1693922936801026,15.1428,62.8338,2.8289,-1.0188
1693922936900590,15.3472,62.8816,2.9563,-1.00022
1693922937000511,15.4274,63.0229,3.0405,-1.01712
1693922937100649,15.4347,63.2033,3.0982,-1.0263
1693922937301359,15.2141,63.3999,3.2258,-1.01607
1693922937499766,15.2667,63.6435,3.3781,-1.04549
1693922937700867,15.6975,63.8727,3.4638,-1.0295
1693922937801255,15.9263,64.0058,3.5707,-1.03276
1693922938000727,15.5118,64.4375,3.542,-1.03587
1693922938101020,15.5454,64.4823,3.7332,-1.04049
1693922938401237,15.6304,65.0901,3.8627,-1.05427
1693922938700671,15.923,65.4155,4.0356,-1.10275
1693922938800556,15.5916,65.6279,4.0544,-1.07482
1693922938899939,15.1645,65.9203,3.9454,-1.10393
1693922939000648,15.085,66.0245,4.0163,-1.11699
1693922939099789,14.3177,66.4548,4.0485,-1.11782
1693922939200719,13.5292,66.8066,3.9259,-1.13925
1693922939300760,12.5047,66.9151,3.6556,-1.15914
1693922939399759,12.3646,67.0925,3.6379,-1.15915
1693922939500725,12.0695,67.3549,3.6516,-1.17404
1693922939800827,11.8502,67.9565,3.3745,-1.21007
1693922939900700,10.6877,69.9316,0.9322,-0.90553
1693922940000771,10.3593,69.747,-0.5179,-1.29717
1693922940400905,8.5897,71.0355,-1.7044,-1.84297
1693922940500727,9.8452,71.6309,-0.8976,-1.17535
1693922940600755,9.7005,71.8452,-0.8532,-1.33323
1693922940700719,9.9449,72.1363,-0.8429,-1.3246
1693922940800727,10.2995,72.3343,-0.7962,-1.29448
1693922940902145,10.8508,72.169,-0.7688,-1.29648
1693922941100724,10.8715,72.6924,-0.8138,-1.31839
1693922941200702,11.0504,72.966,-0.8646,-1.31409
1693922941299933,11.2427,73.1401,-0.8119,-1.32089
1693922941400886,11.2834,73.2717,-0.81,-1.34485
1693922941500658,11.3622,73.3941,-0.7897,-1.35282
1693922941600941,11.3963,73.6718,-0.8116,-1.37752
1693922941800665,11.5098,73.8193,-0.7932,-1.35244
1693922941900846,11.7773,74.0613,-0.7737,-1.31393
1693922942000715,11.8364,74.3474,-0.8581,-1.37579
1693922942101116,11.9791,74.487,-0.7574,-1.31918
1693922942200787,11.9818,74.7006,-0.7429,-1.34659
1693922942299758,11.9656,74.9279,-0.8087,-1.40351
1693922942500859,11.978,75.1573,-0.7127,-1.28806
1693922942600795,12.094,75.3776,-0.7851,-1.35548
1693922942700703,12.3033,75.5905,-0.7677,-1.33874
1693922942900407,12.4328,75.9912,-0.8214,-1.41713
1693922943000059,12.7761,76.1694,-0.8564,-1.34308
1693922943100867,12.9648,76.3862,-0.8258,-1.38153
1693922943200877,13.0781,76.5866,-0.8463,-1.4527
1693922943400848,13.2976,76.9889,-0.8779,-1.50717
1693922943500817,13.7191,77.2136,-0.9377,-1.4005
1693922943600698,14.0839,77.3812,-0.8591,-1.36302
1693922943700854,14.2511,77.5788,-0.8659,-1.43044
1693922943800802,14.4091,77.777,-0.8875,-1.48913
1693922943900208,14.5909,77.64,-0.874,-1.38243
1693922944000880,14.4417,77.4273,-0.8463,-1.42669
1693922944100762,14.5732,77.56,-0.8608,-1.46319
1693922944300897,14.8411,77.8222,-0.8712,-1.50517
1693922944400836,15.2195,77.9382,-0.8866,-1.44703
1693922944499965,15.0357,77.321,-0.8231,-1.37352
1693922944600918,15.1597,77.3809,-0.8253,-1.42913
1693922944700770,15.2864,77.441,-0.8422,-1.47241
1693922944800738,15.559,77.4716,-0.799,-1.42663
1693922944900954,15.6895,77.5332,-0.7997,-1.472
1693922945100068,16.1317,77.6474,-0.7641,-1.40134
1693922945201151,16.5322,77.6899,-0.7864,-1.38202
1693922945300841,16.7122,77.7508,-0.7845,-1.48181
1693922945400493,16.915,77.8126,-0.7833,-1.53407
1693922945600826,17.3787,77.9458,-0.7838,-1.51657
1693922945700776,17.8737,77.9566,-0.7948,-1.47132
1693922945799897,18.1608,78.0414,-0.7983,-1.50262
1693922945900829,18.3029,77.7697,-0.8193,-1.39843
1693922946200922,17.9514,77.4219,-0.7928,-1.26037
1693922946300874,18.1947,77.3138,-0.8007,-1.15878
1693922946399930,18.2395,77.3194,-0.8533,-1.25801
1693922946500855,18.1991,77.0722,-0.8508,-1.23412
1693922946600129,18.3795,76.8484,-0.784,-1.27767
1693922946699901,18.3897,76.864,-0.8339,-1.35216
1693922946800925,18.3847,76.9499,-0.8406,-1.31411
1693922946900964,18.557,76.8483,-0.7758,-1.33111
1693922946999960,18.6288,76.8952,-0.8021,-1.36062
1693922947102410,19.0363,76.9747,-0.8007,-1.25782
1693922947300987,19.488,77.0535,-0.8255,-1.35838
1693922947399850,20.0732,76.994,-0.807,-1.18692
1693922947500127,19.6174,76.8729,-0.7988,-1.32425
1693922947600034,18.9693,77.0401,-0.8282,-1.42312
1693922947700059,18.6398,76.9111,-0.8085,-1.25754
1693922947799850,18.6661,76.8962,-0.8085,-1.29316
1693922947900989,18.6654,76.9026,-0.8138,-1.33485
1693922948000870,18.7707,76.9096,-0.8119,-1.23853
1693922948200988,18.4773,76.711,-0.8325,-1.39092
1693922948300932,18.8264,76.6825,-0.8109,-1.23933
1693922948400051,18.0081,75.8085,-0.7969,-1.51739
1693922948600944,17.9202,75.5753,-0.7805,-1.55292
1693922948700852,18.0839,75.2637,-0.7715,-1.57106
1693922948800064,17.3421,74.2652,-0.7607,-1.6793
1693922948900999,17.1032,73.6877,-0.7022,-1.65954
1693922948999789,16.8994,73.2638,-0.6876,-1.71745
1693922949101032,17.0678,72.6758,-0.682,-1.80963
1693922949300395,16.4068,71.6086,-0.5893,-1.81107
1693922949400057,16.3935,71.3298,-0.5603,-1.84463
1693922949601035,16.4318,70.4272,-0.4103,-1.84076
1693922949700034,16.1381,69.8073,-0.3567,-1.86074
1693922949801046,16.0928,69.4162,-0.3191,-1.88683
1693922949900924,16.5168,69.1244,-0.2287,-1.91391
1693922949999712,16.1311,68.4766,-0.1141,-1.91268
1693922950200950,15.376,67.6704,-0.0093,-1.90125
1693922950301143,15.5775,66.8928,0.1156,-1.76454
1693922950401011,15.2796,65.2951,0.2287,-1.6446
1693922950500981,15.7832,64.1351,0.2932,-1.61611
1693922950600073,16.1784,63.6453,0.3435,-1.59816
1693922950700968,16.6224,63.6167,0.4437,-1.60329
1693922950800990,16.3684,63.7321,0.4895,-1.64368
1693922950900573,16.4605,63.407,0.5823,-1.60551
1693922951001053,16.52,62.7458,0.6282,-1.57435
1693922951101063,16.2446,61.7452,0.6543,-1.53501
1693922951199847,16.0298,61.8934,0.7083,-1.56889
1693922951302249,15.6419,61.4393,0.8548,-1.52901
1693922951500122,15.2742,59.6435,1.0605,-1.48549
1693922951600986,15.2311,58.9951,1.1692,-1.4784
1693922951700008,14.8082,57.398,1.3079,-1.42655
1693922951800035,14.9227,56.2154,1.4208,-1.42592
1693922951899960,14.9285,55.1988,1.5236,-1.43622
1693922951999764,14.9099,54.1307,1.6464,-1.44702
1693922952100127,14.8479,52.7456,1.8027,-1.46407
1693922952300172,14.8014,50.7585,1.9842,-1.47016
1693922952399670,14.7672,48.5101,2.0227,-1.38731
1693922952500031,14.9493,47.2237,2.0934,-1.30795
1693922952600091,14.9873,46.2464,2.2365,-1.31844
1693922952700186,14.7871,46.0992,2.3578,-1.35691
1693922952800029,14.5225,46.0289,2.4622,-1.41731
1693922952900995,14.6321,45.9661,2.6515,-1.42962
1693922953000038,14.8512,45.4819,2.7877,-1.44597
1693922953100047,15.079,45.1022,2.9685,-1.46614
1693922953199727,15.1807,45.0382,3.1574,-1.48114
1693922953300095,15.1962,45.1065,3.3497,-1.48249
1693922953400049,15.1361,45.1634,3.4818,-1.49376
1693922953499731,15.2951,45.3299,3.6837,-1.51888
1693922953600261,15.1363,44.8833,3.9126,-1.56777
1693922953700130,15.1688,44.9735,3.9947,-1.56877
1693922953801111,15.104,44.9731,4.1403,-1.56941
1693922953900180,15.0794,45.0214,4.4414,-1.56936
1693922954000134,15.145,44.6548,4.5527,-1.5744
1693922954099838,15.1545,44.1989,4.6775,-1.57016
1693922954200189,15.2731,44.1496,4.8923,-1.56915
1693922954300066,15.3641,44.1087,5.0284,-1.56924
1693922954401195,15.2613,44.0906,5.149,-1.56924
1693922954501160,15.3464,44.1476,5.3672,-1.56934
1693922954601116,15.3692,44.1864,5.4978,-1.56919
1693922954700047,15.2366,44.1935,5.6475,-1.56927
1693922954800173,15.3744,44.3123,5.8212,-1.56921
1693922954899634,15.5734,44.5013,6.0308,-1.56902
1693922954999892,15.8863,44.246,6.0986,-1.56901
1693922955100145,16.035,44.1136,6.3321,-1.56905
1693922955400137,16.1179,43.3054,6.8139,-1.56729
1693922955500135,15.9999,43.1929,6.9692,-1.56359
1693922955600148,15.9574,42.6464,7.1691,-1.55886
1693922955700448,15.9694,42.3042,7.322,-1.56374
1693922955800207,15.9225,42.2918,7.4983,-1.56759
1693922955900261,15.9075,42.229,7.71,-1.56868
1693922955999720,15.9827,42.2422,7.8543,-1.56905
1693922956100109,15.9545,42.2983,8.014,-1.5691
1693922956199809,15.9269,42.2143,8.1818,-1.56892
1693922956299711,16.0359,42.2433,8.353,-1.56919
1693922956400259,15.9821,42.2443,8.5283,-1.56909
1693922956499845,16.0036,42.1653,8.7494,-1.57006
1693922956599931,16.0657,42.1825,8.8708,-1.56878
1693922956700169,16.0324,42.1952,9.0885,-1.5698
1693922956800082,16.0549,42.1251,9.2553,-1.56876
1693922956899795,16.0724,42.0418,9.4264,-1.57407
1693922957000210,15.9313,42.2514,9.6058,-1.56816
1693922957099837,16.0552,42.1594,9.7052,-1.56905
1693922957199785,15.9648,42.1845,9.874,-1.56918
1693922957300167,16.0431,42.2669,10.0834,-1.56907
1693922957400289,16.0188,42.2655,10.2378,-1.57001
1693922957499731,15.9609,42.2614,10.3897,-1.57006
1693922957600226,16.3608,42.5528,10.6267,-1.56888
1693922957700125,16.327,42.5241,10.8399,-1.56904
1693922957799728,16.2793,42.5359,11.037,-1.56928
1693922957900225,16.3892,42.2947,11.2409,-1.56914
1693922957999617,16.428,42.2674,11.4208,-1.57463
1693922958099653,16.2429,42.3846,11.4678,-1.57255
1693922958199777,16.1638,42.4531,11.5878,-1.57339
1693922958299767,16.1032,42.5436,11.7047,-1.57893
1693922958399836,15.8582,42.827,11.8271,-1.58178
1693922958500245,15.8263,42.807,11.9902,-1.56554
1693922958599982,15.5165,42.9357,12.1067,-1.5593
1693922958699851,16.5418,42.8388,12.2925,-1.50021
1693922958799863,16.0306,42.6676,12.5165,-1.52136
1693922958999804,16.6847,42.7509,12.8031,-1.46766
1693922959100280,15.8809,41.9338,12.8553,-1.50562
1693922959199661,15.4736,41.7007,13.1047,-1.4828
1693922959299855,15.3576,41.7855,13.3184,-1.49126
1693922959399762,15.0801,41.919,13.3391,-1.50654
1693922959500197,15.1599,41.9274,13.6079,-1.49664
1693922959599617,14.932,41.9802,13.7861,-1.49641
1693922959699763,14.8748,41.9843,13.847,-1.50374
1693922959799986,14.8863,42.059,14.109,-1.50343
1693922959899876,15.3224,41.8653,14.3319,-1.49359
1693922960100276,15.2633,41.9694,14.676,-1.4995
1693922960199944,15.1243,43.0541,15.6489,-1.58091
1693922960299877,14.5975,42.2745,14.9662,-1.55281
1693922960399699,15.1747,42.1938,15.1379,-1.51348
1693922960500434,15.6918,41.8447,15.321,-1.48089
1693922960600247,15.7448,41.7258,15.4003,-1.49368
1693922960699545,15.6901,43.3951,16.5261,-1.58463
1693922960799771,15.1491,43.8825,16.2758,-1.58446
1693922960899809,14.7415,42.698,15.8773,-1.55521
1693922960999860,15.5108,42.9797,16.1823,-1.55052
1693922961099755,15.6068,42.8369,16.4107,-1.57301
1693922961300225,15.9044,43.1606,16.7887,-1.56559
1693922961400518,15.7531,42.8121,16.9125,-1.56062
1693922961500135,15.7768,42.8281,17.076,-1.573
1693922961599842,15.6517,43.2687,17.1172,-1.57192
1693922961699726,15.7008,43.37,17.2986,-1.56827
1693922961799913,15.8384,43.7941,17.4349,-1.56932
1693922961899799,15.7531,46.0051,17.6685,-1.56932
1693922961999795,15.7387,46.0835,17.9897,-1.56908
1693922962099872,15.6759,46.3872,18.1426,-1.57321
1693922962199873,15.5568,46.778,18.2644,-1.57456
1693922962299821,15.5188,47.1243,18.4055,-1.57825
1693922962399820,14.9382,47.3484,18.4764,-1.56699
1693922962500481,14.8555,47.6537,18.6324,-1.57012
1693922962599715,14.7432,48.027,18.8957,-1.56972
1693922962699921,14.6346,48.1331,18.9774,-1.5692
1693922962799812,14.6102,48.558,19.2461,-1.56938
1693922962899687,14.8486,49.0594,19.344,-1.56925
1693922962999906,14.795,49.0017,19.4751,-1.5704
1693922963099617,14.7559,49.284,19.6347,-1.57431
1693922963199839,14.7073,49.377,19.861,-1.57403
1693922963299613,14.7633,49.2042,19.9759,-1.56872
1693922963399723,15.1366,50.1347,20.3119,-1.56971
1693922963599870,15.0349,50.3276,20.5779,-1.56905
1693922963699666,14.9841,50.2231,20.7281,-1.56311
1693922963799622,15.016,50.0928,20.9048,-1.56902
1693922963899756,14.922,49.7913,21.1406,-1.56878
1693922963999631,15.3221,50.6387,21.2822,-1.56954
1693922964099634,15.2881,50.9765,21.5284,-1.57019
1693922964299836,15.5821,51.4408,21.8157,-1.5676
1693922964399910,15.1028,51.4548,21.8647,-1.56294
1693922964500170,15.4363,51.0494,22.1814,-1.56766
1693922964599918,15.7876,51.8954,22.2801,-1.56922
1693922964699872,15.8543,52.4959,22.5151,-1.56941
1693922964799652,15.7638,51.9874,22.5912,-1.569
1693922964899946,15.8136,51.6294,22.7955,-1.56966
1693922964999887,15.7385,51.6767,22.8584,-1.56925
1693922965100227,15.7277,51.1999,23.1614,-1.57028
1693922965199929,15.6757,50.6839,23.2717,-1.5709
1693922965299896,15.6055,51.1387,23.4651,-1.57289
1693922965399820,15.4854,51.1503,23.5886,-1.569
1693922965500261,15.4826,50.8974,23.7037,-1.57493
1693922965599841,15.4344,51.2058,23.9317,-1.56965
1693922965699854,15.4111,50.9508,24.0809,-1.57451
1693922965799922,15.1886,50.1933,24.2505,-1.56808
1693922965899786,15.0637,50.4242,24.5275,-1.57133
1693922965999852,15.4684,50.6346,24.7086,-1.56887
1693922966099990,15.3903,50.4259,24.8261,-1.56994
1693922966199867,15.3858,50.0049,24.9735,-1.57093
1693922966299836,15.4285,49.6334,25.2034,-1.56916
1693922966399547,15.5872,50.0413,25.1911,-1.56947
1693922966500373,15.8793,49.3232,25.2608,-1.56903
1693922966599781,15.8218,48.6852,25.4087,-1.57028
1693922966699963,15.8069,48.7983,25.6475,-1.57208
1693922966799623,16.516,49.1052,25.4842,-1.56879
1693922966899732,16.4073,48.7178,25.5885,-1.56965
1693922966999826,16.3505,48.7162,25.7485,-1.57101
1693922967099841,16.7235,48.9189,25.5579,-1.56888
1693922967199823,16.6993,48.6512,25.6358,-1.5713
1693922967299615,16.5809,48.6046,25.746,-1.57
1693922967399853,16.5593,48.5411,25.8046,-1.57331
1693922967499755,16.7612,48.3533,25.7601,-1.58115
1693922967600011,16.3834,48.2599,25.639,-1.58063
1693922967699824,16.3694,48.1602,25.6804,-1.58434
1693922967799780,16.157,47.9167,25.5763,-1.58465
1693922967899900,15.3458,47.516,25.2152,-1.58454
1693922968000446,15.7255,47.6785,25.219,-1.54875
1693922968100302,15.0823,47.5601,25.1881,-1.52996
1693922968199866,15.0536,47.5049,25.1886,-1.51307
1693922968399610,14.8566,47.1959,25.1996,-1.51449
1693922968499870,14.4096,46.7941,25.309,-1.5732
1693922968599977,14.281,46.6631,25.2751,-1.56475
1693922968799790,13.9693,46.4988,25.3043,-1.56981
1693922968899902,13.3248,46.5921,25.2859,-1.55926
1693922968999676,13.1338,46.4942,25.2722,-1.57038
1693922969099956,12.2944,46.8137,25.3835,-1.56842
1693922969199720,11.8155,46.4188,25.3652,-1.56915
1693922969300534,11.5058,46.3841,25.3568,-1.57022
1693922969399928,11.1165,46.4297,25.2823,-1.569
1693922969499717,10.8297,46.3562,25.283,-1.57375
1693922969599889,10.9485,46.3806,25.2495,-1.57481
1693922969699712,10.7058,46.3118,25.2479,-1.57987
1693922969800425,10.4609,46.2425,25.2464,-1.58488
1693922969899853,10.2191,46.174,25.2448,-1.58995
1693922969999929,9.9758,46.105,25.2432,-1.59487
1693922970100064,9.7323,46.036,25.2417,-1.59975
1693922970399957,9.003,45.8294,25.237,-1.60464
1693922970599867,8.5169,45.6916,25.2339,-1.61723
1693922970699961,8.2735,45.6226,25.2323,-1.62888
1693922970799888,8.0306,45.5538,25.2307,-1.64832
1693922970900108,7.7869,45.4847,25.2292,-1.66336
1693922971000451,7.5429,45.4156,25.2276,-1.67156
1693922971099895,7.301,45.3471,25.2261,-1.67648
1693922971199774,7.0582,45.2783,25.2245,-1.68045
1693922971300009,6.8144,45.2092,25.223,-1.68424
1693922971499860,6.3285,45.0715,25.2198,-1.68766
1693922971599974,6.085,45.0025,25.2183,-1.70259
1693922971699763,5.8424,44.9337,25.2167,-1.71083
1693922971800030,5.5986,44.8646,25.2151,-1.7153
1693922971900517,5.3542,44.7954,25.2136,-1.71885
1693922971999922,5.1125,44.7269,25.212,-1.72224
1693922972200016,4.6259,44.589,25.2089,-1.72504
1693922972299788,4.3833,44.5202,25.2073,-1.73885
1693922972399885,4.1399,44.4513,25.2058,-1.746
1693922972500225,3.8959,44.3821,25.2042,-1.74985
1693922972599902,3.6536,44.3134,25.2027,-1.75297
1693922972700059,3.41,44.2444,25.2011,-1.75588
1693922972799779,3.1675,44.1757,25.1996,-1.75878
1693922972899984,2.9239,44.1067,25.198,-1.76161
1693922972999876,2.681,44.0379,25.1964,-1.76444
1693922973100120,2.4372,43.9688,25.1949,-1.76722
1693922973200056,2.1942,43.9,25.1933,-1.76999
1693922973299826,1.9516,43.8312,25.1918,-1.77272
1693922973400201,1.7075,43.7621,25.1902,-1.7754
1693922973499953,1.465,43.6934,25.1887,-1.77809
1693922973599802,1.2222,43.6246,25.1871,-1.78072
1693922973700000,0.9785,43.5555,25.1856,-1.78331
1693922973800051,0.7352,43.4866,25.184,-1.78591
1693922973900104,0.4919,43.4177,25.1824,-1.78847
1693922974100074,0.0057,43.2799,25.1793,-1.79044
1693922974200121,-0.2376,43.2109,25.1778,-1.80234
1693922974299605,-0.4795,43.1424,25.1762,-1.80783
1693922974700108,-1.4534,42.8664,25.17,-1.81025
1693922974799863,-1.6959,42.7977,25.1685,-1.81583
1693922974900071,-1.9396,42.7287,25.1669,-1.83073
1693922974999977,-2.1826,42.6598,25.1653,-1.84068
1693922975099938,-2.4256,42.591,25.1638,-1.84481
1693922975200099,-2.6692,42.5219,25.1622,-1.84713
1693922975299991,-2.9121,42.4531,25.1607,-1.84916
1693922975400142,-3.1556,42.3841,25.1591,-1.85111
1693922975500127,-3.3987,42.3153,25.1575,-1.85307
1693922975599796,-3.6411,42.2466,25.156,-1.855
1693922975700122,-3.8851,42.1774,25.1544,-1.85688
1693922975800079,-4.1281,42.1086,25.1529,-1.8588
1693922975900017,-4.3711,42.0397,25.1513,-1.86068
1693922976000064,-4.6144,41.9708,25.1498,-1.86254
1693922976100224,-4.858,41.9017,25.1482,-1.86438
1693922976200049,-5.1007,41.833,25.1467,-1.86623
1693922976400237,-5.5875,41.695,25.1435,-1.86737
1693922976500180,-5.8305,41.6262,25.142,-1.87738
1693922976700144,-6.3167,41.4884,25.1389,-1.88065
1693922976900176,-6.8032,41.3506,25.1358,-1.89002
1693922977000158,-7.0463,41.2817,25.1342,-1.90196
1693922977100057,-7.2892,41.2129,25.1327,-1.90637
1693922977199920,-7.532,41.1441,25.1311,-1.90826
1693922977300101,-7.7756,41.0751,25.1295,-1.90978
1693922977400117,-8.0188,41.0062,25.128,-1.91127
1693922977500112,-8.262,40.9373,25.1264,-1.91275
1693922977600154,-8.5053,40.8684,25.1249,-1.91421
1693922977700097,-8.7483,40.7995,25.1233,-1.91566
1693922977800230,-8.9918,40.7305,25.1217,-1.9171
1693922977900189,-9.2348,40.6616,25.1202,-1.91854
1693922978000112,-9.4778,40.5928,25.1186,-1.91997
1693922978100101,-9.721,40.5239,25.1171,-1.92138
1693922978200249,-9.9645,40.4549,25.1155,-1.92278
1693922978300060,-10.2072,40.3862,25.114,-1.92419
1693922978400106,-10.4505,40.3172,25.1124,-1.92557
1693922978600223,-10.9371,40.1793,25.1093,-1.92622
1693922978700257,-11.1803,40.1104,25.1078,-1.93497
1693922978800240,-11.4235,40.0416,25.1062,-1.93805
1693922978900232,-11.6666,39.9727,25.1046,-1.93954
1693922979300397,-12.6397,39.697,25.0984,-1.94031
1693922979400241,-12.8825,39.6282,25.0968,-1.95188
1693922979500137,-13.1254,39.5593,25.0953,-1.96582
1693922979600181,-13.3687,39.4904,25.0937,-1.97096
1693922979700471,-13.6126,39.4213,25.0922,-1.97261
1693922979800145,-13.8549,39.3526,25.0906,-1.97378
1693922979900103,-14.098,39.2837,25.0891,-1.97487
1693922979999607,-14.34,39.2152,25.0875,-1.97596
1693922980100144,-14.5844,39.1459,25.086,-1.97701
1693922980200113,-14.8275,39.077,25.0844,-1.97811
1693922980300232,-15.071,39.008,25.0828,-1.97918
1693922980400154,-15.3139,38.9392,25.0813,-1.98026
1693922980500230,-15.5573,38.8702,25.0797,-1.98132
1693922980599546,-15.7988,38.8018,25.0782,-1.98239
1693922980699698,-16.0423,38.7328,25.0766,-1.98341
1693922980799576,-16.2852,38.664,25.0751,-1.98446
1693922980900266,-16.53,38.5946,25.0735,-1.98548
1693922981000186,-16.773,38.5258,25.0719,-1.98655
1693922981100313,-17.0165,38.4568,25.0704,-1.98758
1693922981200291,-17.2596,38.3879,25.0688,-1.98862
1693922981300452,-17.5032,38.3189,25.0673,-1.98964
1693922981400280,-17.7459,38.2501,25.0657,-1.99067
1693922981500292,-17.9891,38.1812,25.0642,-1.99167
1693922981700377,-18.4757,38.0433,25.0611,-1.99186
1693922981799703,-18.7172,37.9749,25.0595,-1.99965
1693922981900182,-18.9615,37.9057,25.058,-2.00204
1693922982000338,-19.2051,37.8367,25.0564,-2.00314
1693922982100184,-19.4479,37.7678,25.0548,-2.00411
1693922982200269,-19.6912,37.6989,25.0533,-2.00505
1693922982300206,-19.9342,37.6301,25.0517,-2.006
1693922982400554,-20.1783,37.5609,25.0501,-2.00692
1693922982499846,-20.4197,37.4925,25.0486,-2.00788
1693922982600522,-20.6645,37.4232,25.047,-2.00877
1693922982700305,-20.9071,37.3544,25.0455,-2.00972
1693922982800222,-21.1501,37.2855,25.0439,-2.01064
1693922982900185,-21.3932,37.2167,25.0424,-2.01154
1693922983100271,-21.8797,37.0788,25.0393,-2.0116
1693922983200221,-22.1228,37.0099,25.0377,-2.01915
1693922983300383,-22.3663,36.9409,25.0361,-2.02143
1693922983399902,-22.6083,36.8723,25.0346,-2.02243
1693922983500362,-22.8526,36.8031,25.033,-2.02326
1693922983600476,-23.096,36.7342,25.0315,-2.02413
1693922983700358,-23.3389,36.6653,25.0299,-2.02499
1693922983800268,-23.5818,36.5965,25.0284,-2.02583
1693922983899558,-23.8233,36.5281,25.0268,-2.02668
1693922984000359,-24.0684,36.4587,25.0253,-2.02746
1693922984200417,-24.5549,36.3209,25.0222,-2.02746
1693922984300309,-24.7978,36.252,25.0206,-2.03484
1693922984400302,-25.0409,36.1832,25.0191,-2.03701
1693922984500197,-26.1842,36.9739,24.7643,-2.0719
1693922984599691,-26.5176,36.9801,24.737,-2.07337
1693922984700452,-26.3353,36.375,24.7755,-2.06146
1693922984800290,-26.6087,36.3341,24.7647,-2.06431
1693922984999637,-28.4313,37.0191,24.0275,-2.14673
1693922985100376,-28.938,37.5824,24.0137,-2.16395
1693922985200287,-28.8351,39.3731,25.6072,-2.18704
1693922985300317,-28.9871,39.5287,25.4002,-2.17186
1693922985400454,-29.0096,38.9007,25.0594,-2.1501
1693922985500056,-29.3623,39.1294,25.0622,-2.15455
1693922985600485,-29.6662,39.2775,25.0823,-2.15416
1693922985700350,-29.8596,39.6767,25.351,-2.1545
1693922985800316,-30.1934,39.8054,25.3191,-2.15362
1693922985900443,-30.7897,40.0362,25.0039,-2.15973
1693922985999969,-31.0044,39.8763,24.9558,-2.1534
1693922986100325,-31.3216,40.0149,24.9522,-2.15309
1693922986400306,-30.6403,38.9333,25.6482,-2.11955
1693922986600474,-29.3363,36.8813,26.4152,-2.09551
1693922986700351,-29.4618,36.8695,26.4578,-2.10616
1693922986800433,-29.6249,36.8492,26.5626,-2.11064
1693922986900503,-29.7911,37.0157,26.6129,-2.11352
1693922987000379,-29.8647,36.9171,26.7115,-2.11399
1693922987199858,-30.0274,36.7168,26.9,-2.11317
1693922987300383,-29.9247,36.497,27.0221,-2.12029
1693922987400475,-29.8647,36.0556,27.2687,-2.11718
1693922987500458,-29.9012,35.9044,27.3885,-2.11734
1693922987600547,-29.7292,35.3458,27.4413,-2.11099
1693922987700139,-29.018,35.0994,28.6493,-2.1339
1693922987800601,-28.9771,34.8936,28.859,-2.13445
1693922987900450,-28.5486,34.2905,29.1245,-2.1322
1693922988000439,-29.8229,35.3094,28.4923,-2.13423
1693922988100529,-29.658,35.4973,28.8983,-2.13028
1693922988200417,-28.9787,35.749,29.523,-2.12903
1693922988300399,-28.9639,35.8585,30.0259,-2.12169
1693922988400590,-25.8026,35.236,29.0517,-2.13875
1693922988500412,-25.4688,35.143,29.1722,-2.13988
1693922988600553,-24.0506,33.7766,29.4522,-2.23734
1693922988700468,-22.0302,34.9657,29.2282,-2.24043
1693922988800406,-21.4442,34.8847,29.33,-2.24201
1693922988900471,-19.9229,37.6406,27.7764,-2.33426
1693922988999826,-19.071,37.7615,27.663,-2.33957
1693922989100441,-17.9562,38.0069,27.0212,-2.34294
1693922989199619,-16.6833,37.6292,27.3665,-2.26313
1693922989300561,-16.6912,39.4598,27.5423,-2.19552
1693922989400457,-15.9841,39.7531,27.4941,-2.19609
1693922989500045,-15.2792,40.0455,27.4461,-2.19804
1693922989599630,-14.5743,40.3378,27.3981,-2.19989
1693922989700490,-14.3063,41.4392,27.47,-2.22856
1693922989800409,-13.6362,41.8039,27.4358,-2.23087
1693922989900508,-12.9759,42.1771,27.4045,-2.23335
1693922989999748,-12.5964,42.7871,27.3131,-2.24314
1693922990100443,-11.9561,43.1963,27.2757,-2.24534
1693922990200094,-11.3383,42.9758,27.0844,-2.23318
1693922990300479,-10.6582,43.5211,27.2229,-2.23795
1693922990599867,-8.7134,42.8618,26.6675,-2.20411
1693922990700557,-8.1558,43.0571,26.522,-2.22314
1693922990800573,-7.6661,42.8665,25.7949,-2.16335
1693922990899685,-6.0124,42.2884,24.5381,-2.05341
1693922990999960,-4.9003,40.5286,22.3959,-1.87253
1693922991100581,-4.0912,40.3967,21.9098,-1.86318
1693922991199882,-2.7713,38.5162,18.7942,-1.72904
1693922991300484,-2.6967,37.0261,15.1843,-1.87062
1693922991400578,-2.0636,36.8213,13.8798,-1.91197
1693922991500528,-1.0028,36.677,12.8088,-1.93115
1693922991700701,0.3119,36.643,10.1803,-2.00676
1693922991801755,0.9618,36.5733,9.5634,-2.04162
1693922991900720,1.4818,36.513,9.0389,-2.05192
1693922991999723,2.1135,36.4069,8.1863,-2.14106
1693922992200643,4.0519,36.3861,6.7211,-2.2717
1693922992300620,5.0751,36.2866,5.7998,-2.25248
1693922992400361,4.5435,36.2833,4.3839,-2.33209
1693922992800514,6.1375,35.7105,0.7967,-2.56482
1693922993000531,8.0331,35.5777,0.6257,-2.44725
1693922993199985,10.3245,35.5707,-1.1573,-2.46138
1693922993300455,10.9916,35.2456,-4.9996,-2.55792
1693922993400493,11.1889,35.4531,-6.493,-2.65024
1693922993500466,11.5326,35.5168,-7.233,-2.66306
1693922993600442,11.2663,35.8412,-6.8627,-2.7512
1693922993700608,11.419,35.797,-7.0975,-2.76571
1693922993800627,11.2712,36.0357,-7.1577,-2.80035
1693922993900574,11.5536,36.205,-6.6063,-2.81264
1693922994000662,11.3799,38.0681,-7.3725,-2.93183
1693922994100430,11.2739,38.5215,-8.0817,-2.97216
1693922994200060,11.2665,38.8948,-8.6616,-2.9913
1693922994299642,10.2923,39.4467,-9.3155,-3.11755
1693922994400496,9.8623,40.6782,-9.534,3.03114
1693922994500066,9.9982,41.0134,-10.0997,3.01111
1693922994599946,10.5433,42.4007,-10.0634,2.83935
1693922994700685,10.4353,43.6266,-10.8705,2.69909
1693922994800646,10.6857,44.2076,-11.682,2.61618
1693922994900474,11.0694,44.7904,-12.2157,2.52424
1693922994999765,11.2053,45.1356,-12.4701,2.52208
1693922995100588,11.2115,45.279,-12.7817,2.50889
1693922995200600,11.1445,45.712,-13.0871,2.4983
1693922995300521,11.2512,46.115,-13.3322,2.50433
1693922995400560,11.1119,47.7393,-11.8094,2.61895
1693922995500530,11.124,47.8566,-11.6962,2.63893
1693922995599662,11.1067,47.9104,-11.5678,2.60583
1693922995700584,11.0925,47.7616,-11.7748,2.6186
1693922995799817,11.074,47.6388,-11.9419,2.64283
1693922995900660,11.12,47.441,-11.9849,2.61473
1693922996000545,11.1188,47.404,-12.2028,2.61117
1693922996099810,11.1787,47.2465,-12.3839,2.6267
1693922996200501,11.1358,47.1498,-12.3167,2.61651
1693922996300573,11.0234,47.1005,-12.4362,2.5883
1693922996399785,11.0834,46.9341,-12.5083,2.60075
1693922996699920,11.1252,46.5953,-12.6515,2.66841
1693922996800728,11.0541,46.2669,-12.8931,2.63693
1693922996900564,10.9947,46.2313,-12.9399,2.60893
1693922996999804,11.0668,46.153,-13.0442,2.61481
1693922997100515,11.1357,45.9406,-13.2664,2.59717
1693922997200450,10.9569,45.8389,-13.0626,2.59639
1693922997500503,10.9079,45.5658,-13.2445,2.61377
1693922997600645,10.9512,45.4025,-13.4177,2.61959
1693922997701181,10.9496,45.2256,-13.4967,2.61323
1693922997800201,10.8926,45.1289,-13.5818,2.60398
1693922997900679,10.9827,45.0268,-13.712,2.60046
1693922998000556,10.9446,44.9272,-13.7862,2.59105
1693922998100484,10.7735,44.689,-13.6935,2.58647
1693922998200621,10.8555,44.6153,-13.8179,2.58203
1693922998300551,10.8773,44.4388,-13.9458,2.57699
1693922998400623,10.8209,44.2155,-13.8097,2.59331
1693922998500002,10.7981,44.0856,-13.9712,2.58485
1693922998600629,10.9675,43.954,-14.1339,2.58762
1693922998700734,10.8152,43.6807,-13.9902,2.59163
1693922998800684,10.8832,43.2667,-14.0585,2.60541
1693922999200555,11.0808,42.3832,-13.6366,2.69361
1693922999300553,10.9115,41.8739,-13.2328,2.74013
1693922999399622,11.1884,41.4778,-13.4064,2.69961
1693922999500653,11.2201,41.2411,-13.3877,2.69012
1693922999600511,11.4027,40.9958,-13.3419,2.69285
1693922999700041,11.6024,40.3799,-13.77,2.7323
1693922999800764,11.6139,39.9676,-13.6123,2.75989
1693922999901091,11.5225,39.5752,-13.4538,2.77767
1693923000000033,11.5667,39.3594,-13.5023,2.80261
1693923000100820,11.4079,39.2345,-13.3119,2.84963
1693923000200766,11.568,39.0667,-13.8987,2.87162
1693923000600788,11.7037,38.8654,-14.6695,2.8663
1693923000700643,11.9753,39.3474,-14.6646,2.92955
1693923000800682,11.9201,39.6333,-14.7966,2.92204
1693923000900241,12.0376,39.9707,-15.3336,2.91524
1693923001000645,11.9457,40.0844,-15.0117,2.91537
1693923001100598,12.0218,40.0103,-15.274,2.90824
1693923001299902,12.1459,40.0385,-15.4934,2.89899
1693923001400616,12.1059,39.7785,-15.3702,2.9661
1693923001500810,12.1356,39.7281,-15.447,2.96499
1693923001600687,12.1893,39.6978,-15.5145,2.96078
1693923001700620,12.1981,39.4838,-15.3459,3.03811
1693923001800719,12.1518,39.3037,-15.4071,3.06656
1693923001900608,12.174,39.1781,-15.3342,3.07562
1693923002000607,12.262,39.0618,-15.4054,3.08726
1693923002299866,12.4961,38.585,-15.4294,-3.10697
1693923002400165,12.5362,38.4823,-15.4582,-3.09619
1693923002500659,12.574,38.3223,-15.4685,-3.08449
1693923002600651,12.7058,37.952,-15.1813,-2.99176
1693923002700763,12.7711,37.8187,-15.1815,-2.98507
1693923002799807,12.8465,37.5314,-15.1164,-2.93693
1693923002900337,13.1934,36.7454,-14.919,-2.79028
1693923003200007,13.4446,36.1181,-14.8415,-2.77802
1693923003400895,13.3646,35.7571,-14.9949,-2.77136
1693923003500620,13.8856,35.7628,-15.1504,-2.71929
1693923003600796,13.8913,35.6089,-15.5499,-2.72084
1693923003800815,14.1072,35.2637,-15.5313,-2.67536
1693923004000843,13.9603,35.0436,-15.6087,-2.58967
1693923004099986,14.0898,34.8781,-15.4681,-2.55126
1693923004199841,14.1626,34.8935,-15.2787,-2.48023
1693923004300752,13.9855,34.8051,-15.133,-2.42423
1693923004399939,14.2156,34.7639,-15.0103,-2.37471
1693923004500784,14.321,34.8963,-15.2751,-2.32702
1693923004600113,14.3318,34.8474,-15.444,-2.23542
1693923004700708,14.5029,34.7759,-15.5189,-2.1842
1693923004800841,14.3527,34.8134,-15.436,-2.16739
1693923004900571,14.3379,34.8831,-15.4386,-2.11862
1693923005000230,14.4535,34.6628,-15.3977,-2.05793
1693923005200723,14.522,34.5354,-15.3121,-2.04907
1693923005300127,14.6037,34.3237,-15.1585,-1.99085
1693923005400599,14.7427,34.162,-15.2809,-1.85133
1693923005500911,15.6878,33.7584,-15.8517,-1.55925
1693923005600537,15.8519,33.5907,-15.8697,-1.56788
1693923005700032,15.8579,33.4916,-15.7684,-1.57182
1693923005800973,15.9201,33.3432,-15.673,-1.5571
1693923006100912,15.8201,33.0741,-15.5381,-1.60739
1693923006200782,15.7963,33.1156,-15.5089,-1.51754
1693923006300047,15.8005,33.2769,-15.4946,-1.5415
1693923006600731,15.8651,33.3348,-15.4436,-1.51096
1693923006700806,16.755,33.3409,-15.8274,-1.26698
1693923006800750,16.8664,33.2885,-15.8452,-1.31248
1693923006899552,16.7418,33.2151,-15.6119,-1.33055
1693923007000831,16.7963,33.2572,-15.6985,-1.31521
1693923007099692,16.8214,33.2069,-15.7148,-1.34041
1693923007200252,16.772,33.0646,-15.5499,-1.35976
1693923007300817,16.7934,33.0273,-15.5901,-1.35886
1693923007400759,16.7937,32.9808,-15.5689,-1.36166
1693923007600834,16.8121,32.9429,-15.5861,-1.347
1693923007699588,16.7646,32.9978,-15.6109,-1.33111
1693923007801019,16.8439,33.0127,-15.6158,-1.32081
1693923008000795,16.7555,32.9581,-15.6251,-1.38081
1693923008100410,15.8738,33.0681,-15.5109,-1.59218
1693923008200901,15.79,33.1087,-15.5437,-1.54074
1693923008300043,16.1487,33.0953,-15.5391,-1.48012
1693923008399962,16.5153,33.0331,-15.5475,-1.39646
1693923008499887,16.7544,33.0691,-15.5784,-1.36227
1693923008700095,16.7461,33.0414,-15.5715,-1.37093
1693923008800877,17.0119,33.0839,-15.6641,-1.25699
1693923008900286,16.9543,33.0762,-15.6706,-1.31278
1693923009001052,16.9054,33.0698,-15.6392,-1.33149
1693923009100893,16.9158,33.1098,-15.6428,-1.32562
1693923009200047,16.9432,33.1073,-15.6568,-1.32201
1693923009300977,16.8925,33.0983,-15.6478,-1.33317
1693923009400909,16.9124,33.0795,-15.6174,-1.329
1693923009500284,16.8955,33.0489,-15.624,-1.33384
1693923009601060,16.88,33.0899,-15.6198,-1.32659
1693923009701030,16.9309,33.0917,-15.6254,-1.32523
1693923009800981,16.9177,33.103,-15.6202,-1.32357
1693923009899963,16.873,33.0822,-15.6119,-1.33284
1693923010000944,17.1323,33.1357,-15.7344,-1.26795
1693923010100456,17.1354,33.1557,-15.7287,-1.27959
