1693731671.608465 3.543652 4.119256 0.013997 0.519228 0.571542 -0.449862 -0.448738
1693731671.675157 3.544607 4.117126 0.013817 0.519492 0.573730 -0.445499 -0.449992
1693731671.741781 3.545213 4.114608 0.013812 0.519340 0.573778 -0.444784 -0.450812
1693731671.808417 3.545697 4.111991 0.013494 0.518489 0.575643 -0.445204 -0.448996
1693731671.875094 3.546191 4.110001 0.013218 0.518790 0.576217 -0.443970 -0.449135
1693731671.941723 3.546238 4.107962 0.013072 0.519103 0.575894 -0.444351 -0.448810
1693731672.008364 3.545836 4.106562 0.012891 0.519223 0.575596 -0.444476 -0.448931
1693731672.075012 3.545487 4.105172 0.012207 0.520140 0.576004 -0.442699 -0.449101
1693731672.141649 3.545049 4.104155 0.012097 0.520218 0.575699 -0.442844 -0.449258
1693731672.208300 3.545247 4.103934 0.011823 0.521461 0.574858 -0.441265 -0.450446
1693731672.275027 3.545161 4.105424 0.011048 0.523706 0.573692 -0.438360 -0.452162
1693731672.341669 3.545357 4.107690 0.010666 0.527275 0.569819 -0.436219 -0.454973
1693731672.408321 3.545293 4.109427 0.009711 0.531604 0.567149 -0.433048 -0.456299
1693731672.474978 3.544740 4.109704 0.009490 0.534109 0.565516 -0.432152 -0.456250
1693731672.541627 3.543866 4.109256 0.010131 0.535568 0.563378 -0.432893 -0.456481
1693731672.608285 3.543006 4.109791 0.010080 0.537186 0.561610 -0.432671 -0.456969
1693731672.674946 3.542839 4.110554 0.009653 0.538780 0.560642 -0.431291 -0.457587
1693731672.741598 3.542963 4.111345 0.009194 0.540234 0.558164 -0.430875 -0.459289
1693731672.808255 3.542930 4.111776 0.008588 0.539921 0.559154 -0.428849 -0.460349
1693731672.874916 3.541907 4.109746 0.008821 0.537409 0.558879 -0.434824 -0.458011
1693731672.941571 3.540116 4.108471 0.010069 0.534648 0.556796 -0.441013 -0.457862
1693731673.008237 3.538921 4.110802 0.009244 0.536825 0.556257 -0.435610 -0.461130
1693731673.074892 3.537002 4.112838 0.008717 0.538937 0.554509 -0.433055 -0.463174
1693731673.141550 3.533545 4.112954 0.007793 0.537712 0.555506 -0.431241 -0.465090
1693731673.208219 3.527021 4.107920 0.005693 0.541413 0.554047 -0.442070 -0.452193
1693731673.274879 3.518251 4.100935 0.002645 0.536838 0.565889 -0.439997 -0.444946
1693731673.341540 3.505029 4.099543 0.004455 0.546077 0.553881 -0.449327 -0.439456
1693731673.408213 3.484413 4.103577 0.007808 0.551595 0.545834 -0.454147 -0.437675
1693731673.474884 3.457146 4.114101 0.009937 0.563076 0.535957 -0.449408 -0.440144
1693731673.541545 3.426345 4.126020 0.010016 0.579046 0.540450 -0.438016 -0.425161
1693731673.608218 3.392289 4.139237 0.011707 0.583237 0.545023 -0.435558 -0.416021
1693731673.674910 3.356348 4.154251 0.011770 0.584915 0.553425 -0.436069 -0.401794
1693731673.741570 3.317379 4.171292 0.010557 0.591485 0.554710 -0.443269 -0.382041
1693731673.808241 3.274919 4.188618 0.009024 0.596195 0.564140 -0.449276 -0.352772
1693731673.874903 3.227923 4.208271 0.011937 0.590247 0.575699 -0.448002 -0.345648
1693731673.941566 3.176615 4.228503 0.024660 0.578676 0.571484 -0.458816 -0.357810
1693731674.008237 3.126110 4.248847 0.043711 0.567595 0.569366 -0.479233 -0.352127
1693731674.074931 3.078258 4.271439 0.067952 0.564196 0.563460 -0.491402 -0.350314
1693731674.141594 3.030008 4.294392 0.089978 0.564092 0.565267 -0.480607 -0.362341
1693731674.208266 2.979035 4.312613 0.109121 0.566880 0.563946 -0.481017 -0.359493
1693731674.274962 2.927868 4.328030 0.121492 0.587936 0.560575 -0.475605 -0.337472
1693731674.341619 2.877125 4.341824 0.131884 0.604377 0.554020 -0.459908 -0.340990
1693731674.408277 2.826694 4.351041 0.139708 0.604745 0.553945 -0.461294 -0.338580
1693731674.474940 2.774286 4.355508 0.142133 0.600745 0.562024 -0.467415 -0.323662
1693731674.541598 2.719622 4.357285 0.142345 0.594649 0.569573 -0.474163 -0.311688
1693731674.608275 2.664680 4.358536 0.143857 0.595251 0.567799 -0.479842 -0.305012
1693731674.675014 2.610468 4.359726 0.146330 0.600528 0.569671 -0.474029 -0.300229
1693731674.741668 2.555178 4.364572 0.150268 0.615481 0.569642 -0.454571 -0.300095
1693731674.808335 2.498925 4.371135 0.156808 0.624202 0.564684 -0.446745 -0.303187
1693731674.874996 2.441836 4.377604 0.160445 0.631325 0.557867 -0.449388 -0.297092
1693731674.941652 2.383872 4.383531 0.156699 0.640013 0.553182 -0.448800 -0.288013
1693731675.008321 2.323839 4.390377 0.147587 0.648458 0.551303 -0.438102 -0.289195
1693731675.075032 2.261202 4.397368 0.136285 0.653127 0.549473 -0.434740 -0.287238
1693731675.141691 2.196011 4.405444 0.124973 0.657377 0.548842 -0.432017 -0.282825
1693731675.208356 2.128353 4.412515 0.117797 0.646655 0.554384 -0.441109 -0.282700
1693731675.275015 2.056423 4.420421 0.114948 0.650250 0.549541 -0.443832 -0.279629
1693731675.341703 1.982958 4.427532 0.117724 0.648975 0.552297 -0.442786 -0.278820
1693731675.408372 1.908096 4.432961 0.125672 0.648476 0.548646 -0.447718 -0.279311
1693731675.475029 1.833576 4.433393 0.130820 0.649870 0.551745 -0.447807 -0.269660
1693731675.541684 1.760070 4.431328 0.133870 0.647849 0.559975 -0.438447 -0.272918
1693731675.608352 1.688642 4.426166 0.135942 0.632959 0.573991 -0.440088 -0.276080
1693731675.675015 1.616345 4.420616 0.134150 0.620314 0.585353 -0.441226 -0.279091
1693731675.741672 1.543493 4.416207 0.128144 0.614298 0.593742 -0.438484 -0.279000
1693731675.808345 1.469373 4.413719 0.123085 0.614579 0.592141 -0.438120 -0.282333
1693731675.875006 1.399022 4.409833 0.123272 0.612245 0.591027 -0.446084 -0.277222
1693731675.941716 1.330014 4.406589 0.130265 0.614167 0.586780 -0.450796 -0.274357
1693731676.008387 1.261732 4.406485 0.142108 0.623721 0.572713 -0.453278 -0.278407
1693731676.075043 1.193811 4.406216 0.151243 0.626755 0.564582 -0.454680 -0.285817
1693731676.141707 1.126083 4.404195 0.152775 0.629825 0.564024 -0.446852 -0.292439
1693731676.208421 1.055993 4.400371 0.147554 0.631413 0.569202 -0.430883 -0.302765
1693731676.275133 0.984314 4.395122 0.136737 0.638326 0.575474 -0.414652 -0.299054
1693731676.341789 0.911159 4.392110 0.123852 0.643537 0.577856 -0.403060 -0.299141
1693731676.408505 0.835136 4.389771 0.114603 0.639711 0.579567 -0.404801 -0.301674
1693731676.475209 0.758877 4.386027 0.112665 0.641207 0.573395 -0.421937 -0.286428
1693731676.541868 0.683794 4.383699 0.117368 0.645671 0.568577 -0.432672 -0.269489
1693731676.608562 0.607720 4.382228 0.126836 0.650271 0.560086 -0.437526 -0.268370
1693731676.675207 0.534691 4.375328 0.132694 0.649085 0.565456 -0.433957 -0.265763
1693731676.741889 0.463207 4.365715 0.135032 0.644494 0.575313 -0.427949 -0.265521
1693731676.808574 0.391614 4.354018 0.133589 0.639284 0.584844 -0.423764 -0.264004
1693731676.875224 0.319515 4.342645 0.128746 0.634411 0.592507 -0.419498 -0.265479
1693731676.941878 0.247301 4.331419 0.121536 0.632177 0.595213 -0.418274 -0.266686
1693731677.008541 0.174477 4.321273 0.115072 0.636872 0.590805 -0.413576 -0.272577
1693731677.075190 0.103779 4.312119 0.111538 0.643122 0.586948 -0.405559 -0.278223
1693731677.141881 0.034313 4.305911 0.115296 0.656719 0.573685 -0.400182 -0.281888
1693731677.208541 -0.035491 4.300447 0.122714 0.667291 0.555953 -0.412917 -0.274114
1693731677.275198 -0.101841 4.296199 0.126309 0.671757 0.552807 -0.410086 -0.273818
1693731677.341851 -0.168248 4.292633 0.125868 0.669007 0.557962 -0.400874 -0.283562
1693731677.408561 -0.236053 4.289334 0.121835 0.666751 0.561028 -0.395950 -0.289680
1693731677.475215 -0.308209 4.286643 0.114122 0.667452 0.561418 -0.393607 -0.290503
1693731677.541860 -0.381587 4.285834 0.105107 0.659737 0.571145 -0.386603 -0.298460
1693731677.608521 -0.457356 4.285451 0.099629 0.648628 0.577419 -0.392686 -0.302766
1693731677.675258 -0.534513 4.285953 0.098305 0.643423 0.580375 -0.400598 -0.297815
1693731677.741915 -0.612279 4.288998 0.101641 0.646135 0.578237 -0.405150 -0.289835
1693731677.808577 -0.691123 4.291902 0.105470 0.651855 0.575796 -0.403654 -0.283914
1693731677.875285 -0.769273 4.293308 0.106232 0.650763 0.585783 -0.391977 -0.282347
1693731677.941933 -0.845536 4.293789 0.106189 0.639248 0.602479 -0.386828 -0.280616
1693731678.008592 -0.921929 4.297013 0.106270 0.625990 0.617327 -0.384427 -0.281531
1693731678.075245 -0.999188 4.301705 0.108278 0.612491 0.622728 -0.392320 -0.288358
1693731678.141894 -1.077446 4.308031 0.109539 0.596984 0.627470 -0.400595 -0.299023
1693731678.208555 -1.155356 4.314514 0.111346 0.595285 0.619750 -0.406248 -0.310657
1693731678.275213 -1.231923 4.317823 0.114635 0.599767 0.615107 -0.411487 -0.304305
1693731678.341908 -1.307328 4.321535 0.121116 0.599297 0.618787 -0.408710 -0.301499
1693731678.408568 -1.381805 4.324964 0.129221 0.599977 0.612658 -0.420737 -0.296069
1693731678.475220 -1.452629 4.327631 0.131087 0.606283 0.610306 -0.428518 -0.276259
1693731678.541873 -1.523040 4.330723 0.126105 0.604264 0.619313 -0.423220 -0.268701
1693731678.608543 -1.594104 4.334206 0.116006 0.598180 0.632416 -0.414817 -0.264873
1693731678.675286 -1.669041 4.339338 0.103082 0.588928 0.645711 -0.409899 -0.261159
1693731678.741936 -1.747700 4.345287 0.091177 0.574162 0.656326 -0.411306 -0.265332
1693731678.808591 -1.828360 4.350550 0.082797 0.566515 0.659722 -0.414923 -0.267705
1693731678.875257 -1.908932 4.353529 0.081235 0.553336 0.667383 -0.422969 -0.263660
1693731678.941907 -1.990680 4.355406 0.086030 0.545843 0.667911 -0.437777 -0.253578
1693731679.075233 -2.156277 4.356821 0.093634 0.535887 0.671599 -0.455191 -0.233626
1693731679.141888 -2.241776 4.357812 0.091047 0.529079 0.677478 -0.459793 -0.222912
1693731679.208552 -2.329345 4.357435 0.088051 0.526825 0.675454 -0.466994 -0.219393
1693731679.275214 -2.414878 4.354629 0.085152 0.511866 0.679426 -0.478776 -0.217134
1693731679.341870 -2.495484 4.351934 0.082749 0.500264 0.685293 -0.482799 -0.216827
1693731679.408539 -2.571361 4.349377 0.082110 0.489725 0.692342 -0.487645 -0.207446
1693731679.475204 -2.645468 4.347617 0.085135 0.490498 0.697494 -0.484507 -0.195362
1693731679.541893 -2.718141 4.347230 0.092307 0.482096 0.701142 -0.489503 -0.190711
1693731679.608585 -2.788891 4.345666 0.099505 0.474263 0.702323 -0.498698 -0.181980
1693731679.675245 -2.858862 4.340953 0.103504 0.464281 0.704702 -0.509055 -0.169415
1693731679.741926 -2.929655 4.331975 0.104240 0.449709 0.709202 -0.519555 -0.157664
1693731679.808621 -3.000514 4.321863 0.101048 0.433179 0.717009 -0.525985 -0.146948
1693731679.875294 -3.073749 4.311258 0.095491 0.403452 0.732327 -0.529181 -0.144537
1693731679.941972 -3.148163 4.298731 0.090038 0.381902 0.744702 -0.531176 -0.131992
1693731680.008633 -3.224262 4.281208 0.085049 0.369041 0.758876 -0.525575 -0.108106
1693731680.075343 -3.301555 4.259675 0.081428 0.358014 0.775469 -0.510040 -0.101654
1693731680.141992 -3.376478 4.231537 0.077354 0.330594 0.795317 -0.497256 -0.104472
1693731680.208703 -3.445261 4.196957 0.071889 0.313559 0.809422 -0.488458 -0.089026
1693731680.275356 -3.508177 4.157639 0.065918 0.288126 0.821941 -0.486417 -0.069248
1693731680.342007 -3.568154 4.114539 0.059591 0.265473 0.829610 -0.488619 -0.050220
1693731680.408715 -3.625786 4.069763 0.052809 0.236667 0.836772 -0.492513 -0.035092
1693731680.475377 -3.683619 4.025370 0.047350 0.213054 0.841689 -0.495314 -0.028844
1693731680.542022 -3.741801 3.982839 0.046114 0.190948 0.845452 -0.498046 -0.026449
1693731680.608685 -3.800650 3.939427 0.048969 0.195321 0.848032 -0.492593 -0.006656
1693731680.675349 -3.860599 3.896212 0.054241 0.187852 0.851405 -0.489549 -0.012786
1693731680.742013 -3.916822 3.852304 0.059056 0.182219 0.854264 -0.486722 -0.011459
1693731680.808684 -3.966859 3.804895 0.061750 0.176649 0.855024 -0.487554 0.004556
1693731680.875345 -4.013187 3.751910 0.059831 0.159688 0.856837 -0.489873 0.018849
1693731680.942022 -4.058519 3.694508 0.051310 0.144401 0.860898 -0.487060 0.027851
1693731681.008702 -4.102536 3.634691 0.039418 0.118598 0.867397 -0.482468 0.027967
1693731681.075361 -4.144479 3.573459 0.029369 0.093879 0.870199 -0.482224 0.037419
1693731681.142018 -4.182958 3.512757 0.024385 0.079179 0.873346 -0.477066 0.058364
1693731681.208683 -4.217906 3.450875 0.023955 0.061929 0.880366 -0.465011 0.069892
1693731681.275351 -4.247214 3.383985 0.027937 0.037327 0.882730 -0.464155 0.062882
1693731681.342029 -4.267667 3.315143 0.031732 0.020579 0.883400 -0.463777 0.063960
1693731681.408698 -4.281604 3.244971 0.031484 0.008506 0.882699 -0.464806 0.068748
1693731681.475364 -4.293302 3.173198 0.026104 0.006084 0.879916 -0.470633 0.064925
1693731681.542035 -4.301337 3.101366 0.015408 0.008165 0.879424 -0.471519 0.064935
1693731681.608716 -4.306747 3.030006 0.003516 0.011336 0.879876 -0.470030 0.069004
1693731681.675373 -4.312489 2.960864 -0.004561 0.012389 0.881905 -0.465830 0.071368
1693731681.742032 -4.319654 2.894657 -0.007323 0.031872 0.889057 -0.449815 0.078920
1693731681.808730 -4.325838 2.830454 -0.003205 0.035202 0.890662 -0.446521 0.078104
1693731681.875390 -4.331088 2.767678 0.001566 0.040443 0.889795 -0.446288 0.086344
1693731681.942063 -4.332950 2.704319 0.002327 0.048402 0.891453 -0.439845 0.097491
1693731682.008726 -4.330976 2.637485 -0.000720 0.061260 0.891948 -0.435120 0.106522
1693731682.075385 -4.325702 2.566361 -0.006459 0.076568 0.890939 -0.431722 0.118238
1693731682.142055 -4.320895 2.493070 -0.013840 0.087476 0.890883 -0.426581 0.129244
1693731682.208724 -4.319146 2.415203 -0.018382 0.091544 0.887035 -0.429072 0.143821
1693731682.275386 -4.323524 2.334604 -0.020724 0.106576 0.884531 -0.428182 0.151351
1693731682.342049 -4.333890 2.255490 -0.017678 0.123683 0.884089 -0.422719 0.156199
1693731682.408719 -4.348041 2.174846 -0.008758 0.138107 0.881536 -0.426054 0.149329
1693731682.475386 -4.362987 2.093991 -0.000544 0.159623 0.875789 -0.433902 0.138719
1693731682.542046 -4.373177 2.016080 0.005046 0.175884 0.874660 -0.432967 0.128737
1693731682.608717 -4.381070 1.940451 0.009787 0.187818 0.872133 -0.431388 0.134213
1693731682.675410 -4.389894 1.864892 0.014323 0.196378 0.865474 -0.437268 0.145560
1693731682.742078 -4.400553 1.790080 0.017594 0.196783 0.857947 -0.449182 0.153097
1693731682.808790 -4.414011 1.719779 0.020679 0.189051 0.853285 -0.461716 0.151601
1693731682.875461 -4.426497 1.656146 0.029682 0.159724 0.850608 -0.475655 0.157184
1693731682.942121 -4.443313 1.599499 0.044533 0.127499 0.850288 -0.483818 0.163323
1693731683.008834 -4.465883 1.545042 0.067035 0.118867 0.843890 -0.495468 0.168025
1693731683.075489 -4.491575 1.493109 0.092745 0.114510 0.827996 -0.519227 0.178080
1693731683.142170 -4.517507 1.442795 0.114230 0.109513 0.813355 -0.539182 0.189062
1693731683.208830 -4.542210 1.390587 0.128432 0.100200 0.805138 -0.552688 0.190390
1693731683.275486 -4.566866 1.335247 0.135375 0.088536 0.803143 -0.560132 0.182687
1693731683.342141 -4.591678 1.275579 0.138763 0.070370 0.803356 -0.565143 0.174015
1693731683.408807 -4.616189 1.211880 0.142733 0.056172 0.801039 -0.569548 0.175489
1693731683.475464 -4.638222 1.146388 0.150685 0.041814 0.798511 -0.571716 0.183771
1693731683.542125 -4.656656 1.077416 0.160868 0.024107 0.800606 -0.566530 0.193633
1693731683.608794 -4.669818 1.009556 0.170310 -0.003807 0.804942 -0.561824 0.190810
1693731683.675458 -4.678318 0.941260 0.178738 -0.030285 0.809513 -0.554049 0.191837
1693731683.742117 -4.684302 0.873271 0.187932 -0.053307 0.810235 -0.548842 0.198623
1693731683.808789 -4.688990 0.805021 0.198103 -0.069965 0.804080 -0.548468 0.218501
1693731683.875452 -4.693638 0.734698 0.208544 -0.085241 0.794032 -0.555066 0.232697
1693731683.942153 -4.696401 0.662473 0.217759 -0.102745 0.784681 -0.564320 0.235079
1693731684.008817 -4.696828 0.591657 0.228156 -0.120520 0.777277 -0.571326 0.234312
1693731684.075481 -4.694513 0.521362 0.240839 -0.138184 0.772961 -0.569560 0.242979
1693731684.142141 -4.689626 0.451457 0.254689 -0.161772 0.774310 -0.563184 0.238952
1693731684.208812 -4.683667 0.381548 0.265957 -0.181206 0.776189 -0.555965 0.235792
1693731684.275474 -4.673337 0.314599 0.271015 -0.198598 0.779128 -0.538222 0.252657
1693731684.342140 -4.658588 0.249578 0.266809 -0.220135 0.784147 -0.514272 0.268661
1693731684.408809 -4.640123 0.184356 0.254945 -0.247033 0.787339 -0.494802 0.272476
1693731684.475463 -4.618390 0.118995 0.238942 -0.273226 0.787679 -0.475172 0.281283
1693731684.542148 -4.595365 0.054028 0.222149 -0.302507 0.784739 -0.457647 0.288503
1693731684.608813 -4.569877 -0.012381 0.209923 -0.324138 0.780290 -0.441213 0.302346
1693731684.675489 -4.542829 -0.076082 0.203487 -0.344836 0.774818 -0.422445 0.319822
1693731684.742155 -4.511701 -0.137048 0.201693 -0.368099 0.768972 -0.400577 0.335742
1693731684.808833 -4.476673 -0.197370 0.202997 -0.391822 0.760331 -0.389350 0.341729
1693731684.875498 -4.434319 -0.254001 0.202910 -0.400455 0.759719 -0.371424 0.352855
1693731684.942164 -4.388560 -0.305380 0.199936 -0.414111 0.757014 -0.358506 0.356251
1693731685.008835 -4.339815 -0.354087 0.195771 -0.419352 0.755986 -0.349534 0.361186
1693731685.075499 -4.289827 -0.399095 0.191195 -0.424282 0.753208 -0.346796 0.363862
1693731685.142172 -4.238473 -0.439476 0.187935 -0.433420 0.746243 -0.346794 0.367427
1693731685.208843 -4.186121 -0.476136 0.187971 -0.438135 0.736733 -0.349481 0.378320
1693731685.275508 -4.132850 -0.509291 0.190858 -0.445243 0.727674 -0.350136 0.386851
1693731685.342175 -4.078762 -0.540832 0.198665 -0.445279 0.725486 -0.348195 0.392629
1693731685.408850 -4.024254 -0.571178 0.211028 -0.448318 0.717804 -0.349039 0.402417
1693731685.475515 -3.970654 -0.601641 0.221976 -0.446934 0.716124 -0.350082 0.406028
1693731685.542182 -3.917245 -0.632303 0.229460 -0.447132 0.715435 -0.358353 0.399761
1693731685.608853 -3.862680 -0.662299 0.232488 -0.447676 0.714800 -0.369375 0.390139
1693731685.675524 -3.805353 -0.691317 0.231250 -0.448174 0.714008 -0.377071 0.383602
1693731685.742202 -3.746500 -0.719737 0.225603 -0.445016 0.717698 -0.374770 0.382646
1693731685.808877 -3.686983 -0.748143 0.217041 -0.456874 0.714464 -0.373337 0.376068
1693731685.875553 -3.627258 -0.776119 0.210354 -0.466072 0.711162 -0.367552 0.376737
1693731685.942219 -3.567241 -0.802875 0.205422 -0.474237 0.705956 -0.360519 0.383083
1693731686.008900 -3.505559 -0.828646 0.199871 -0.479701 0.709822 -0.349210 0.379594
1693731686.075565 -3.441521 -0.851751 0.194507 -0.487828 0.707444 -0.346183 0.376436
1693731686.142226 -3.375026 -0.869635 0.186361 -0.491433 0.713134 -0.332501 0.373331
1693731686.208898 -3.308934 -0.883366 0.175120 -0.498435 0.717855 -0.321962 0.364125
1693731686.275563 -3.243605 -0.892121 0.162506 -0.509548 0.715176 -0.310898 0.363630
1693731686.342227 -3.179637 -0.898156 0.146967 -0.521977 0.711221 -0.297333 0.365100
1693731686.408898 -3.113910 -0.905153 0.129814 -0.531517 0.708841 -0.285128 0.365700
1693731686.475565 -3.047578 -0.916025 0.113009 -0.527337 0.715783 -0.278438 0.363376
1693731686.542228 -2.981139 -0.928747 0.099462 -0.526451 0.721611 -0.273896 0.356521
1693731686.608903 -2.917857 -0.945434 0.089907 -0.512613 0.736444 -0.266968 0.351577
1693731686.675567 -2.858237 -0.964395 0.083627 -0.510917 0.739060 -0.268273 0.347539
1693731686.742255 -2.801466 -0.985113 0.080473 -0.501510 0.738372 -0.276528 0.356127
1693731686.808924 -2.745898 -1.003637 0.078786 -0.498825 0.726529 -0.282214 0.379058
1693731686.875591 -2.693847 -1.022623 0.075187 -0.496521 0.724504 -0.281751 0.386235
1693731686.942270 -2.638648 -1.041403 0.071951 -0.500164 0.720289 -0.287443 0.385222
1693731687.008931 -2.580563 -1.061408 0.068414 -0.494932 0.726082 -0.286878 0.381509
1693731687.075605 -2.519210 -1.080875 0.064203 -0.494364 0.734124 -0.274642 0.375816
1693731687.142291 -2.452910 -1.102905 0.063657 -0.500229 0.729315 -0.284164 0.370299
1693731687.208969 -2.384678 -1.126044 0.068978 -0.506007 0.723751 -0.288974 0.369643
1693731687.275641 -2.314864 -1.149376 0.079732 -0.509992 0.718894 -0.290409 0.372508
1693731687.342305 -2.245826 -1.174085 0.093053 -0.514275 0.712824 -0.304996 0.366580
1693731687.408978 -2.179012 -1.196961 0.105532 -0.517221 0.710030 -0.317158 0.357422
1693731687.475643 -2.114106 -1.217688 0.113852 -0.523513 0.706485 -0.318091 0.354445
1693731687.542311 -2.048319 -1.237392 0.119945 -0.527700 0.701579 -0.315484 0.360264
1693731687.608983 -1.979778 -1.257749 0.121249 -0.536381 0.692093 -0.321103 0.360825
1693731687.675649 -1.907427 -1.279465 0.120454 -0.546816 0.681670 -0.328888 0.357982
1693731687.742314 -1.834318 -1.302428 0.121666 -0.548979 0.673830 -0.339873 0.359251
1693731687.808987 -1.762141 -1.323515 0.123745 -0.558145 0.661310 -0.344619 0.363843
1693731687.875652 -1.693156 -1.342996 0.126468 -0.566773 0.661713 -0.334907 0.358804
1693731687.942321 -1.624875 -1.362586 0.134129 -0.581524 0.649168 -0.340087 0.353203
1693731688.008992 -1.556973 -1.379959 0.143050 -0.588301 0.634635 -0.347164 0.361411
1693731688.075663 -1.490641 -1.392081 0.146744 -0.590336 0.629711 -0.331699 0.380714
1693731688.142328 -1.422794 -1.400132 0.145099 -0.595362 0.625642 -0.314133 0.394255
1693731688.209001 -1.352721 -1.406297 0.139450 -0.601737 0.614181 -0.305672 0.408974
1693731688.275668 -1.281351 -1.410687 0.129825 0.614561 -0.600827 0.294214 -0.418044
1693731688.342335 -1.209515 -1.416391 0.122188 0.629423 -0.582753 0.288031 -0.425751
1693731688.409057 -1.137225 -1.423295 0.120758 0.637534 -0.566739 0.285672 -0.436748
1693731688.475718 -1.066872 -1.428290 0.125487 0.647785 -0.553618 0.271479 -0.447416
1693731688.542381 -0.995441 -1.429366 0.136286 0.658212 -0.530324 0.267896 -0.462325
1693731688.609054 -0.924859 -1.423129 0.145804 0.662509 -0.515210 0.254919 -0.480268
1693731688.675717 -0.855557 -1.411426 0.150415 0.666989 -0.507434 0.238795 -0.490524
1693731688.742383 -0.787186 -1.396270 0.148635 0.672358 -0.503595 0.225367 -0.493494
1693731688.809053 -0.719391 -1.379391 0.140517 0.685517 -0.489710 0.218184 -0.492592
1693731688.875719 -0.653276 -1.362589 0.128962 0.706894 -0.461293 0.220570 -0.488731
1693731688.942386 -0.589228 -1.347674 0.120408 0.721981 -0.436982 0.214016 -0.491923
1693731689.009060 -0.526402 -1.338176 0.118527 0.731494 -0.416741 0.210394 -0.496969
1693731689.075725 -0.466755 -1.334640 0.117427 0.744313 -0.415868 0.190192 -0.486703
1693731689.142392 -0.407600 -1.335135 0.119528 0.759114 -0.408289 0.191658 -0.469375
1693731689.209063 -0.348392 -1.335783 0.125428 0.761663 -0.403242 0.194824 -0.468304
1693731689.275732 -0.290931 -1.334445 0.127883 0.759900 -0.410048 0.183612 -0.469786
1693731689.342397 -0.231638 -1.330228 0.125603 0.761144 -0.411379 0.178784 -0.468469
1693731689.409072 -0.168658 -1.322912 0.118809 0.762402 -0.411609 0.177169 -0.466833
1693731689.475737 -0.102296 -1.315005 0.109819 0.766030 -0.411233 0.176865 -0.461307
1693731689.542404 -0.032558 -1.305692 0.103817 0.767911 -0.400981 0.175834 -0.467556
1693731689.609078 0.041044 -1.296811 0.101917 0.766068 -0.401756 0.172947 -0.470978
1693731689.675748 0.115019 -1.286196 0.104458 0.764812 -0.403783 0.169818 -0.472423
1693731689.742414 0.188519 -1.275479 0.110338 0.766272 -0.400936 0.180858 -0.468368
1693731689.809091 0.253614 -1.259601 0.116189 0.768409 -0.394475 0.182982 -0.469527
1693731689.875788 0.313187 -1.240959 0.118738 0.773355 -0.393423 0.176555 -0.464724
1693731689.942444 0.368876 -1.219013 0.116861 0.783143 -0.375467 0.177060 -0.462992
1693731690.009129 0.423111 -1.193447 0.109659 0.790325 -0.354252 0.176576 -0.467667
1693731690.075796 0.475398 -1.165371 0.097954 0.794519 -0.329142 0.179000 -0.477875
1693731690.142517 0.527137 -1.138427 0.085274 0.793631 -0.300092 0.193593 -0.492561
1693731690.209183 0.578444 -1.114863 0.075684 -0.783762 0.279525 -0.212234 0.512387
1693731690.275845 0.626864 -1.094902 0.068875 -0.777610 0.288140 -0.218228 0.514465
1693731690.342507 0.668120 -1.078877 0.065433 -0.778232 0.288646 -0.226043 0.509847
1693731690.409176 0.703181 -1.066186 0.063092 -0.776324 0.290052 -0.233645 0.508528
1693731690.475852 0.732006 -1.056642 0.058834 -0.775618 0.282671 -0.237851 0.511802
1693731690.542512 0.756921 -1.051169 0.049453 -0.779116 0.286072 -0.241605 0.502760
1693731690.609184 0.777420 -1.047038 0.039114 0.782093 -0.291119 0.246032 -0.492999
1693731690.675847 0.793081 -1.043430 0.033156 0.778137 -0.296714 0.258546 -0.489508
1693731690.742508 0.801544 -1.039149 0.034685 0.767790 -0.306724 0.261195 -0.498193
1693731690.809181 0.803385 -1.032966 0.039366 -0.763897 0.312679 -0.240388 0.510791
1693731690.875846 0.802966 -1.027104 0.045032 -0.761871 0.297639 -0.232228 0.526339
1693731690.942509 0.802036 -1.023422 0.049437 -0.757004 0.287060 -0.233345 0.538602
1693731691.009174 0.796362 -1.021182 0.051760 -0.757596 0.282242 -0.220975 0.545488
1693731691.075850 0.792577 -1.020331 0.052305 -0.755096 0.297325 -0.209729 0.545382
1693731691.142517 0.789492 -1.021739 0.055697 -0.734215 0.339154 -0.176696 0.560965
1693731691.209187 0.790710 -1.024030 0.056490 -0.733443 0.341152 -0.177441 0.560528
1693731691.275855 0.795515 -1.029050 0.050762 -0.749874 0.341948 -0.195197 0.531656
1693731691.342520 0.799192 -1.031820 0.050352 -0.747009 0.346730 -0.197574 0.531714
1693731691.409184 0.802950 -1.034710 0.054882 -0.733679 0.338124 -0.221150 0.546333
1693731691.475861 0.804720 -1.039135 0.055698 -0.731907 0.329426 -0.250770 0.541208
1693731691.542527 0.806590 -1.042662 0.053540 -0.734980 0.343509 -0.248760 0.529078
1693731691.609201 0.806025 -1.044919 0.062609 -0.732162 0.314087 -0.285634 0.532637
1693731691.675871 0.807686 -1.046967 0.074235 -0.722850 0.304076 -0.314798 0.534722
1693731691.742533 0.808628 -1.047437 0.079748 -0.713181 0.321074 -0.312902 0.538866
1693731691.809210 0.808241 -1.045905 0.089604 -0.698430 0.322000 -0.321481 0.552415
1693731691.875878 0.806337 -1.043901 0.099646 -0.671675 0.328023 -0.319631 0.582315
1693731691.942544 0.804917 -1.040910 0.105316 -0.662549 0.324649 -0.334241 0.586442
1693731692.009311 0.803250 -1.035767 0.107749 -0.660283 0.327144 -0.351136 0.577674
1693731692.076027 0.800485 -1.028682 0.106873 -0.656316 0.329327 -0.351499 0.580725
1693731692.142750 0.797273 -1.018972 0.106856 -0.650799 0.331876 -0.348821 0.587063
1693731692.209527 0.790014 -1.007365 0.102958 -0.668893 0.328403 -0.340113 0.573635
1693731692.276161 0.786102 -0.999399 0.100092 -0.682260 0.333613 -0.342238 0.553260
1693731692.342969 0.783368 -0.992834 0.096687 -0.703106 0.331385 -0.337650 0.530866
1693731692.409742 0.782725 -0.986024 0.096600 -0.705129 0.332911 -0.334648 0.529125
1693731692.476597 0.783071 -0.980220 0.099878 -0.692346 0.339274 -0.340948 0.537870
1693731692.543223 0.784109 -0.975210 0.101738 -0.683865 0.345319 -0.352161 0.537649
1693731692.609979 0.785033 -0.970156 0.102075 -0.683159 0.350495 -0.357522 0.531625
1693731692.676580 0.785074 -0.963568 0.102624 -0.686404 0.349687 -0.357132 0.528229
1693731692.743186 0.783539 -0.951401 0.103634 -0.684174 0.345264 -0.352030 0.537376
1693731692.810040 0.780399 -0.930887 0.104411 -0.687553 0.342728 -0.340551 0.542063
1693731692.876633 0.780950 -0.903263 0.105687 -0.692409 0.341486 -0.332396 0.541729
1693731692.943399 0.785207 -0.870459 0.105067 -0.693115 0.335020 -0.326968 0.548129
1693731693.010108 0.792071 -0.834390 0.101481 -0.691851 0.325579 -0.319914 0.559460
1693731693.076966 0.802911 -0.794628 0.093680 -0.700545 0.320930 -0.313465 0.554959
1693731693.143547 0.818951 -0.748981 0.086746 -0.708099 0.318726 -0.310875 0.548057
1693731693.210347 0.840038 -0.697085 0.087152 -0.701595 0.315730 -0.310791 0.558111
1693731693.276913 0.863745 -0.641736 0.092933 -0.691909 0.316914 -0.310401 0.569631
1693731693.343720 0.883842 -0.587564 0.103005 -0.692875 0.316111 -0.312641 0.567674
1693731693.476911 0.915195 -0.485843 0.128886 -0.688190 0.313605 -0.311824 0.575163
1693731693.543511 0.927665 -0.438514 0.136634 -0.695111 0.308989 -0.305247 0.572862
1693731693.676931 0.966602 -0.342199 0.137514 -0.691672 0.310041 -0.305056 0.576546
1693731693.743588 0.991245 -0.293292 0.131430 -0.689988 0.304890 -0.305935 0.580829
1693731693.810169 1.020997 -0.239750 0.125182 -0.687685 0.298995 -0.304120 0.587540
1693731693.876752 1.053244 -0.182732 0.125790 -0.676640 0.293357 -0.302404 0.603864
1693731693.943568 1.086102 -0.122795 0.133643 -0.668389 0.291290 -0.300292 0.615005
1693731694.005152 1.112408 -0.066387 0.146514 -0.671696 0.286438 -0.296983 0.615288
1693731694.071738 1.133460 -0.004268 0.163076 -0.669668 0.263386 -0.289967 0.630945
1693731694.138329 1.146017 0.057172 0.175050 -0.671252 0.236978 -0.273340 0.646952
1693731694.199929 1.155626 0.113874 0.179574 -0.677579 0.218326 -0.260384 0.652243
1693731694.266535 1.166215 0.175929 0.177715 -0.684467 0.204299 -0.248928 0.654066
1693731694.333147 1.177410 0.241353 0.170382 -0.685895 0.189917 -0.236807 0.661364
1693731694.394777 1.189637 0.305540 0.160997 -0.686744 0.176836 -0.224680 0.668305
1693731694.461404 1.206261 0.377805 0.155214 -0.684861 0.167654 -0.216434 0.675288
1693731694.528032 1.223842 0.452098 0.157245 -0.685624 0.159642 -0.212855 0.677590
1693731694.594679 1.241054 0.526703 0.167616 -0.687994 0.154293 -0.211135 0.676964
1693731694.661313 1.256603 0.597258 0.183035 -0.677500 0.146316 -0.212220 0.688874
1693731694.727953 1.268948 0.660876 0.194034 -0.670444 0.141110 -0.205150 0.698933
1693731694.794604 1.278869 0.722752 0.194681 -0.676769 0.135366 -0.192898 0.697460
1693731694.861248 1.287584 0.788166 0.187174 -0.685573 0.132657 -0.178437 0.693219
1693731694.927897 1.296784 0.857886 0.174321 -0.688665 0.130603 -0.165241 0.693815
1693731694.994560 1.308287 0.931125 0.158575 -0.692806 0.123724 -0.153479 0.693654
1693731695.061201 1.321764 1.008878 0.147529 -0.688551 0.117395 -0.142790 0.701232
1693731695.127856 1.336864 1.087759 0.147485 -0.674110 0.116444 -0.134357 0.716913
1693731695.194521 1.350955 1.163898 0.153355 -0.676749 0.114566 -0.127098 0.716053
1693731695.261176 1.357757 1.235125 0.163641 -0.680553 0.094419 -0.109915 0.718228
1693731695.327832 1.359264 1.303974 0.172560 -0.679093 0.073178 -0.087635 0.725119
1693731695.394501 1.360721 1.372750 0.174078 -0.680270 0.055840 -0.070139 0.727458
1693731695.461151 1.363503 1.443084 0.166067 -0.680900 0.041220 -0.058968 0.728833
1693731695.527814 1.367054 1.516656 0.150673 -0.681532 0.034594 -0.050272 0.729239
1693731695.594481 1.372940 1.596614 0.132654 -0.686014 0.035207 -0.047847 0.725159
1693731695.661142 1.380977 1.677884 0.122902 -0.685018 0.040036 -0.050161 0.725694
1693731695.727806 1.389020 1.759398 0.123072 -0.684299 0.046174 -0.062017 0.725091
1693731695.794481 1.396523 1.835955 0.132377 -0.679144 0.049012 -0.070558 0.728961
1693731695.861142 1.404223 1.903559 0.141547 -0.678656 0.040200 -0.071189 0.729892
1693731695.927806 1.412235 1.968614 0.144082 -0.683681 0.031905 -0.067192 0.725981
1693731695.994538 1.421383 2.035685 0.140289 -0.680174 0.036470 -0.060721 0.729621
1693731696.061197 1.432339 2.105170 0.128779 -0.674765 0.042994 -0.054031 0.734796
1693731696.127856 1.446132 2.178274 0.110134 -0.683052 0.042569 -0.050868 0.727351
1693731696.194525 1.461263 2.255160 0.094803 -0.686466 0.042615 -0.049907 0.724195
1693731696.261186 1.476309 2.333061 0.091697 -0.675921 0.047801 -0.050658 0.733676
1693731696.327846 1.488890 2.410039 0.095081 -0.678513 0.047447 -0.054039 0.731060
1693731696.394587 1.497679 2.478858 0.101727 -0.676789 0.037557 -0.052659 0.733330
1693731696.461242 1.504779 2.542802 0.105471 -0.677149 0.025445 -0.051456 0.733603
1693731696.527897 1.513853 2.609097 0.103223 -0.677755 0.020876 -0.051141 0.733210
1693731696.594554 1.524739 2.677129 0.092920 -0.678555 0.012276 -0.048581 0.732839
1693731696.661223 1.536161 2.748017 0.076253 -0.683754 0.004808 -0.042633 0.728450
1693731696.727881 1.548268 2.824814 0.059440 -0.693187 0.007133 -0.039364 0.719646
1693731696.794550 1.561663 2.902704 0.052793 -0.692922 0.017732 -0.040024 0.719683
1693731696.861212 1.574779 2.980646 0.055758 -0.692653 0.030392 -0.049916 0.718899
1693731696.927873 1.588760 3.053056 0.066959 -0.683338 0.041569 -0.060280 0.726421
1693731696.994545 1.605602 3.116255 0.075977 -0.678992 0.046761 -0.068717 0.729426
1693731697.061205 1.623893 3.176368 0.076114 -0.685212 0.051626 -0.072997 0.722835
1693731697.127868 1.642423 3.239208 0.069117 -0.686548 0.059377 -0.073260 0.720944
1693731697.194609 1.661146 3.305013 0.056444 -0.681565 0.065908 -0.070680 0.725348
1693731697.261267 1.681582 3.374263 0.040081 -0.682560 0.065228 -0.068127 0.724718
1693731697.327926 1.702445 3.447044 0.028211 -0.680184 0.064598 -0.065857 0.727214
1693731697.394593 1.721149 3.520573 0.026365 -0.675940 0.065595 -0.062499 0.731366
1693731697.461251 1.735420 3.591746 0.031300 -0.681537 0.056695 -0.058165 0.727262
1693731697.527915 1.744236 3.653967 0.041701 -0.678983 0.037364 -0.045170 0.731810
1693731697.594588 1.751791 3.713362 0.050139 -0.674024 0.023836 -0.035220 0.737484
1693731697.661249 1.760799 3.774062 0.050087 -0.677390 0.014971 -0.026326 0.735000
1693731697.727909 1.770810 3.837550 0.040401 -0.679609 0.002910 -0.018474 0.733336
1693731697.794581 1.780963 3.906070 0.025223 -0.678566 -0.004132 -0.012293 0.734425
1693731697.861243 1.791989 3.981112 0.010461 -0.676107 -0.002264 -0.011152 0.736715
1693731697.927906 1.802920 4.056299 0.001671 -0.677393 -0.003497 -0.015723 0.735445
1693731697.994583 1.814811 4.131971 0.002185 -0.684826 0.003996 -0.031369 0.728020
1693731698.061248 1.828978 4.200665 0.010634 -0.680455 0.005518 -0.043996 0.731447
1693731698.127911 1.842754 4.260893 0.017961 -0.680730 -0.000637 -0.041966 0.731331
1693731698.194588 1.853786 4.322711 0.018262 -0.688135 -0.001223 -0.037424 0.724615
1693731698.261252 1.862629 4.388534 0.012395 -0.690624 0.002504 -0.027197 0.722698
1693731698.327918 1.871921 4.457970 -0.001348 -0.690305 0.000320 -0.018218 0.723289
1693731698.394593 1.883294 4.532817 -0.018928 -0.696953 -0.006422 -0.009641 0.717023
1693731698.461259 1.896108 4.611869 -0.027792 -0.692792 -0.005553 -0.004540 0.721102
1693731698.527923 1.907841 4.691368 -0.024158 -0.690550 -0.000042 -0.000105 0.723284
1693731698.594586 1.915531 4.765243 -0.012927 -0.696331 -0.007318 0.006772 0.717651
1693731698.661263 1.918783 4.831587 0.000743 -0.694992 -0.018641 0.020100 0.718494
1693731698.727928 1.920939 4.897401 0.009066 -0.694922 -0.029512 0.030389 0.717837
1693731698.794602 1.924329 4.966489 0.009327 -0.694334 -0.037343 0.036652 0.717748
1693731698.861269 1.927790 5.039015 0.001356 -0.686905 -0.046745 0.042565 0.723992
1693731698.927933 1.929931 5.116865 -0.011744 -0.681789 -0.056101 0.049037 0.727745
1693731698.994613 1.932628 5.198258 -0.021530 -0.688197 -0.056646 0.048347 0.721692
1693731699.061279 1.934869 5.280308 -0.020935 -0.699205 -0.047090 0.038588 0.712324
1693731699.127935 1.938331 5.356847 -0.007827 -0.699581 -0.032937 0.031185 0.713112
1693731699.194620 1.945800 5.426412 0.006867 -0.692541 -0.024110 0.027170 0.720463
1693731699.261286 1.954113 5.492055 0.014946 -0.695770 -0.023803 0.030128 0.717238
1693731699.327949 1.961579 5.559651 0.015875 -0.698638 -0.025500 0.032454 0.714284
1693731699.394637 1.967296 5.629961 0.010846 -0.692470 -0.024156 0.036201 0.720133
1693731699.461302 1.972395 5.703916 -0.000661 -0.690758 -0.029108 0.041138 0.721328
1693731699.527967 1.977039 5.780751 -0.010477 -0.689396 -0.036293 0.047592 0.721908
1693731699.594647 1.981413 5.857415 -0.010049 -0.685846 -0.036778 0.054934 0.724738
1693731699.661312 1.984637 5.931780 -0.001491 -0.692954 -0.038809 0.058327 0.717570
1693731699.727976 1.985109 5.997505 0.012558 -0.684656 -0.053430 0.068325 0.723687
1693731699.794652 1.984048 6.055911 0.024917 -0.677035 -0.068901 0.081380 0.728185
1693731699.861316 1.984554 6.117230 0.031252 -0.679176 -0.076497 0.081189 0.725449
1693731699.927984 1.985968 6.181721 0.029924 -0.677413 -0.078688 0.077712 0.727242
1693731699.994666 1.987092 6.248088 0.019761 -0.673804 -0.082895 0.077101 0.730186
1693731700.061335 1.987587 6.318439 0.004929 -0.682954 -0.085671 0.070498 0.721987
1693731700.128000 1.986691 6.394403 -0.004161 -0.696558 -0.075164 0.056823 0.711286
1693731700.194680 1.982633 6.471366 -0.001538 -0.706287 -0.060485 0.041665 0.704105
1693731700.261344 1.978000 6.540492 0.012980 -0.699529 -0.059517 0.032957 0.711358
1693731700.328016 1.976233 6.600537 0.028835 -0.692691 -0.057759 0.031437 0.718230
1693731700.394696 1.975691 6.656242 0.036487 -0.710326 -0.057596 0.031476 0.700806
1693731700.461364 1.975434 6.713650 0.039610 -0.726109 -0.052880 0.029442 0.684910
1693731700.528032 1.973798 6.772434 0.040164 -0.726275 -0.044748 0.030178 0.685282
1693731700.594757 1.972872 6.832021 0.037080 -0.723443 -0.043463 0.027427 0.688468
1693731700.661419 1.973809 6.894451 0.035347 -0.719689 -0.030034 0.023363 0.693253
1693731700.728081 1.972511 6.958986 0.041778 -0.709323 -0.023303 0.026806 0.703988
1693731700.794752 1.965260 7.027436 0.052413 -0.709206 -0.030272 0.037953 0.703328
1693731700.861654 1.954174 7.093834 0.078428 -0.703255 -0.054082 0.054507 0.706779
1693731700.928291 1.949112 7.153924 0.097094 -0.686728 -0.057497 0.063046 0.721889
1693731700.994945 1.950142 7.208156 0.104449 -0.689392 -0.050796 0.065964 0.719588
1693731701.061588 1.952065 7.260283 0.106119 -0.698712 -0.049856 0.064878 0.710709
1693731701.128238 1.953461 7.313260 0.105629 -0.707107 -0.035069 0.061507 0.703553
1693731701.194895 1.953551 7.366639 0.100019 -0.717741 -0.024031 0.053380 0.693845
1693731701.261547 1.949566 7.422939 0.089603 -0.744172 -0.035818 0.052538 0.664955
1693731701.328204 1.943677 7.483061 0.080575 -0.774950 -0.040605 0.070671 0.626745
1693731701.394871 1.943991 7.549291 0.084013 -0.784879 -0.023760 0.081804 0.613766
1693731701.461528 1.952445 7.619044 0.097606 -0.778790 0.002115 0.051588 0.625156
1693731701.528188 1.964697 7.685665 0.114749 -0.770338 0.003351 0.016313 0.637418
1693731701.594851 1.981551 7.747686 0.131845 -0.754048 0.008477 -0.007959 0.656717
1693731701.661509 1.998181 7.800887 0.143152 -0.779231 0.012365 -0.001833 0.626612
1693731701.728172 2.012184 7.850878 0.156398 -0.798797 0.011358 0.020850 0.601132
1693731701.804842 2.031737 7.910763 0.174997 -0.798958 0.022308 0.021272 0.600597
1693731701.871558 2.051395 7.965059 0.191547 -0.795359 0.041760 0.033245 0.603783
1693731701.938217 2.075236 8.021646 0.207582 -0.787776 0.049611 0.027440 0.613347
1693731702.010148 2.103144 8.086279 0.222671 -0.786562 0.050198 0.006053 0.615437
1693731702.076780 2.130318 8.150610 0.238790 -0.785972 0.054447 -0.002620 0.615854
1693731702.143417 2.154098 8.217223 0.256870 -0.794615 0.061086 0.023315 0.603582
1693731702.210297 2.176859 8.282968 0.276657 -0.811014 0.053265 0.030122 0.581818
1693731702.276914 2.198991 8.346602 0.301459 -0.823288 0.043557 0.026119 0.565347
1693731702.343542 2.217069 8.409831 0.329119 -0.832831 0.040882 0.029722 0.551214
1693731702.410174 2.231881 8.468557 0.357449 -0.834179 0.045082 0.029936 0.548833
1693731702.476804 2.242304 8.526066 0.382727 -0.834597 0.045617 0.034251 0.547900
1693731702.543438 2.249411 8.583497 0.404545 -0.838839 0.052742 0.048805 0.539615
1693731702.610078 2.255922 8.641353 0.424640 -0.840549 0.049653 0.062761 0.535791
1693731702.676716 2.265358 8.700964 0.446395 -0.837192 0.051260 0.070678 0.539895
1693731702.743360 2.278993 8.759805 0.468665 -0.836662 0.058020 0.063533 0.540919
1693731702.810021 2.294426 8.814833 0.495782 -0.833983 0.079307 0.055508 0.543233
1693731702.876668 2.307064 8.868304 0.526641 -0.831874 0.084220 0.038223 0.547204
1693731702.943317 2.318885 8.920698 0.561244 -0.827937 0.090950 0.027790 0.552699
1693731703.009969 2.326187 8.973085 0.596214 -0.816814 0.091189 0.042048 0.568094
1693731703.076631 2.333016 9.019520 0.623194 -0.816658 0.102113 0.046967 0.566071
1693731703.143285 2.339633 9.065331 0.643376 -0.826807 0.105070 0.031720 0.551674
1693731703.209950 2.345239 9.111618 0.662314 -0.833029 0.113838 0.023276 0.540889
1693731703.276606 2.348571 9.159436 0.682716 -0.830982 0.121914 0.017178 0.542504
1693731703.343263 2.348159 9.208585 0.706380 -0.825128 0.128690 0.024676 0.549540
1693731703.409933 2.344527 9.256927 0.732754 -0.821068 0.132021 0.036529 0.554151
1693731703.476590 2.336900 9.305000 0.763642 -0.810387 0.135168 0.048322 0.568039
1693731703.543247 2.324435 9.349736 0.795221 -0.799895 0.135567 0.062996 0.581224
1693731703.609919 2.307005 9.391439 0.821610 -0.803299 0.136587 0.078498 0.574363
1693731703.676582 2.286951 9.429729 0.844766 -0.807228 0.140977 0.087583 0.566425
1693731703.743242 2.263898 9.464053 0.867403 -0.806011 0.135585 0.087130 0.569536
1693731703.809917 2.235536 9.491782 0.887589 -0.804880 0.119170 0.102337 0.572270
1693731703.876580 2.202368 9.513831 0.904956 -0.806478 0.101041 0.125655 0.568854
1693731703.943246 2.166537 9.529698 0.917897 -0.815602 0.085278 0.142158 0.554358
1693731704.009919 2.128982 9.539506 0.929546 -0.822600 0.068317 0.153817 0.543141
1693731704.076586 2.089318 9.543314 0.943082 -0.821495 0.046924 0.167703 0.542973
1693731704.143247 2.048403 9.540398 0.956770 -0.819400 0.024929 0.181867 0.543035
1693731704.209927 2.005553 9.530287 0.967912 -0.822507 0.000924 0.199327 0.532682
1693731704.276593 1.961892 9.512515 0.976698 -0.828886 -0.030831 0.213912 0.515983
1693731704.343259 1.919990 9.489837 0.984297 -0.830134 -0.062997 0.231068 0.503503
1693731704.409934 1.880988 9.464911 0.991818 0.825459 0.088057 -0.248073 -0.499322
1693731704.476842 1.843027 9.434988 0.997680 0.817361 0.114939 -0.269784 -0.495909
1693731704.543481 1.806363 9.400226 0.999575 0.812667 0.146977 -0.289720 -0.483769
1693731704.610137 1.772115 9.361135 0.998994 0.806382 0.178562 -0.303451 -0.475164
1693731704.676790 1.740024 9.318614 0.996953 0.795965 0.209733 -0.321574 -0.468020
1693731704.743438 1.711869 9.273406 0.993149 0.786167 0.237815 -0.338046 -0.459467
1693731704.810098 1.686572 9.225350 0.987154 0.778343 0.263640 -0.355202 -0.445542
1693731704.876760 1.664393 9.175258 0.980446 0.771288 0.284936 -0.370475 -0.432058
1693731704.943408 1.646617 9.121547 0.975607 0.761971 0.303798 -0.388529 -0.419706
1693731705.010072 1.632279 9.064585 0.972706 0.749482 0.322568 -0.407995 -0.409592
1693731705.076727 1.618441 9.004181 0.970343 0.737293 0.342648 -0.425408 -0.397518
1693731705.143388 1.604143 8.940174 0.967425 0.724795 0.365829 -0.438425 -0.385519
1693731705.210056 1.591126 8.874068 0.964795 0.710009 0.390198 -0.452772 -0.372331
1693731705.276724 1.578218 8.806060 0.959929 0.693921 0.417119 -0.465474 -0.357519
1693731705.343380 1.566773 8.736055 0.952277 0.674179 0.446570 -0.480335 -0.339612
1693731705.410290 1.559736 8.665371 0.940283 0.651740 0.479582 -0.495462 -0.315837
1693731705.476927 1.556775 8.597056 0.924638 0.624803 0.515813 -0.506913 -0.294274
1693731705.543567 1.557758 8.532405 0.906681 0.593580 0.551481 -0.516081 -0.277834
1693731705.610229 1.563245 8.473061 0.886080 0.562370 0.583724 -0.525720 -0.258117
1693731705.676873 1.571000 8.416324 0.861717 0.530132 0.617297 -0.531962 -0.234351
1693731705.743519 1.582811 8.362653 0.833766 0.496067 0.652475 -0.533227 -0.209435
1693731705.810178 1.596503 8.313448 0.804574 0.454112 0.687260 -0.534757 -0.188390
1693731705.876823 1.609666 8.267609 0.772071 0.413853 0.720715 -0.532362 -0.160892
1693731705.943480 1.620674 8.224467 0.736715 0.372621 0.754478 -0.524264 -0.130630
1693731706.010148 1.627422 8.184364 0.699585 0.338585 0.781679 -0.513639 -0.102532
1693731706.076802 1.630097 8.148738 0.660558 0.309254 0.802751 -0.503207 -0.082070
1693731706.143462 1.630469 8.120297 0.616233 0.287754 0.823168 -0.485666 -0.060988
1693731706.210124 1.626896 8.099203 0.568524 0.274328 0.842135 -0.462886 -0.035904
1693731706.276780 1.618118 8.085388 0.519047 0.266571 0.858019 -0.438851 -0.012336
1693731706.343440 1.605739 8.077646 0.469244 0.267765 0.872752 -0.407843 0.016441
1693731706.410109 1.591521 8.074873 0.420332 0.267958 0.885038 -0.377749 0.047040
1693731706.476770 1.575656 8.078070 0.372001 0.282138 0.894082 -0.337800 0.083109
1693731706.543430 1.553113 8.088138 0.326125 0.302766 0.898125 -0.302345 0.101450
1693731706.610102 1.521355 8.104544 0.285918 0.338222 0.893608 -0.273303 0.111247
1693731706.676763 1.480301 8.126124 0.253362 0.390825 0.877019 -0.254943 0.114444
1693731706.743428 1.431749 8.152927 0.229790 0.446342 0.855147 -0.244235 0.099253
1693731706.810097 1.377896 8.183896 0.219509 0.492472 0.831676 -0.246336 0.071444
1693731706.876761 1.321508 8.213930 0.226068 0.527378 0.808380 -0.258817 0.037532
1693731706.943425 1.266880 8.238310 0.252522 0.549473 0.783524 -0.290112 0.001836
1693731707.010098 1.220609 8.253232 0.294838 0.554503 0.761526 -0.334557 -0.026013
1693731707.143446 1.163454 8.252923 0.405195 0.519496 0.728357 -0.443246 -0.056151
1693731707.210119 1.153252 8.239467 0.464056 0.484008 0.717072 -0.497586 -0.062874
1693731707.276782 1.154551 8.220071 0.519245 0.446490 0.708360 -0.543675 -0.057361
1693731707.343452 1.164963 8.192503 0.570661 0.402858 0.700833 -0.587119 -0.042782
1693731707.476789 1.206742 8.121298 0.654484 0.313866 0.695345 -0.646446 0.009588
1693731707.543455 1.234742 8.081292 0.685910 0.265724 0.701647 -0.660132 0.036160
1693731707.610129 1.264413 8.041031 0.714732 0.224124 0.705704 -0.669367 0.060809
1693731707.676794 1.296010 8.002094 0.742164 0.189417 0.704032 -0.678415 0.090632
1693731707.743459 1.331067 7.963123 0.764032 0.155402 0.705739 -0.681255 0.116939
1693731707.810127 1.369289 7.925803 0.778783 0.124697 0.713408 -0.675754 0.137320
1693731707.876801 1.409187 7.889294 0.786455 0.099422 0.727076 -0.663173 0.147235
1693731707.943469 1.448802 7.853478 0.786767 0.076771 0.743800 -0.647929 0.145109
1693731708.010147 1.488574 7.818832 0.782610 0.057883 0.759468 -0.631074 0.146983
1693731708.076812 1.528876 7.784608 0.772813 0.034572 0.773229 -0.615311 0.149379
1693731708.143477 1.568931 7.750855 0.758112 0.015228 0.786913 -0.597786 0.152276
1693731708.210155 1.610436 7.718769 0.740170 -0.004103 0.798185 -0.580257 0.161818
1693731708.276819 1.654790 7.687004 0.717749 -0.028967 0.805836 -0.563155 0.180681
1693731708.343478 1.696877 7.655381 0.688707 -0.046502 0.814893 -0.544314 0.193675
1693731708.410165 1.737434 7.622127 0.654041 -0.065961 0.827948 -0.520326 0.198526
1693731708.476831 1.774430 7.588534 0.617081 -0.076837 0.836504 -0.503225 0.202787
1693731708.543498 1.806554 7.557606 0.578251 -0.088774 0.845072 -0.482011 0.213630
1693731708.610172 1.830292 7.529907 0.537824 -0.102603 0.855769 -0.459548 0.214356
1693731708.676842 1.844207 7.503152 0.498336 -0.110630 0.866012 -0.441585 0.206851
1693731708.743503 1.849795 7.475836 0.461528 -0.107971 0.875730 -0.425733 0.200478
1693731708.810177 1.850301 7.448170 0.427844 -0.114476 0.883576 -0.410237 0.194666
1693731708.876844 1.848474 7.417482 0.397977 -0.127528 0.884186 -0.406198 0.192238
1693731708.943512 1.843696 7.383950 0.367820 -0.148580 0.882276 -0.404692 0.189043
1693731709.010178 1.836060 7.344911 0.338371 -0.158086 0.879828 -0.408141 0.185291
1693731709.076849 1.827133 7.301549 0.307144 -0.157669 0.876735 -0.411192 0.193386
1693731709.143518 1.818173 7.255399 0.273755 -0.157561 0.875148 -0.412189 0.198472
1693731709.210196 1.809785 7.205689 0.240906 -0.161301 0.873649 -0.416948 0.192028
1693731709.276864 1.802874 7.155701 0.212103 -0.157632 0.880314 -0.407723 0.184284
1693731709.343531 1.799958 7.106756 0.187137 -0.150652 0.891110 -0.384840 0.187416
1693731709.410209 1.798019 7.057680 0.162746 -0.134036 0.907390 -0.352073 0.186338
1693731709.476867 1.794681 7.005310 0.139289 -0.127803 0.919912 -0.333032 0.162844
1693731709.543537 1.794616 6.948056 0.118558 -0.124274 0.923818 -0.327801 0.153830
1693731709.610211 1.799941 6.885012 0.102912 -0.120632 0.920337 -0.334463 0.162980
1693731709.676879 1.806780 6.814556 0.089522 -0.120980 0.906742 -0.366027 0.170898
1693731709.743548 1.812807 6.742237 0.078013 -0.115252 0.892579 -0.400602 0.171866
1693731709.810227 1.819001 6.672897 0.070047 -0.107390 0.886448 -0.413474 0.178093
1693731709.876898 1.823969 6.603379 0.071070 -0.111192 0.876469 -0.438047 0.165989
1693731709.943602 1.828601 6.535501 0.077525 -0.118090 0.865109 -0.458099 0.166696
1693731710.010273 1.832102 6.467038 0.080265 -0.108557 0.871586 -0.445614 0.173154
1693731710.076939 1.837685 6.395852 0.081098 -0.107499 0.869699 -0.445499 0.183297
1693731710.143604 1.846610 6.319671 0.077358 -0.107904 0.863122 -0.452107 0.197427
1693731710.210280 1.857811 6.238797 0.069419 -0.117800 0.852728 -0.464611 0.207641
1693731710.276943 1.872047 6.155867 0.061324 -0.127467 0.840734 -0.481388 0.212568
1693731710.343611 1.889324 6.075686 0.058234 -0.141396 0.829860 -0.491884 0.222238
1693731710.410282 1.908821 5.999515 0.058777 -0.158717 0.823799 -0.490295 0.236166
1693731710.476948 1.926334 5.927021 0.062164 -0.167060 0.826734 -0.488485 0.223570
1693731710.543615 1.945201 5.861436 0.068476 -0.187801 0.819026 -0.492199 0.227307
1693731710.610292 1.964905 5.798111 0.071745 -0.213380 0.805775 -0.496566 0.242110
1693731710.676948 1.985359 5.731376 0.069821 -0.225845 0.793471 -0.504806 0.254103
1693731710.743616 2.007432 5.661018 0.061447 -0.224891 0.791516 -0.506873 0.256917
1693731710.810289 2.030345 5.591783 0.052261 -0.235079 0.788756 -0.509840 0.250328
1693731710.876957 2.055493 5.526541 0.044755 -0.250651 0.792694 -0.489469 0.263118
1693731710.943623 2.080295 5.458384 0.043829 -0.261170 0.797403 -0.481111 0.253913
1693731711.010305 2.103299 5.391132 0.048487 -0.268944 0.798326 -0.479185 0.246429
1693731711.076970 2.125074 5.325620 0.054628 -0.262094 0.803002 -0.475412 0.245922
1693731711.143639 2.149177 5.263084 0.057409 -0.269079 0.801210 -0.472359 0.250072
1693731711.210316 2.177969 5.201564 0.054020 -0.283472 0.798636 -0.465423 0.255354
1693731711.276983 2.210249 5.138060 0.046145 -0.305812 0.792003 -0.463122 0.254417
1693731711.343684 2.245006 5.071866 0.038764 -0.327701 0.782851 -0.464151 0.253614
1693731711.410360 2.282412 5.004343 0.036179 -0.342096 0.772051 -0.465970 0.264158
1693731711.543834 2.360384 4.875366 0.050017 -0.379836 0.747966 -0.461446 0.288685
1693731711.610494 2.404291 4.816113 0.064679 -0.403717 0.733292 -0.453869 0.305449
1693731711.677147 2.452740 4.758078 0.081180 -0.413027 0.728086 -0.451698 0.308655
1693731711.743802 2.504176 4.706895 0.098814 -0.426212 0.714051 -0.452058 0.322674
1693731711.810465 2.558356 4.660251 0.113412 -0.443312 0.698533 -0.444924 0.342884
1693731711.877120 2.616526 4.614513 0.125083 -0.453016 0.683470 -0.442737 0.362808
1693731711.943777 2.678630 4.569045 0.133016 -0.465422 0.671060 -0.438643 0.375038
1693731712.010443 2.741863 4.521503 0.140890 -0.473017 0.666685 -0.434446 0.378210
1693731712.077095 2.804665 4.473346 0.153226 -0.480694 0.658832 -0.437089 0.379245
1693731712.143759 2.868366 4.427801 0.168551 -0.488390 0.654685 -0.430967 0.383577
1693731712.210431 2.931623 4.382024 0.185582 -0.492541 0.649904 -0.433793 0.383212
1693731712.277093 2.993673 4.337638 0.200455 -0.498583 0.642210 -0.441821 0.379176
1693731712.343769 3.054535 4.295768 0.211396 -0.502306 0.639405 -0.435818 0.385892
1693731712.410438 3.114936 4.257037 0.218708 -0.510704 0.631244 -0.425140 0.399960
1693731712.477098 3.175478 4.216814 0.222881 -0.516940 0.624722 -0.418136 0.409460
1693731712.543774 3.236631 4.175220 0.225607 -0.525642 0.615399 -0.417676 0.412955
1693731712.610450 3.296360 4.133025 0.229733 -0.532795 0.604942 -0.416296 0.420563
1693731712.677110 3.355856 4.091653 0.235752 -0.542223 0.596484 -0.407760 0.428873
1693731712.743770 3.417874 4.051415 0.245878 -0.550670 0.588697 -0.395463 0.440236
1693731712.810437 3.482486 4.013823 0.259342 -0.557941 0.575309 -0.396816 0.447502
1693731712.877099 3.548836 3.981827 0.271298 -0.559270 0.572249 -0.391043 0.454789
1693731712.943776 3.613605 3.955403 0.280264 -0.566399 0.566479 -0.384765 0.458530
1693731713.010449 3.678192 3.932404 0.289126 0.574307 -0.554846 0.377460 -0.468872
1693731713.077112 3.744735 3.909746 0.297359 0.576441 -0.542014 0.379146 -0.479776
1693731713.143775 3.813107 3.888206 0.304092 0.581775 -0.525317 0.385028 -0.487169
1693731713.210447 3.880763 3.867155 0.311525 0.585572 -0.511513 0.392383 -0.491422
1693731713.277114 3.946070 3.848399 0.320384 -0.586814 0.499652 -0.382535 0.509573
1693731713.343778 4.010874 3.833164 0.327989 -0.604563 0.488833 -0.365161 0.512058
1693731713.410442 4.074177 3.814925 0.339079 -0.608928 0.482668 -0.364698 0.513063
1693731713.477117 4.135774 3.797506 0.348311 -0.612928 0.477328 -0.354470 0.520412
1693731713.543782 4.196832 3.780530 0.352724 -0.616066 0.479558 -0.338555 0.525230
1693731713.610498 4.255456 3.766663 0.355798 -0.622670 0.469175 -0.326361 0.534457
1693731713.677162 4.311047 3.755721 0.357751 -0.628071 0.455561 -0.306085 0.551637
1693731713.743834 4.364024 3.745227 0.358008 -0.637539 0.434534 -0.289432 0.566528
1693731713.877277 4.463340 3.723066 0.357113 -0.668264 0.389081 -0.262679 0.577095
1693731713.943928 4.513363 3.711450 0.359068 -0.686563 0.372015 -0.251068 0.572014
1693731714.010590 4.562693 3.703613 0.366935 -0.698559 0.339926 -0.250301 0.577768
1693731714.077245 4.610324 3.701115 0.373432 -0.698028 0.325966 -0.235545 0.592471
1693731714.143898 4.653484 3.703578 0.373478 -0.704469 0.313457 -0.217964 0.598297
1693731714.210553 4.691773 3.710046 0.368751 -0.712269 0.297724 -0.198129 0.603969
1693731714.277221 4.724156 3.719780 0.360733 -0.721543 0.273204 -0.176437 0.611233
1693731714.343880 4.753359 3.729506 0.350381 -0.732552 0.243517 -0.156069 0.616206
1693731714.410547 4.779821 3.739145 0.342190 -0.741864 0.206051 -0.135762 0.623499
1693731714.477207 4.805368 3.750803 0.338519 -0.745701 0.177744 -0.102716 0.633867
1693731714.543883 4.828996 3.765713 0.337422 -0.755093 0.146912 -0.071836 0.634895
1693731714.605552 4.849448 3.780953 0.338665 -0.760553 0.113338 -0.045134 0.637712
1693731714.672214 4.870665 3.799765 0.340011 -0.765733 0.081817 -0.013715 0.637786
1693731714.738875 4.891292 3.821753 0.340142 -0.768538 0.059808 0.012859 0.636873
1693731714.800546 4.908218 3.844149 0.339170 -0.769834 0.041921 0.036681 0.635808
1693731714.867209 4.923357 3.869552 0.337518 -0.769403 0.025296 0.068161 0.634612
1693731714.933869 4.934491 3.893699 0.335483 -0.769526 0.001261 0.099615 0.630797
1693731714.995548 4.942530 3.914813 0.334122 -0.768912 -0.026943 0.127387 0.625956
1693731715.062211 4.951388 3.937207 0.334223 -0.767875 -0.055429 0.153805 0.619387
1693731715.128877 4.959755 3.958545 0.336489 -0.764411 -0.085581 0.172963 0.615171
1693731715.195551 4.965035 3.979660 0.339976 -0.762249 -0.118579 0.199225 0.604338
1693731715.262231 4.968396 4.002402 0.344535 -0.762269 -0.147749 0.217829 0.591326
1693731715.328894 4.969273 4.025417 0.350414 -0.759446 -0.179937 0.226854 0.582582
1693731715.395568 4.967011 4.047306 0.357397 -0.752196 -0.204500 0.249078 0.574753
1693731715.462231 4.960873 4.069265 0.361750 -0.746291 -0.225170 0.271634 0.564414
1693731715.528897 4.951588 4.093337 0.362465 -0.741950 -0.247460 0.287868 0.552635
1693731715.595574 4.938534 4.119384 0.359421 -0.738309 -0.269239 0.302933 0.539112
1693731715.662230 4.922417 4.146295 0.352929 -0.734996 -0.295704 0.312274 0.524238
1693731715.728907 4.904477 4.174490 0.345226 -0.729759 -0.322259 0.320739 0.510614
1693731715.795587 4.883949 4.203916 0.340228 -0.721030 -0.341709 0.332855 0.502551
1693731715.862269 4.859749 4.233018 0.337461 0.707266 0.357105 -0.358917 -0.493385
1693731715.928931 4.834402 4.262239 0.329693 0.703863 0.379561 -0.372231 -0.471120
1693731716.000603 4.808007 4.294922 0.320667 0.701178 0.407303 -0.368519 -0.454585
1693731716.067268 4.779866 4.322675 0.310277 0.695746 0.430528 -0.379868 -0.431606
1693731716.133929 4.749609 4.350421 0.294885 0.693518 0.459565 -0.377927 -0.406207
1693731716.205602 4.714297 4.382612 0.279334 0.687452 0.483466 -0.376051 -0.390201
1693731716.272268 4.679486 4.411950 0.266382 0.677299 0.501793 -0.388926 -0.371762
1693731716.338922 4.641315 4.441669 0.252930 0.661816 0.524261 -0.400218 -0.356337
1693731716.410601 4.597821 4.474163 0.240140 0.640059 0.553788 -0.405703 -0.345035
1693731716.477266 4.553845 4.504647 0.233035 0.618751 0.576526 -0.414837 -0.335671
1693731716.543940 4.508826 4.532236 0.233225 0.597403 0.592220 -0.434489 -0.321877
1693731716.610615 4.460898 4.553093 0.237313 0.583176 0.606634 -0.454732 -0.291752
1693731716.677280 4.412593 4.569440 0.242586 0.547816 0.638362 -0.459604 -0.284879
1693731716.743945 4.360995 4.580139 0.247255 0.530647 0.654039 -0.470585 -0.263052
1693731716.810617 4.307588 4.583848 0.249951 0.509499 0.671179 -0.480358 -0.243279
1693731716.877325 4.251604 4.582597 0.250607 0.492006 0.681899 -0.492437 -0.224611
1693731716.943984 4.194230 4.576488 0.247609 0.472136 0.693195 -0.503589 -0.207281
1693731717.010655 4.134755 4.567152 0.241444 0.451027 0.705371 -0.511909 -0.192292
1693731717.077319 4.073108 4.557467 0.235040 0.433189 0.717594 -0.512016 -0.187738
1693731717.143985 4.012202 4.546458 0.231988 0.420301 0.724514 -0.516164 -0.178891
1693731717.210654 3.951161 4.531277 0.230753 0.418360 0.731213 -0.517274 -0.150765
1693731717.277349 3.890696 4.515614 0.231102 0.400450 0.745676 -0.511671 -0.147646
1693731717.410834 3.770944 4.480238 0.229829 0.375390 0.762358 -0.512153 -0.124869
1693731717.477515 3.708518 4.458596 0.225151 0.362195 0.769457 -0.512110 -0.120392
1693731717.544167 3.643297 4.435187 0.217669 0.355183 0.771383 -0.516684 -0.108862
1693731717.610821 3.576309 4.411375 0.206555 0.348217 0.774206 -0.519486 -0.097388
1693731717.677530 3.508317 4.388330 0.194257 0.332139 0.782996 -0.518111 -0.090342
1693731717.744178 3.438018 4.364813 0.186827 0.324754 0.784481 -0.522408 -0.078829
1693731717.810837 3.367876 4.338996 0.184269 0.309121 0.789274 -0.525118 -0.075773
1693731717.877486 3.298729 4.308702 0.183405 0.296979 0.797268 -0.520892 -0.069569
1693731717.944139 3.232868 4.272019 0.184419 0.285867 0.799372 -0.524655 -0.063420
1693731718.010804 3.174385 4.229392 0.183165 0.272244 0.805191 -0.524894 -0.045131
1693731718.077495 3.120648 4.184485 0.179557 0.252203 0.812690 -0.524101 -0.035311
1693731718.144148 3.069138 4.137801 0.174664 0.232827 0.817715 -0.526076 -0.019437
1693731718.210814 3.016868 4.089104 0.167941 0.214669 0.820692 -0.529468 -0.006654
1693731718.277468 2.961229 4.041356 0.159865 0.208392 0.822670 -0.528919 -0.005655
1693731718.344131 2.905727 3.994530 0.154220 0.200021 0.825445 -0.527837 -0.004409
1693731718.410798 2.850701 3.947424 0.151347 0.213000 0.825190 -0.522969 0.014025
1693731718.477457 2.796306 3.900867 0.148440 0.208797 0.832199 -0.513566 0.009902
1693731718.610819 2.694559 3.805776 0.144028 0.202391 0.838706 -0.505032 0.023500
1693731718.677478 2.649544 3.753028 0.138110 0.186842 0.843696 -0.502044 0.034909
1693731718.744134 2.604970 3.697194 0.130209 0.174940 0.846200 -0.501212 0.046126
1693731718.810811 2.560056 3.639729 0.120799 0.153823 0.848940 -0.502826 0.052965
1693731718.877487 2.514324 3.581486 0.114059 0.140946 0.849585 -0.504375 0.062810
1693731718.944152 2.470398 3.523273 0.112387 0.129423 0.849394 -0.506192 0.074486
1693731719.010823 2.429448 3.465624 0.114612 0.127955 0.854979 -0.495883 0.082085
1693731719.077480 2.392418 3.407821 0.120783 0.100008 0.857004 -0.500997 0.067404
1693731719.144142 2.360710 3.349174 0.125084 0.096439 0.857222 -0.501333 0.067336
1693731719.210850 2.335140 3.289984 0.126427 0.084888 0.856789 -0.504110 0.067675
1693731719.277509 2.313500 3.229538 0.124202 0.073465 0.856035 -0.506589 0.071933
1693731719.344170 2.294800 3.166208 0.119209 0.059275 0.855012 -0.509055 0.079395
1693731719.410842 2.277217 3.100810 0.112793 0.041675 0.854883 -0.510656 0.081663
1693731719.477500 2.258253 3.036490 0.108971 0.031125 0.852530 -0.515936 0.077673
1693731719.544165 2.239784 2.974036 0.107071 0.025920 0.855339 -0.510036 0.087101
1693731719.610838 2.218882 2.912065 0.109308 0.028469 0.863185 -0.497224 0.082888
1693731719.677501 2.197930 2.850991 0.119063 0.024009 0.858993 -0.506284 0.072328
1693731719.744164 2.179560 2.791294 0.130647 0.024006 0.850949 -0.518586 0.079866
1693731719.810838 2.164480 2.730139 0.139184 0.028038 0.842607 -0.529751 0.092687
1693731719.877500 2.151930 2.667064 0.142074 0.030219 0.836120 -0.537864 0.103410
1693731719.944168 2.138783 2.600267 0.140012 0.032350 0.831089 -0.544042 0.110740
1693731720.010839 2.126718 2.531055 0.136431 0.022630 0.826995 -0.549997 0.114327
1693731720.077503 2.113727 2.459014 0.133866 0.017272 0.825230 -0.552518 0.115852
1693731720.144170 2.101481 2.388142 0.136676 0.012934 0.819411 -0.559984 0.121723
1693731720.210847 2.091846 2.316279 0.139976 0.009922 0.825548 -0.550491 0.123822
1693731720.277511 2.085608 2.242308 0.148144 0.006789 0.817152 -0.564802 0.114956
1693731720.344182 2.084168 2.171031 0.152995 0.013501 0.812722 -0.571515 0.112571
1693731720.410856 2.085912 2.100951 0.153980 0.024269 0.811347 -0.572535 0.115458
1693731720.477522 2.090400 2.032127 0.152314 0.033465 0.806193 -0.579022 0.116901
1693731720.544187 2.097461 1.962535 0.145812 0.041424 0.805590 -0.578688 0.120126
1693731720.610864 2.105303 1.890845 0.138220 0.053553 0.805364 -0.578606 0.117198
1693731720.677529 2.114927 1.820927 0.133082 0.071518 0.805753 -0.577694 0.109167
1693731720.744198 2.125513 1.751617 0.133533 0.092817 0.803365 -0.577709 0.110643
1693731720.810873 2.135331 1.684670 0.137605 0.117820 0.804815 -0.572026 0.105725
1693731720.877539 2.144516 1.621501 0.146138 0.144797 0.800281 -0.571761 0.108045
1693731720.944208 2.152459 1.561813 0.152885 0.162604 0.798034 -0.568621 0.115635
1693731721.010882 2.156893 1.500398 0.157187 0.175456 0.794873 -0.568992 0.116789
1693731721.077545 2.158030 1.436964 0.157858 0.187636 0.788138 -0.575222 0.112918
1693731721.144212 2.157493 1.371143 0.153105 0.196526 0.782837 -0.580332 0.108438
1693731721.277552 2.149480 1.236433 0.138822 0.210961 0.781199 -0.578171 0.104607
1693731721.344218 2.144410 1.168121 0.137248 0.220024 0.779317 -0.577949 0.101138
1693731721.477560 2.129068 1.040481 0.137219 0.240413 0.781198 -0.572855 0.061380
1693731721.544230 2.121733 0.982526 0.139636 0.250287 0.781039 -0.570190 0.047083
1693731721.610904 2.118578 0.925404 0.140868 0.257247 0.780670 -0.568191 0.039213
1693731721.677573 2.117847 0.866997 0.140123 0.261083 0.779715 -0.568382 0.028670
1693731721.744240 2.114856 0.807906 0.136572 0.269533 0.775482 -0.570681 0.017390
1693731721.810916 2.107745 0.751625 0.135735 0.288344 0.766030 -0.574505 -0.000157
1693731721.877581 2.102598 0.698517 0.139047 0.301552 0.759345 -0.576490 -0.011036
1693731721.944249 2.098040 0.648242 0.140972 0.316045 0.761716 -0.565134 -0.022971
1693731722.010915 2.093153 0.598694 0.146563 0.322590 0.759746 -0.563405 -0.035996
1693731722.077563 2.090992 0.549036 0.152196 0.323671 0.754723 -0.568577 -0.048489
1693731722.144240 2.085110 0.497187 0.151236 0.315189 0.756193 -0.568925 -0.071779
1693731722.210915 2.070891 0.445335 0.143623 0.307793 0.752010 -0.573453 -0.104381
1693731722.277583 2.049134 0.390339 0.128463 0.308512 0.746736 -0.573325 -0.136033
1693731722.344252 2.020673 0.337289 0.106305 0.301242 0.749266 -0.563444 -0.174311
1693731722.410925 1.987307 0.285991 0.086892 0.291852 0.746829 -0.557224 -0.215801
1693731722.477592 1.952593 0.235809 0.076288 0.298670 0.730223 -0.559039 -0.255041
1693731722.544259 1.923730 0.189124 0.072777 0.321728 0.712025 -0.555650 -0.284190
1693731722.610931 1.905936 0.140515 0.073176 0.331412 0.705270 -0.554485 -0.292074
1693731722.677590 1.898094 0.093186 0.073637 0.347500 0.704766 -0.547978 -0.286825
1693731722.744252 1.897449 0.052184 0.077091 0.354621 0.696584 -0.555820 -0.282982
1693731722.810922 1.907622 0.013004 0.083657 0.357031 0.692088 -0.568417 -0.265416
1693731722.877591 1.925456 -0.023398 0.089791 0.366278 0.682803 -0.585588 -0.238133
1693731722.944261 1.944645 -0.055183 0.093773 0.377351 0.677490 -0.595671 -0.209259
1693731723.010940 1.958062 -0.081920 0.096412 0.371920 0.681430 -0.592273 -0.215735
1693731723.077608 1.967137 -0.103901 0.096583 0.377380 0.681096 -0.581343 -0.236077
1693731723.144279 1.976428 -0.123686 0.095732 0.380399 0.683863 -0.566675 -0.257893
1693731723.210948 1.987645 -0.146084 0.099140 0.374040 0.685124 -0.567140 -0.262777
1693731723.277620 1.992150 -0.167097 0.107575 0.364179 0.675018 -0.581052 -0.272218
1693731723.344290 1.996125 -0.184676 0.111884 0.376506 0.667033 -0.578584 -0.280269
1693731723.410967 1.997981 -0.195390 0.106993 0.417797 0.662259 -0.560109 -0.270436
1693731723.477635 2.001730 -0.204868 0.105955 0.406790 0.669064 -0.554195 -0.282389
1693731723.544304 2.004339 -0.215043 0.110753 0.401185 0.662562 -0.562447 -0.289336
1693731723.610981 2.006645 -0.224022 0.109106 0.386109 0.676176 -0.548570 -0.304593
1693731723.677651 2.011729 -0.235162 0.110267 0.370903 0.681146 -0.555112 -0.300536
1693731723.744321 2.016725 -0.245756 0.116396 0.353713 0.675272 -0.572609 -0.301684
1693731723.810992 2.018358 -0.251716 0.119985 0.347858 0.673695 -0.577573 -0.302555
1693731723.877659 2.019700 -0.253513 0.122404 0.349624 0.669952 -0.578424 -0.307168
1693731723.944329 2.020695 -0.252440 0.123950 0.347689 0.671543 -0.575269 -0.311781
1693731724.011001 2.021397 -0.248832 0.125594 0.351428 0.668599 -0.573594 -0.316960
1693731724.077783 2.022639 -0.245406 0.126090 0.354740 0.668203 -0.570529 -0.319627
1693731724.144441 2.024705 -0.244033 0.128200 0.349980 0.669570 -0.570975 -0.321213
1693731724.211181 2.026238 -0.242733 0.132797 0.346317 0.665402 -0.576257 -0.324396
1693731724.277955 2.026947 -0.240620 0.137471 0.342030 0.661626 -0.580775 -0.328584
1693731724.344598 2.025817 -0.236686 0.138938 0.333967 0.669635 -0.571614 -0.336619
1693731724.411334 2.014389 -0.226984 0.141502 0.320913 0.680184 -0.558866 -0.349332
1693731724.478094 1.999234 -0.216746 0.147614 0.322941 0.679162 -0.553974 -0.357157
1693731724.544725 1.983377 -0.206869 0.152116 0.327335 0.682506 -0.543756 -0.362447
1693731724.611467 1.967896 -0.196497 0.157378 0.328233 0.682341 -0.540251 -0.367155
1693731724.678097 1.953530 -0.185110 0.163057 0.321471 0.684293 -0.537304 -0.373769
1693731724.811379 1.925355 -0.161584 0.175538 0.328238 0.679603 -0.534843 -0.379925
1693731724.878018 1.912477 -0.149936 0.181515 0.335538 0.676697 -0.530642 -0.384598
1693731724.944766 1.899857 -0.138791 0.188106 0.342231 0.670564 -0.530661 -0.389385
1693731725.011408 1.887935 -0.127801 0.194207 0.349285 0.663315 -0.530967 -0.395079
1693731725.078043 1.877352 -0.117215 0.199162 0.354666 0.659190 -0.528659 -0.400251
1693731725.144683 1.868426 -0.109237 0.203711 0.358218 0.658556 -0.524624 -0.403427
1693731725.211331 1.860908 -0.104595 0.209113 0.362701 0.654449 -0.523852 -0.407092
1693731725.277974 1.853350 -0.102033 0.215805 0.368228 0.648630 -0.523055 -0.412432
1693731725.344713 1.845896 -0.100806 0.224112 0.373013 0.640910 -0.523821 -0.419174
1693731725.411366 1.839001 -0.098674 0.234182 0.378502 0.630420 -0.526485 -0.426755
1693731725.478009 1.832554 -0.093541 0.244467 0.387821 0.617288 -0.526313 -0.437658
1693731725.544652 1.826529 -0.084971 0.254001 0.398880 0.602659 -0.523730 -0.451004
1693731725.677962 1.816856 -0.056420 0.270166 0.423852 0.575439 -0.505402 -0.483517
1693731725.744726 1.814576 -0.034501 0.277676 -0.440398 -0.556717 0.491544 0.504481
1693731725.806377 1.815294 -0.009608 0.285176 -0.457750 -0.536199 0.476208 0.525530
1693731725.873020 1.819632 0.022658 0.293797 -0.481264 -0.507465 0.455809 0.550548
1693731725.939665 1.828863 0.060036 0.302813 -0.505450 -0.474978 0.433068 0.575647
1693731725.996325 2.400317 -3.561637 -0.426124 -0.592492 -0.363056 0.333273 0.637239
1693731726.062978 2.422080 -3.549326 -0.426732 -0.612184 -0.318389 0.300073 0.658647
1693731726.129628 2.451598 -3.535210 -0.428159 -0.631630 -0.276489 0.261598 0.675399
1693731726.196282 2.488676 -3.520293 -0.429243 -0.645531 -0.234404 0.227905 0.690220
1693731726.262950 2.534637 -3.503854 -0.429089 -0.651074 -0.192140 0.197821 0.707144
1693731726.329604 2.589446 -3.486960 -0.428971 -0.652756 -0.144299 0.162754 0.725671
1693731726.396271 2.650027 -3.470753 -0.432165 -0.654265 -0.100715 0.116290 0.740453
1693731726.462932 2.712830 -3.457424 -0.437063 -0.651611 -0.072599 0.073121 0.751522
1693731726.529589 2.774129 -3.450918 -0.440644 -0.641781 -0.055065 0.034736 0.764120
1693731726.596257 2.829534 -3.452058 -0.445158 -0.636800 -0.044154 0.003787 0.769754
1693731726.662919 2.876755 -3.459592 -0.450946 -0.641326 -0.033540 -0.024570 0.766141
1693731726.729577 2.915908 -3.469002 -0.458322 -0.648943 -0.009324 -0.045588 0.759413
1693731726.796249 2.948020 -3.478691 -0.468448 -0.655464 0.015718 -0.061763 0.752533
1693731726.862905 2.974228 -3.486642 -0.481511 -0.661159 0.031594 -0.077308 0.745583
1693731726.929576 2.995782 -3.490923 -0.495359 -0.665647 0.047219 -0.094413 0.738763
1693731726.996251 1.856106 2.648360 0.228332 -0.627641 0.196615 -0.294642 0.693250
1693731727.062915 1.852579 2.665658 0.218802 -0.622745 0.214312 -0.316006 0.682934
1693731727.129578 1.842894 2.681204 0.218964 -0.621186 0.238033 -0.334094 0.667720
1693731727.196254 1.826760 2.692692 0.224121 -0.613131 0.254173 -0.342223 0.665094
1693731727.262918 1.805117 2.700911 0.224314 -0.611275 0.264554 -0.339751 0.664021
1693731727.329582 1.780467 2.708688 0.217210 -0.612543 0.267782 -0.339042 0.661917
1693731727.396258 1.755604 2.719394 0.202296 -0.613676 0.271422 -0.339597 0.659094
1693731727.462921 1.732210 2.733107 0.180896 -0.614593 0.271311 -0.340886 0.657619
1693731727.529587 1.711157 2.749206 0.159419 -0.616831 0.269348 -0.343123 0.655162
1693731727.596262 1.690913 2.768330 0.145044 -0.612496 0.271597 -0.345894 0.656842
1693731727.662930 1.668031 2.791125 0.142597 -0.608818 0.276858 -0.344679 0.658701
1693731727.729596 1.638182 2.816818 0.150047 -0.598007 0.272627 -0.345601 0.669793
1693731727.796272 1.598376 2.838948 0.159200 -0.590486 0.262586 -0.344555 0.680924
1693731727.862937 2.720644 3.537850 0.149107 -0.672904 0.066217 -0.045059 0.735381
1693731727.929605 2.689707 3.546377 0.147793 -0.673777 0.062936 -0.044810 0.734884
1693731728.062947 2.629455 3.570427 0.125685 -0.663027 0.040880 -0.035468 0.746637
1693731728.129601 2.601245 3.590908 0.112222 -0.669710 0.036876 -0.040544 0.740598
1693731728.196278 2.575680 3.612299 0.108448 -0.671819 0.044760 -0.053558 0.737419
1693731728.262945 2.550912 3.631362 0.116797 -0.667148 0.060957 -0.068150 0.739292
1693731728.329612 2.527796 3.645549 0.129866 -0.660635 0.068033 -0.074040 0.743943
1693731728.396286 2.506299 3.655854 0.137676 -0.660330 0.070348 -0.077378 0.743659
1693731728.462955 2.484806 3.666868 0.136081 -0.667250 0.070140 -0.078090 0.737400
1693731728.529619 2.461358 3.681758 0.126467 -0.669489 0.072367 -0.074936 0.735481
1693731728.596298 2.437738 3.700971 0.112172 -0.658709 0.075167 -0.069648 0.745387
1693731728.662967 2.415820 3.726504 0.095398 -0.649697 0.073182 -0.065020 0.753864
1693731728.729637 2.393419 3.757185 0.082909 -0.645763 0.068283 -0.059847 0.758120
1693731728.796317 2.368179 3.791317 0.083551 -0.640834 0.068890 -0.051070 0.762875
1693731728.862985 2.337417 3.821733 0.092289 -0.634241 0.057549 -0.036904 0.770106
1693731728.929650 2.301272 3.841751 0.101994 -0.634241 0.034368 -0.017394 0.772175
1693731728.996329 2.260901 3.860523 0.108375 -0.643939 0.014065 -0.005098 0.764930
1693731729.062995 2.215927 3.881365 0.111649 -0.644142 -0.000624 0.013039 0.764794
1693731729.129663 2.166412 3.903171 0.107668 -0.637522 -0.025718 0.035472 0.769186
1693731729.196342 2.112843 3.927463 0.096525 -0.637979 -0.051349 0.056915 0.766229
1693731729.263010 2.057415 3.953977 0.085490 -0.647749 -0.070882 0.070433 0.755272
1693731729.329673 2.000992 3.980836 0.083417 -0.653912 -0.076825 0.082715 0.748101
1693731729.463018 1.877659 4.014410 0.101950 -0.642921 -0.126229 0.130922 0.744028
1693731729.529685 1.810223 4.014665 0.106384 -0.640714 -0.178665 0.169822 0.727135
1693731729.596361 1.739405 4.008020 0.104540 -0.643401 -0.232332 0.204603 0.700139
1693731729.663029 1.667405 3.994555 0.099313 -0.638790 -0.281470 0.246267 0.672365
1693731729.729697 1.598525 3.974583 0.088992 -0.628109 -0.343961 0.286271 0.636568
1693731729.796376 1.536417 3.953788 0.076962 -0.616206 -0.400559 0.316036 0.599970
1693731729.863041 1.481161 3.939777 0.070394 -0.603322 -0.422022 0.347758 0.580486
1693731729.929710 1.432237 3.933191 0.068907 -0.589477 -0.434397 0.377634 0.566753
1693731729.996387 1.389230 3.932381 0.074526 -0.582738 -0.443243 0.394726 0.555107
1693731730.063056 1.352978 3.934047 0.089843 -0.567747 -0.440663 0.418521 0.555265
1693731730.129720 1.320638 3.934490 0.106537 -0.540248 -0.458123 0.437031 0.554309
1693731730.196397 1.290240 3.932212 0.127516 -0.495985 -0.462115 0.479441 0.557303
1693731730.263063 1.259795 3.933296 0.141655 -0.472823 -0.464063 0.500725 0.557098
1693731730.329731 1.229094 3.944280 0.136712 -0.482649 -0.472706 0.493104 0.548130
1693731730.396407 1.200362 3.954598 0.122354 -0.498692 -0.489840 0.478294 0.531600
1693731730.463077 1.173317 3.963788 0.105026 -0.510741 -0.513810 0.453148 0.519422
1693731730.529743 1.145789 3.966642 0.092886 -0.516545 -0.530405 0.445788 0.503114
1693731730.596420 1.113280 3.967904 0.087640 0.534051 0.521947 -0.444811 -0.494474
1693731730.663089 1.076860 3.964875 0.081816 0.551329 0.520579 -0.453415 -0.468454
1693731730.729755 1.037240 3.955390 0.070956 0.556513 0.547807 -0.454892 -0.428104
1693731730.796432 0.991410 3.943540 0.063587 0.567397 0.550633 -0.456806 -0.407667
1693731730.863100 0.936155 3.935139 0.065850 0.558948 0.532714 -0.473097 -0.424230
1693731730.929765 0.872931 3.937392 0.077765 0.568077 0.495435 -0.477382 -0.451597
1693731730.996444 0.810000 3.943861 0.090740 0.555316 0.479553 -0.475482 -0.485355
1693731731.063109 0.752242 3.950168 0.104768 -0.552678 -0.462195 0.477396 0.503007
1693731731.129778 0.701380 3.951829 0.104439 0.564368 0.467815 -0.469105 -0.492523
1693731731.206451 0.649569 3.948842 0.089666 0.583700 0.491484 -0.443584 -0.470075
1693731731.273119 0.606414 3.943431 0.074094 0.596976 0.507183 -0.423096 -0.455385
1693731731.339786 0.563145 3.939423 0.054284 0.611917 0.521927 -0.402527 -0.437175
1693731731.411463 0.514135 3.935291 0.035438 0.626479 0.530491 -0.393844 -0.413510
1693731731.478134 0.463892 3.932038 0.014566 0.647501 0.541701 -0.373525 -0.384423
1693731731.544805 0.406640 3.930220 -0.004977 0.664785 0.544887 -0.359236 -0.363468
1693731731.611478 0.344064 3.930111 -0.018085 0.669774 0.547066 -0.345300 -0.364539
1693731731.678147 0.280671 3.932064 -0.020531 0.674888 0.550369 -0.333796 -0.360833
1693731731.744821 0.215765 3.933323 -0.012967 0.676609 0.549625 -0.337386 -0.355363
1693731731.811498 0.148898 3.934229 0.001044 0.674304 0.542776 -0.337282 -0.370066
1693731731.878168 0.082993 3.937552 0.015658 0.677025 0.529373 -0.334152 -0.386968
1693731731.944838 0.018759 3.940843 0.030154 0.679909 0.516845 -0.338210 -0.395233
1693731732.078215 -0.111702 3.939670 0.043483 0.676665 0.511691 -0.356363 -0.391538
1693731732.144878 -0.179863 3.939983 0.044979 0.685134 0.507848 -0.339202 -0.397020
1693731732.211551 -0.244908 3.943966 0.048598 0.696927 0.500260 -0.316730 -0.404617
1693731732.278215 -0.308984 3.945629 0.062894 0.698897 0.498101 -0.308911 -0.409893
1693731732.344884 -0.372110 3.948814 0.085638 0.702838 0.490820 -0.301593 -0.417321
1693731732.411554 -0.434480 3.953675 0.109606 0.710952 0.480274 -0.300880 -0.416359
1693731732.478219 -0.496196 3.957377 0.128617 0.720662 0.471432 -0.311280 -0.401876
1693731732.544885 -0.558293 3.957470 0.141120 0.724692 0.470797 -0.324576 -0.384477
1693731732.611560 -0.621395 3.957650 0.147047 0.728800 0.472869 -0.331190 -0.368183
1693731732.678229 -0.688359 3.959649 0.151830 0.733287 0.465993 -0.340143 -0.359782
1693731732.744902 -0.759384 3.967677 0.152846 0.747750 0.450682 -0.330445 -0.358554
1693731732.811574 -0.834241 3.979907 0.152180 0.746033 0.451731 -0.318447 -0.371438
1693731732.878243 -0.911059 3.991578 0.154388 0.747112 0.446897 -0.325613 -0.368895
1693731732.944909 -0.989902 3.999839 0.158332 0.756628 0.441982 -0.327926 -0.353031
1693731733.011574 -1.065883 4.011019 0.166870 0.752013 0.436125 -0.333262 -0.364977
1693731733.078253 -1.138831 4.018480 0.176144 0.751446 0.429978 -0.338257 -0.368822
1693731733.144921 -1.206999 4.024107 0.182459 0.746169 0.438572 -0.332626 -0.374494
1693731733.211596 -1.273194 4.028137 0.186738 0.740919 0.443881 -0.332956 -0.378352
1693731733.278269 -1.338759 4.031348 0.188382 0.734013 0.452800 -0.331756 -0.382275
1693731733.344934 -1.405884 4.032777 0.187112 0.728016 0.462772 -0.331572 -0.381961
1693731733.411609 -1.471792 4.034466 0.185839 0.729661 0.461173 -0.333752 -0.378846
1693731733.478276 -1.538116 4.037314 0.186439 0.733400 0.460056 -0.331415 -0.375017
1693731733.544950 -1.602884 4.043661 0.190140 0.743520 0.453297 -0.327345 -0.366804
1693731733.611626 -1.667446 4.053738 0.198096 0.743060 0.448783 -0.329064 -0.371716
1693731733.678292 -1.731657 4.066920 0.201064 0.748107 0.444165 -0.328176 -0.367905
1693731733.744963 -1.795777 4.081597 0.196996 0.750497 0.444783 -0.323940 -0.366040
1693731733.811636 -1.860652 4.099920 0.188443 0.751403 0.443314 -0.318220 -0.370948
1693731733.878298 -1.929231 4.121161 0.175439 0.754149 0.442051 -0.309079 -0.374594
1693731733.944965 -1.999622 4.146407 0.165526 0.747963 0.442155 -0.312331 -0.384056
1693731734.011638 -2.071881 4.170797 0.159512 0.734320 0.454008 -0.330420 -0.381409
1693731734.078309 -2.143482 4.195006 0.160318 0.717904 0.465469 -0.354678 -0.377036
1693731734.144974 -2.215312 4.222908 0.169153 0.707114 0.466538 -0.371742 -0.379658
1693731734.211649 -2.285415 4.254251 0.179894 0.700080 0.467653 -0.363784 -0.398559
1693731734.278316 -2.356113 4.283408 0.186126 0.702614 0.466369 -0.345595 -0.411579
1693731734.344982 -2.428931 4.307666 0.188788 0.699181 0.467699 -0.354757 -0.408107
1693731734.411662 -2.503303 4.320874 0.189834 0.687974 0.485394 -0.393776 -0.368815
1693731734.478330 -2.574367 4.332705 0.188043 0.668211 0.513491 -0.407879 -0.351363
1693731734.544996 -2.646851 4.350619 0.185629 0.658975 0.525180 -0.405335 -0.354459
1693731734.606670 -2.711988 4.367116 0.187532 0.648582 0.531866 -0.413413 -0.354329
1693731734.673335 -2.780688 4.380133 0.194006 0.640175 0.541188 -0.429754 -0.335565
1693731734.740006 -2.849295 4.392324 0.205358 0.624676 0.555704 -0.437644 -0.330819
1693731734.806677 -2.917417 4.404523 0.219145 0.610765 0.562892 -0.452337 -0.324824
1693731734.873344 -2.985157 4.413599 0.228891 0.596447 0.571257 -0.470859 -0.310174
1693731734.940008 -3.053030 4.418197 0.233884 0.581189 0.583083 -0.485053 -0.294885
1693731735.006673 -3.122644 4.420544 0.233713 0.560123 0.601010 -0.494419 -0.283898
1693731735.073342 -3.192983 4.421537 0.232449 0.538243 0.615165 -0.509447 -0.268943
1693731735.140012 -3.264237 4.422190 0.230643 0.509123 0.636235 -0.518889 -0.258365
1693731735.206676 -3.335445 4.420691 0.233756 0.480957 0.652610 -0.534386 -0.239190
1693731735.273337 -3.405901 4.414669 0.243528 0.460749 0.661348 -0.554089 -0.208120
1693731735.340005 -3.474349 4.404055 0.256046 0.429884 0.676976 -0.565514 -0.192609
1693731735.406682 -3.537170 4.386596 0.266948 0.402167 0.692471 -0.574091 -0.170775
1693731735.473350 -3.595554 4.363700 0.274413 0.378501 0.707122 -0.576900 -0.154600
1693731735.540009 -3.650193 4.336587 0.276476 0.356335 0.721389 -0.578598 -0.133591
1693731735.606687 -3.702265 4.306558 0.273690 0.333205 0.732304 -0.582619 -0.115156
1693731735.673356 -3.751513 4.273334 0.263351 0.304962 0.747084 -0.582400 -0.098358
1693731735.740027 -3.797704 4.236318 0.247580 0.271618 0.767825 -0.574963 -0.078012
1693731735.806705 -3.843798 4.198438 0.230762 0.249786 0.782129 -0.567487 -0.061967
1693731735.873364 -3.887850 4.159208 0.218275 0.228131 0.797797 -0.556908 -0.036448
1693731735.940039 -3.927582 4.116023 0.207476 0.204869 0.811771 -0.546826 -0.006182
1693731736.006715 -3.967740 4.073249 0.197435 0.179517 0.827237 -0.532402 0.000703
1693731736.073376 -4.004282 4.029790 0.187392 0.159415 0.837462 -0.522453 0.016966
1693731736.140045 -4.039704 3.983262 0.174306 0.142070 0.847811 -0.509920 0.031843
1693731736.211720 -4.077429 3.929000 0.154981 0.125953 0.859421 -0.493340 0.046339
1693731736.278395 -4.112204 3.876315 0.133323 0.114033 0.868126 -0.479221 0.060839
1693731736.345065 -4.147249 3.822100 0.109480 0.094661 0.878205 -0.462929 0.074106
1693731736.411743 -4.181075 3.765749 0.089211 0.070392 0.886413 -0.449350 0.086031
1693731736.478418 -4.212355 3.706342 0.075179 0.054411 0.890136 -0.440561 0.102969
1693731736.545088 -4.238411 3.647570 0.064664 0.030707 0.896798 -0.424979 0.119175
1693731736.611767 -4.260085 3.588578 0.055505 0.010577 0.901685 -0.412514 0.129172
1693731736.678434 -4.275907 3.530176 0.042761 -0.001348 0.909644 -0.391388 0.139143
1693731736.745102 -4.286844 3.475050 0.025386 -0.022641 0.919266 -0.365614 0.144097
1693731736.811779 -4.295704 3.422221 0.005972 -0.037595 0.925846 -0.344996 0.149577
1693731736.878447 -4.303596 3.368049 -0.012531 -0.047917 0.929973 -0.330740 0.153186
1693731736.945116 -4.308455 3.311480 -0.027871 -0.063895 0.929668 -0.325043 0.161187
1693731737.011792 -4.310860 3.253181 -0.038754 -0.075358 0.927687 -0.322485 0.172402
1693731737.078461 -4.311109 3.191998 -0.043131 -0.077645 0.923497 -0.328186 0.182806
1693731737.145129 -4.311968 3.131034 -0.040120 -0.055554 0.922562 -0.323795 0.202359
1693731737.211802 -4.313055 3.069776 -0.029830 -0.042579 0.916752 -0.338383 0.207967
1693731737.278472 -4.316706 3.009056 -0.016891 -0.031189 0.912141 -0.354809 0.202823
1693731737.345138 -4.320384 2.950349 -0.002553 -0.030416 0.906670 -0.370571 0.199252
1693731737.411811 -4.320730 2.889449 0.011551 -0.024940 0.899994 -0.384721 0.203415
1693731737.478476 -4.318861 2.826031 0.023696 -0.020721 0.891631 -0.402494 0.206310
1693731737.545146 -4.316765 2.760116 0.033760 -0.007787 0.883856 -0.414531 0.216568
1693731737.611822 -4.314434 2.693018 0.041327 -0.007973 0.873929 -0.431809 0.222993
1693731737.678491 -4.313732 2.624865 0.050805 -0.000834 0.866957 -0.439054 0.235831
1693731737.745158 -4.314580 2.557028 0.060492 0.004420 0.863579 -0.437931 0.249857
1693731737.811834 -4.315986 2.489962 0.069694 0.005073 0.864188 -0.434760 0.253252
1693731737.878501 -4.316242 2.421347 0.083307 -0.001519 0.856562 -0.448745 0.254809
1693731737.945168 -4.315774 2.353957 0.094108 0.015122 0.854876 -0.449685 0.258343
1693731738.011842 -4.315613 2.289508 0.102426 0.034285 0.854053 -0.447268 0.263379
1693731738.078511 -4.313519 2.224405 0.109175 0.044094 0.847687 -0.454529 0.269974
1693731738.145178 -4.308317 2.155065 0.112820 0.053792 0.841903 -0.463176 0.271612
1693731738.278552 -4.291626 2.008400 0.115308 0.083753 0.835024 -0.467502 0.277782
1693731738.345217 -4.284964 1.937066 0.118466 0.089442 0.831037 -0.470820 0.282323
1693731738.411888 -4.281300 1.869191 0.119809 0.093342 0.836346 -0.461338 0.281034
1693731738.478555 -4.284503 1.803741 0.121018 0.099954 0.843869 -0.455191 0.265886
1693731738.545220 -4.296484 1.742777 0.124105 0.105362 0.845880 -0.459604 0.249300
1693731738.611895 -4.315274 1.686792 0.122724 0.102466 0.849223 -0.459877 0.238402
1693731738.678561 -4.340404 1.632998 0.116076 0.104462 0.852808 -0.459009 0.226091
1693731738.745228 -4.372417 1.577911 0.109360 0.115796 0.852496 -0.463050 0.213136
1693731738.811901 -4.409994 1.522404 0.103148 0.112227 0.854667 -0.466288 0.198808
1693731738.878569 -4.449669 1.465383 0.102034 0.095942 0.853912 -0.475048 0.189629
1693731738.945238 -4.490804 1.404895 0.108676 0.087627 0.845440 -0.490303 0.192757
1693731739.011915 -4.529998 1.343903 0.122591 0.081892 0.835683 -0.503124 0.204436
1693731739.078580 -4.562665 1.282723 0.140383 0.071142 0.834952 -0.501392 0.215406
1693731739.145249 -4.591596 1.222460 0.159102 0.036695 0.835986 -0.512106 0.193722
1693731739.211925 -4.614638 1.161672 0.175748 0.020770 0.835071 -0.516690 0.187767
1693731739.278591 -4.630810 1.104502 0.186630 -0.002313 0.836860 -0.513761 0.188969
1693731739.345258 -4.642828 1.048900 0.191593 -0.033156 0.839021 -0.508175 0.191581
1693731739.411932 -4.654867 0.990828 0.194407 -0.056657 0.834547 -0.509720 0.201264
1693731739.478597 -4.665115 0.931619 0.193823 -0.087381 0.829066 -0.508765 0.214878
1693731739.545268 -4.676420 0.869552 0.190871 -0.111425 0.824085 -0.508738 0.222832
1693731739.611941 -4.689588 0.807578 0.187590 -0.129474 0.823771 -0.505034 0.222663
1693731739.678608 -4.705078 0.745154 0.187215 -0.144994 0.826141 -0.500799 0.213701
1693731739.745275 -4.720582 0.681703 0.190790 -0.164406 0.830004 -0.493838 0.200469
1693731739.811950 -4.740192 0.615642 0.196996 -0.173767 0.833355 -0.495403 0.172917
1693731739.878618 -4.757704 0.548045 0.205163 -0.167286 0.835662 -0.494514 0.170702
1693731739.945286 -4.769203 0.479567 0.212873 -0.160995 0.835230 -0.492544 0.184043
1693731740.011960 -4.774716 0.409506 0.217964 -0.165873 0.832398 -0.491237 0.195669
1693731740.078631 -4.774246 0.335991 0.221745 -0.173181 0.829479 -0.487816 0.209782
1693731740.145300 -4.768632 0.261705 0.225922 -0.192353 0.826167 -0.480461 0.222724
1693731740.211981 -4.757699 0.186277 0.234728 -0.213254 0.821754 -0.471946 0.237720
1693731740.345315 -4.717031 0.041843 0.274985 -0.264420 0.802658 -0.468807 0.256986
1693731740.411991 -4.685485 -0.024774 0.298816 -0.283790 0.794247 -0.463550 0.271579
1693731740.478657 -4.647940 -0.086115 0.319104 -0.303670 0.791015 -0.454653 0.274537
1693731740.545321 -4.606909 -0.142811 0.334986 -0.322134 0.789740 -0.448550 0.267102
1693731740.611998 -4.561766 -0.192782 0.349517 -0.344945 0.779965 -0.448664 0.267149
1693731740.678665 -4.514059 -0.237261 0.360211 -0.377552 0.768316 -0.442453 0.267171
1693731740.745340 -4.462527 -0.278736 0.373355 -0.396741 0.753220 -0.440746 0.284603
1693731740.812014 -4.408668 -0.322025 0.386615 -0.401459 0.741861 -0.443454 0.303021
1693731740.878675 -4.354931 -0.364072 0.395881 -0.408922 0.734600 -0.440022 0.315478
1693731740.945351 -4.301162 -0.401414 0.400470 -0.431778 0.724398 -0.416938 0.339084
1693731741.078723 -4.188228 -0.480434 0.401306 -0.458336 0.717974 -0.398875 0.339619
1693731741.145385 -4.128674 -0.517102 0.396145 -0.469014 0.714350 -0.387698 0.345573
1693731741.212058 -4.067845 -0.553239 0.383065 -0.477486 0.715057 -0.380315 0.340678
1693731741.278723 -4.006037 -0.588488 0.361978 -0.484033 0.718635 -0.370875 0.334258
1693731741.345387 -3.944871 -0.624409 0.334729 -0.492958 0.722659 -0.364517 0.319193
1693731741.412062 -3.884562 -0.661368 0.304904 -0.499075 0.728332 -0.361333 0.299825
1693731741.478724 -3.823851 -0.695556 0.278348 -0.502096 0.732797 -0.355152 0.291161
1693731741.545390 -3.762637 -0.726972 0.258018 -0.508472 0.729263 -0.352521 0.292165
1693731741.612065 -3.701986 -0.750573 0.240282 -0.523157 0.722311 -0.341000 0.297140
1693731741.678729 -3.639359 -0.769596 0.223850 -0.530943 0.717792 -0.335046 0.301027
1693731741.745392 -3.576930 -0.784125 0.203968 -0.538134 0.714336 -0.337126 0.294077
1693731741.812068 -3.516301 -0.798384 0.182995 -0.535812 0.712333 -0.353758 0.283449
1693731741.878732 -3.456963 -0.809504 0.159499 -0.524455 0.722539 -0.352524 0.280378
1693731741.945399 -3.399482 -0.815080 0.132063 -0.528658 0.730033 -0.327218 0.283727
1693731742.012073 -3.339968 -0.819864 0.104322 -0.528753 0.741222 -0.295226 0.289572
1693731742.078739 -3.281256 -0.829084 0.080109 -0.519770 0.754965 -0.277126 0.288215
1693731742.145406 -3.226428 -0.840158 0.062813 -0.509479 0.766536 -0.258778 0.293068
1693731742.212082 -3.177230 -0.854087 0.051547 -0.496823 0.786089 -0.221443 0.293588
1693731742.278750 -3.127366 -0.874573 0.045539 -0.486833 0.797423 -0.204653 0.291937
1693731742.345416 -3.073512 -0.902974 0.049932 -0.465564 0.805604 -0.216439 0.295645
1693731742.412092 -3.019629 -0.933078 0.057486 -0.441452 0.814696 -0.226767 0.299946
1693731742.478760 -2.964259 -0.961327 0.067601 -0.426391 0.814964 -0.235454 0.313985
1693731742.545427 -2.906261 -0.988697 0.079803 -0.409881 0.809517 -0.248909 0.338710
1693731742.612103 -2.848922 -1.014860 0.093331 -0.402002 0.795615 -0.257619 0.372858
1693731742.678767 -2.792911 -1.038461 0.102373 -0.406831 0.780505 -0.250631 0.403094
1693731742.745432 -2.734370 -1.062746 0.110020 -0.410216 0.769647 -0.243831 0.424161
1693731742.812110 -2.675122 -1.088810 0.116596 -0.411034 0.767028 -0.234766 0.433133
1693731742.878779 -2.612513 -1.116852 0.123707 -0.413940 0.764575 -0.250511 0.425820
1693731742.945444 -2.549529 -1.141101 0.131285 -0.417406 0.766318 -0.259332 0.413855
1693731743.012120 -2.487967 -1.160765 0.138798 -0.434781 0.757405 -0.281254 0.397743
1693731743.078787 -2.427534 -1.176175 0.149197 -0.448659 0.747676 -0.292111 0.392883
1693731743.145455 -2.366837 -1.188778 0.161260 -0.463775 0.730332 -0.304567 0.398456
1693731743.212129 -2.305103 -1.201941 0.171920 -0.474996 0.714890 -0.318557 0.402283
1693731743.278797 -2.241455 -1.218089 0.182329 -0.486038 0.699843 -0.341515 0.396679
1693731743.345462 -2.179314 -1.236184 0.194283 -0.489529 0.690714 -0.355663 0.395952
1693731743.412136 -2.116991 -1.255991 0.207199 -0.500318 0.677731 -0.366229 0.395270
1693731743.478806 -2.057426 -1.279594 0.216767 -0.508520 0.660663 -0.385560 0.395317
1693731743.545471 -1.999814 -1.301580 0.218248 -0.506198 0.650590 -0.391060 0.409352
1693731743.678820 -1.884748 -1.332670 0.200509 -0.519059 0.654129 -0.341652 0.431238
1693731743.745485 -1.820767 -1.348519 0.192904 -0.518722 0.651448 -0.342323 0.435153
1693731743.812165 -1.750991 -1.363873 0.185115 -0.520616 0.647386 -0.344778 0.437011
1693731743.878834 -1.678149 -1.378885 0.178266 -0.529447 0.635722 -0.357698 0.433123
1693731743.945502 -1.605283 -1.391395 0.174558 -0.539231 0.628610 -0.358945 0.430392
1693731744.012179 -1.534315 -1.399757 0.175164 -0.563807 0.620388 -0.347790 0.419860
1693731744.078848 -1.463630 -1.406704 0.176971 -0.598037 0.612029 -0.334836 0.394534
1693731744.145514 -1.388578 -1.411948 0.187701 0.609706 -0.598238 0.337536 -0.395525
1693731744.212193 -1.312040 -1.412276 0.197635 0.608232 -0.601295 0.324300 -0.404138
1693731744.278862 -1.237391 -1.409896 0.201353 0.621640 -0.591158 0.315100 -0.405965
1693731744.345532 -1.163443 -1.403194 0.200716 0.627211 -0.587916 0.292398 -0.418886
1693731744.412209 -1.090785 -1.391060 0.195545 0.633562 -0.590369 0.258442 -0.428102
1693731744.478878 -1.017416 -1.377571 0.190278 0.655311 -0.569953 0.249391 -0.428399
1693731744.545537 -0.943831 -1.367250 0.190192 0.675759 -0.538021 0.261644 -0.430610
1693731744.612213 -0.871458 -1.357144 0.195597 0.694829 -0.506997 0.256576 -0.440836
1693731744.678880 -0.801578 -1.348969 0.201689 0.701319 -0.503934 0.227442 -0.449969
1693731744.745540 -0.732926 -1.347580 0.210605 0.703560 -0.501865 0.226566 -0.449225
1693731744.812218 -0.667637 -1.347014 0.221367 0.701476 -0.497952 0.229668 -0.455223
1693731744.878885 -0.606527 -1.344470 0.228656 0.703190 -0.492342 0.211122 -0.467494
1693731744.945545 -0.545790 -1.340476 0.231443 0.711710 -0.479069 0.198932 -0.473696
1693731745.012224 -0.481860 -1.336614 0.231225 0.715642 -0.467475 0.193841 -0.481404
1693731745.078894 -0.415521 -1.334033 0.229618 0.722495 -0.453391 0.189961 -0.486162
1693731745.145561 -0.347452 -1.330237 0.226092 0.737190 -0.433881 0.184599 -0.483965
1693731745.212239 -0.276648 -1.325390 0.224688 0.748565 -0.415869 0.181876 -0.483347
1693731745.278908 -0.205111 -1.317835 0.228472 0.756872 -0.401468 0.168100 -0.487555
1693731745.345573 -0.132824 -1.306338 0.236406 0.762358 -0.388024 0.153435 -0.494677
1693731745.412251 -0.060274 -1.289889 0.245253 -0.763417 0.377501 -0.143731 0.504014
1693731745.478921 0.010036 -1.271445 0.249664 -0.760263 0.379304 -0.132269 0.510523
1693731745.545588 0.078334 -1.253698 0.248379 -0.767801 0.365864 -0.145415 0.505451
1693731745.612269 0.146513 -1.236515 0.244299 -0.770203 0.362844 -0.151338 0.502223
1693731745.678941 0.211163 -1.219123 0.241536 -0.775189 0.343185 -0.153864 0.507575
1693731745.745605 0.274122 -1.204233 0.237619 -0.787992 0.315465 -0.160163 0.503884
1693731745.812285 0.339024 -1.191458 0.236982 -0.790069 0.299709 -0.165603 0.508469
1693731745.878953 0.404234 -1.179503 0.242904 -0.786767 0.293328 -0.165467 0.517278
1693731745.945620 0.470132 -1.169644 0.252545 -0.791780 0.286950 -0.170933 0.511396
1693731746.012300 0.534548 -1.160725 0.268123 -0.795828 0.273743 -0.187121 0.506665
1693731746.078966 0.594851 -1.149784 0.284154 -0.790150 0.278843 -0.171280 0.518239
1693731746.145631 0.653997 -1.136631 0.291766 -0.792667 0.278810 -0.156201 0.519177
1693731746.212310 0.715814 -1.120573 0.289384 -0.799786 0.278563 -0.150096 0.510114
1693731746.278978 0.779073 -1.100812 0.282441 -0.803049 0.276582 -0.141235 0.508593
1693731746.345646 0.843716 -1.078501 0.272533 -0.813984 0.262938 -0.128213 0.501851
1693731746.412322 0.910206 -1.050982 0.265299 0.822625 -0.249932 0.121689 -0.495997
1693731746.478992 0.976385 -1.018815 0.266383 -0.822921 0.244802 -0.106046 0.501625
1693731746.545659 1.037259 -0.981523 0.272264 -0.831189 0.229633 -0.078274 0.500267
1693731746.612335 1.094781 -0.939773 0.281431 -0.835714 0.208045 -0.066637 0.503845
1693731746.679002 1.147088 -0.894309 0.291476 -0.831559 0.207715 -0.042377 0.513389
1693731746.745669 1.194233 -0.849749 0.296197 -0.839393 0.183578 -0.036697 0.510266
1693731746.812344 1.238221 -0.806158 0.296816 -0.843767 0.162546 -0.022237 0.511021
1693731746.879012 1.282536 -0.762790 0.293683 -0.843453 0.142221 -0.013579 0.517856
1693731746.945670 1.329432 -0.718548 0.284881 -0.852729 0.121374 -0.031169 0.507099
1693731747.012347 1.380921 -0.673850 0.279680 -0.847102 0.119163 -0.046378 0.515818
1693731747.079014 1.429887 -0.629946 0.282308 -0.836323 0.127853 -0.036939 0.531839
1693731747.145683 1.478972 -0.585312 0.282567 -0.839400 0.133138 -0.032906 0.525927
1693731747.212363 1.527784 -0.542454 0.290393 -0.836776 0.130561 -0.044902 0.529853
1693731747.279031 1.571523 -0.501073 0.298399 -0.836210 0.135291 -0.026817 0.530783
1693731747.345698 1.609736 -0.457665 0.299138 -0.837188 0.132790 -0.001760 0.530547
1693731747.412378 1.648052 -0.413106 0.291279 -0.844857 0.133879 0.008615 0.517898
1693731747.545715 1.726157 -0.318722 0.269959 -0.848059 0.116733 0.018440 0.516555
1693731747.612389 1.767949 -0.268666 0.261600 -0.848800 0.104545 0.022094 0.517804
1693731747.679059 1.809512 -0.217783 0.256096 -0.850289 0.098881 0.031826 0.515963
1693731747.745725 1.849550 -0.164454 0.255658 -0.855038 0.090260 0.046332 0.508543
1693731747.812405 1.885800 -0.107703 0.260411 -0.853835 0.081889 0.056151 0.510986
1693731747.879074 1.914637 -0.050439 0.265169 -0.852196 0.086213 0.076475 0.510374
1693731747.945742 1.937340 0.003438 0.265483 -0.857085 0.080899 0.083251 0.501927
1693731748.079090 1.975305 0.102387 0.262739 0.861042 -0.041848 -0.090803 -0.498608
1693731748.145756 1.994622 0.151980 0.261100 -0.857382 0.021424 0.087795 0.506685
1693731748.212436 2.016895 0.203118 0.262449 -0.851076 0.012120 0.083339 0.518244
1693731748.279103 2.038592 0.256312 0.269283 -0.843760 0.008341 0.082096 0.530339
1693731748.345767 2.059064 0.309576 0.279304 -0.840898 0.014317 0.091926 0.533137
1693731748.412442 2.079699 0.363010 0.287239 -0.846736 0.010887 0.085549 0.524977
1693731748.479108 2.103472 0.416614 0.299471 -0.843995 0.021757 0.082608 0.529505
1693731748.545775 2.124223 0.467073 0.309411 -0.841038 0.031018 0.099600 0.530823
1693731748.612455 2.143042 0.515748 0.308296 -0.849444 0.033139 0.116427 0.513607
1693731748.679121 2.163449 0.567305 0.300958 0.857412 -0.038439 -0.121060 -0.498711
1693731748.812464 2.203395 0.676248 0.277804 0.866271 -0.041792 -0.117529 -0.483751
1693731748.879133 2.223937 0.732774 0.266390 0.870021 -0.030167 -0.113060 -0.478927
1693731748.945801 2.243061 0.791662 0.260584 0.867235 -0.027640 -0.120442 -0.482321
1693731749.012480 2.258437 0.850093 0.258513 0.868509 -0.022994 -0.136197 -0.476040
1693731749.079147 2.271848 0.909942 0.256690 0.867198 -0.018224 -0.138597 -0.477940
1693731749.145815 2.281972 0.970417 0.253951 0.867942 -0.024250 -0.140377 -0.475798
1693731749.212490 2.289169 1.028495 0.245212 0.869458 -0.026698 -0.128883 -0.476150
1693731749.279156 2.295707 1.085004 0.232214 0.867472 -0.009130 -0.104774 -0.486242
1693731749.345822 2.301351 1.140860 0.214735 0.866686 -0.005057 -0.098889 -0.488929
1693731749.412502 2.306957 1.196859 0.197219 0.863679 -0.002017 -0.096979 -0.494621
1693731749.479169 2.314186 1.251571 0.183275 -0.858642 0.004136 0.093632 0.503935
1693731749.545836 2.321352 1.305154 0.178713 -0.844556 -0.001819 0.088774 0.528053
1693731749.612508 2.327035 1.356146 0.178214 -0.834113 0.008865 0.096406 0.543031
1693731749.679174 2.335889 1.402693 0.176577 -0.830877 -0.004182 0.069924 0.552029
1693731749.745838 2.348403 1.444409 0.178883 -0.824758 -0.003952 0.060193 0.562259
1693731749.812513 2.362971 1.478852 0.178292 -0.820948 0.012631 0.069677 0.566595
1693731749.879178 2.378079 1.506991 0.173654 -0.815114 0.008929 0.071074 0.574854
1693731749.945845 2.393892 1.531759 0.165201 -0.806435 -0.009600 0.062720 0.587909
1693731750.079190 2.432654 1.582613 0.148810 -0.783121 -0.074905 0.017333 0.617098
1693731750.145856 2.445773 1.614350 0.136130 -0.778254 -0.085161 -0.015163 0.621963
1693731750.212534 2.441468 1.642271 0.123282 -0.781734 -0.080176 -0.021788 0.618052
1693731750.279201 2.422891 1.659550 0.107455 -0.788149 -0.061851 -0.003916 0.612356
1693731750.345867 2.398126 1.667446 0.100947 -0.779225 -0.051128 0.015690 0.624459
1693731750.412544 2.374501 1.668593 0.094351 -0.781088 -0.032495 0.036342 0.622515
1693731750.479211 2.351969 1.666127 0.085717 -0.786073 -0.031469 0.045523 0.615652
1693731750.545876 2.332782 1.663218 0.076759 -0.786748 -0.034638 0.049791 0.614288
1693731750.612554 2.316268 1.659703 0.072613 -0.781696 -0.038073 0.050967 0.620406
1693731750.679221 2.302899 1.652609 0.068893 -0.785061 -0.039618 0.059418 0.615287
1693731750.745888 2.292310 1.644626 0.066878 -0.787535 -0.039816 0.068817 0.611120
1693731750.812565 2.288273 1.642277 0.067954 -0.783187 -0.030869 0.062097 0.617907
1693731750.879233 2.290026 1.640826 0.069862 -0.783056 -0.009254 0.037104 0.620775
1693731750.945898 2.288293 1.635978 0.069914 -0.783027 0.011545 0.030905 0.621112
1693731751.012577 2.284754 1.635235 0.068232 -0.784032 0.010033 0.031669 0.619831
1693731751.079244 2.281838 1.634105 0.066782 -0.783336 0.019448 0.035791 0.620263
1693731751.145911 2.278280 1.631525 0.073528 -0.773192 -0.003268 0.017962 0.633910
1693731751.212585 2.278634 1.628954 0.076687 -0.773776 -0.011846 -0.008146 0.633296
1693731751.279253 2.277430 1.627510 0.076862 -0.774383 -0.013833 -0.010001 0.632487
1693731751.345922 2.273704 1.627176 0.080460 -0.767557 -0.014821 -0.008207 0.640757
1693731751.412600 2.272198 1.625811 0.084771 -0.758696 -0.007898 -0.010619 0.651310
1693731751.479265 2.272526 1.621476 0.085793 -0.757425 -0.003078 -0.011325 0.652816
1693731751.545933 2.274382 1.619637 0.085083 -0.753748 -0.002586 -0.014620 0.656995
1693731751.612609 2.279402 1.617258 0.084951 -0.744190 0.003777 -0.025117 0.667485
1693731751.679326 2.275773 1.622876 0.077459 -0.743219 -0.036518 -0.020282 0.667742
1693731751.745988 2.277290 1.646082 0.066274 -0.741394 -0.048745 -0.025595 0.668808
1693731751.812661 2.281529 1.670200 0.053993 -0.745710 -0.053520 -0.034827 0.663204
1693731751.879328 2.285655 1.693572 0.044131 -0.746160 -0.060459 -0.039438 0.661841
1693731751.945996 2.290101 1.714753 0.033713 -0.753519 -0.062001 -0.040196 0.653260
1693731752.012685 2.297276 1.735055 0.024354 -0.762715 -0.058283 -0.041499 0.642765
1693731752.079350 2.308733 1.756782 0.017213 -0.765777 -0.043922 -0.038686 0.640438
1693731752.146018 2.325553 1.780485 0.009859 -0.764494 -0.029149 -0.038384 0.642826
1693731752.212694 2.346061 1.807395 -0.001275 -0.765440 -0.016313 -0.045987 0.641654
1693731752.279358 2.368161 1.837619 -0.016484 -0.765815 -0.003281 -0.050978 0.641029
1693731752.346031 2.391772 1.870073 -0.033967 -0.765439 0.005487 -0.053985 0.641217
1693731752.412701 2.417547 1.906049 -0.051578 -0.765320 0.017454 -0.056323 0.640943
1693731752.479368 2.444674 1.948107 -0.067305 -0.766311 0.028572 -0.058298 0.639181
1693731752.546029 2.471020 1.997127 -0.077459 -0.763010 0.035071 -0.055565 0.643039
1693731752.607700 2.493345 2.046759 -0.079830 -0.755736 0.039145 -0.048295 0.651919
1693731752.674363 2.514517 2.100785 -0.074279 -0.748469 0.049599 -0.042997 0.659913
1693731752.741027 2.534102 2.150401 -0.062139 -0.739242 0.052633 -0.040929 0.670131
1693731752.797704 2.549035 2.186811 -0.052734 -0.728183 0.041523 -0.038362 0.683048
1693731752.864376 2.566598 2.226186 -0.048460 -0.721002 0.025121 -0.035577 0.691563
1693731752.931039 2.586788 2.265245 -0.053531 -0.725844 0.012177 -0.036605 0.686777
1693731752.997716 2.607593 2.304743 -0.064098 -0.727065 0.005075 -0.038200 0.685486
1693731753.064387 2.626663 2.346762 -0.079116 -0.724078 0.001246 -0.038660 0.688633
1693731753.131052 2.643194 2.394240 -0.095696 -0.722357 -0.002526 -0.038229 0.690459
1693731753.197727 2.658185 2.446575 -0.107831 -0.719759 -0.001823 -0.040056 0.693065
1693731753.264393 2.671079 2.501233 -0.112230 -0.718770 -0.001012 -0.043723 0.693871
1693731753.331058 2.683852 2.555801 -0.108513 -0.723822 0.002524 -0.054593 0.687819
1693731753.397734 2.697898 2.602666 -0.099799 -0.722816 -0.002807 -0.062241 0.688226
1693731753.464399 2.713650 2.641924 -0.097861 -0.721882 0.002495 -0.061408 0.689281
1693731753.531060 2.729089 2.675608 -0.106623 -0.724279 0.012983 -0.058158 0.686927
1693731753.597735 2.744273 2.707975 -0.118131 -0.726377 0.017519 -0.055353 0.684840
1693731753.664405 2.762127 2.745528 -0.129665 -0.727837 0.026935 -0.057505 0.682804
1693731753.731070 2.784752 2.788181 -0.140719 -0.723495 0.039188 -0.063284 0.686305
1693731753.797745 2.812096 2.833618 -0.151705 -0.715758 0.052118 -0.070936 0.692778
1693731753.864408 2.843088 2.879836 -0.161062 -0.707108 0.068052 -0.080725 0.699179
1693731753.931076 2.876453 2.926423 -0.163917 -0.706439 0.085308 -0.095304 0.696120
1693731753.997751 2.910262 2.968442 -0.157755 -0.692077 0.095800 -0.108383 0.707181
1693731754.064424 2.944402 3.003712 -0.152605 -0.685229 0.101479 -0.122377 0.710765
1693731754.131088 2.984434 3.038711 -0.150258 -0.684657 0.116269 -0.147134 0.704328
1693731754.197753 3.029122 3.075162 -0.152848 -0.682208 0.137247 -0.164128 0.699155
1693731754.264424 3.076939 3.111243 -0.163768 -0.678671 0.152090 -0.180400 0.695508
1693731754.331092 3.128056 3.148792 -0.180711 -0.683123 0.168203 -0.196275 0.683027
1693731754.397766 3.181224 3.189773 -0.195890 -0.688297 0.193710 -0.212051 0.666152
1693731754.464436 3.232800 3.233843 -0.203818 -0.690752 0.224201 -0.224413 0.649796
1693731754.531095 3.282489 3.274668 -0.204196 -0.690168 0.248598 -0.242681 0.634802
1693731754.597772 3.333915 3.305903 -0.198778 -0.671963 0.266406 -0.268932 0.636529
1693731754.664440 3.384684 3.327911 -0.194801 -0.656483 0.283560 -0.290805 0.635654
1693731754.731107 3.436762 3.346177 -0.197627 -0.651908 0.305066 -0.307917 0.622204
1693731754.797781 3.490998 3.363475 -0.205821 -0.647167 0.331743 -0.318241 0.608148
1693731754.864452 3.548321 3.380982 -0.218353 -0.640674 0.350893 -0.329661 0.598109
1693731754.931122 3.605654 3.400437 -0.231052 -0.637217 0.359882 -0.336199 0.592798
1693731754.997799 3.661389 3.424167 -0.238180 -0.626111 0.358893 -0.349951 0.597256
1693731755.064471 3.717731 3.450885 -0.237290 -0.619233 0.354884 -0.357557 0.602296
1693731755.131140 3.771845 3.476703 -0.230166 -0.627668 0.347038 -0.355433 0.599388
1693731755.197814 3.817773 3.501673 -0.222991 -0.651268 0.332561 -0.346246 0.587680
1693731755.264486 3.860513 3.527913 -0.219356 -0.679682 0.323855 -0.327349 0.570959
1693731755.331152 3.905631 3.555127 -0.216769 -0.691726 0.326264 -0.310672 0.564402
1693731755.397828 3.952350 3.581063 -0.218767 -0.699640 0.319007 -0.305863 0.561414
1693731755.464496 4.001437 3.607257 -0.226854 -0.713215 0.307359 -0.302931 0.552347
1693731755.531164 4.056526 3.634630 -0.232382 -0.722766 0.305871 -0.306782 0.538458
1693731755.597837 4.115152 3.661671 -0.231161 -0.727600 0.321362 -0.305360 0.523527
1693731755.664507 4.173433 3.687047 -0.230036 0.751173 -0.349884 0.298592 -0.473458
1693731755.731173 4.229220 3.705921 -0.224992 0.770817 -0.371329 0.291529 -0.427747
1693731755.797850 4.279575 3.718786 -0.216744 0.773351 -0.389020 0.287634 -0.409706
1693731755.864517 4.328066 3.728140 -0.212780 0.774268 -0.405644 0.284676 -0.393600
1693731755.931182 4.381981 3.737663 -0.213087 0.770512 -0.432029 0.274865 -0.379620
1693731755.997866 4.443969 3.745634 -0.217188 0.761256 -0.456867 0.278036 -0.366685
1693731756.064538 4.512662 3.751519 -0.222984 0.756264 -0.466812 0.290856 -0.354337
1693731756.131204 4.587433 3.756421 -0.222316 0.728018 -0.483369 0.318022 -0.367704
1693731756.197883 4.651165 3.763230 -0.210073 0.713511 -0.485377 0.320595 -0.390551
1693731756.264550 4.706119 3.773678 -0.187093 0.710387 -0.477850 0.326933 -0.400155
1693731756.331217 4.755565 3.786779 -0.159642 0.704658 -0.460670 0.337986 -0.420720
1693731756.397895 4.802645 3.799497 -0.138696 0.710374 -0.452946 0.340915 -0.417115
1693731756.464570 4.850073 3.810213 -0.127529 0.722848 -0.456868 0.329144 -0.400533
1693731756.531237 4.898931 3.820793 -0.124620 0.729836 -0.463478 0.318367 -0.388807
1693731756.597915 4.950304 3.833477 -0.125225 0.736609 -0.464615 0.311788 -0.379905
1693731756.664592 5.007460 3.848612 -0.124713 0.740828 -0.463539 0.312768 -0.372131
1693731756.731258 5.069920 3.865741 -0.121400 0.740685 -0.468434 0.315451 -0.363932
1693731756.797931 5.131695 3.885325 -0.113096 0.742293 -0.474877 0.312323 -0.354890
1693731756.864603 5.191398 3.905637 -0.097173 0.740427 -0.480034 0.311176 -0.352851
1693731756.931269 5.245140 3.922215 -0.076444 0.730846 -0.483374 0.313640 -0.365845
1693731756.997945 5.292998 3.933737 -0.060371 0.734662 -0.479735 0.310487 -0.365683
1693731757.064623 5.341895 3.942262 -0.049154 0.737508 -0.484841 0.302883 -0.359545
1693731757.131289 5.394621 3.949451 -0.040909 0.734318 -0.486986 0.302869 -0.363170
1693731757.197965 5.450657 3.954149 -0.035407 0.730622 -0.484596 0.308029 -0.369426
1693731757.264642 5.510629 3.955347 -0.029731 0.729480 -0.480023 0.313114 -0.373359
1693731757.331305 5.572758 3.953892 -0.019787 0.726031 -0.478514 0.316243 -0.379334
1693731757.397979 5.636411 3.950019 -0.003153 0.723985 -0.483041 0.316763 -0.377064
1693731757.464646 5.697845 3.949506 0.023738 0.719218 -0.474541 0.321594 -0.392574
1693731757.531313 5.756512 3.953215 0.052686 0.705056 -0.455308 0.337795 -0.426012
1693731757.597986 5.810437 3.960469 0.081657 0.661841 -0.449325 0.344081 -0.491611
1693731757.664651 5.862862 3.969783 0.095159 -0.638990 0.448671 -0.332742 0.528838
1693731757.731315 5.911592 3.975094 0.083967 0.698589 -0.434909 0.304057 -0.479977
1693731757.797994 5.949267 3.974269 0.054777 0.763601 -0.436996 0.256858 -0.399964
1693731757.864666 6.001350 3.968817 0.024065 0.763708 -0.473146 0.223327 -0.378165
1693731757.931334 6.061552 3.972047 -0.003485 0.770211 -0.504567 0.205354 -0.331688
1693731757.998009 6.121058 3.972224 -0.022370 0.755594 -0.542109 0.185790 -0.317298
1693731758.064684 6.173260 3.968555 -0.035047 0.759897 -0.541052 0.191947 -0.304920
1693731758.131348 6.216963 3.966249 -0.040831 0.762518 -0.541265 0.178415 -0.306214
1693731758.198025 6.256024 3.964321 -0.043019 0.767472 -0.538177 0.168715 -0.304774
1693731758.264695 6.296677 3.958255 -0.046293 0.764700 -0.546559 0.166540 -0.297946
1693731758.331361 6.337919 3.952905 -0.046006 0.752312 -0.554880 0.167017 -0.313434
1693731758.398035 6.376661 3.945217 -0.049257 0.743744 -0.567085 0.169996 -0.310420
1693731758.464707 6.413707 3.937001 -0.057226 0.742697 -0.573534 0.172392 -0.299568
1693731758.531371 6.449181 3.928757 -0.067312 0.737875 -0.589755 0.155315 -0.289148
1693731758.608045 6.495651 3.924351 -0.070987 0.732065 -0.590911 0.146103 -0.305873
1693731758.674709 6.543871 3.915405 -0.063835 0.723346 -0.606200 0.146695 -0.296263
1693731758.741375 6.598654 3.902245 -0.045842 0.700322 -0.627202 0.167797 -0.296668
1693731758.813047 6.654615 3.892815 -0.011914 0.683230 -0.630100 0.195113 -0.313211
1693731758.879714 6.698777 3.893329 0.025265 0.674560 -0.624960 0.204290 -0.335648
1693731758.946377 6.733056 3.903219 0.063803 0.677338 -0.600657 0.216349 -0.365537
1693731759.013051 6.757156 3.923901 0.106415 0.677957 -0.564376 0.222548 -0.415122
1693731759.079707 6.771253 3.951186 0.154198 0.670645 -0.519336 0.229966 -0.477118
1693731759.146372 6.771932 3.983695 0.204365 -0.662112 0.468184 -0.228430 0.538731
1693731759.213049 6.757454 4.017932 0.256927 -0.655656 0.416679 -0.212187 0.592849
1693731759.279719 6.731358 4.051484 0.303966 -0.656739 0.375283 -0.180409 0.628736
1693731759.346381 6.694246 4.083432 0.344156 -0.667263 0.341129 -0.138237 0.647519
1693731759.413060 6.645939 4.114784 0.375198 -0.684047 0.302948 -0.091695 0.657187
1693731759.479725 6.588647 4.144025 0.400532 -0.696730 0.253236 -0.057333 0.668694
1693731759.546395 6.522112 4.170007 0.420790 -0.704126 0.199657 -0.025478 0.680951
1693731759.613068 6.449031 4.192182 0.433734 -0.712589 0.145902 0.000733 0.686243
1693731759.679738 6.371153 4.209731 0.441547 -0.717511 0.093952 0.028472 0.689595
1693731759.746406 6.291951 4.222843 0.443767 -0.721528 0.045733 0.050829 0.689001
1693731759.813082 6.212724 4.233445 0.440971 -0.725314 0.004603 0.074681 0.684340
1693731759.879746 6.133879 4.241301 0.435791 -0.729401 -0.025998 0.103647 0.675689
1693731759.946412 6.054877 4.245869 0.429131 -0.733307 -0.057403 0.129688 0.664941
1693731760.013089 5.977462 4.247366 0.422692 -0.732901 -0.085723 0.154846 0.656910
1693731760.079760 5.901453 4.245099 0.416934 -0.730651 -0.114743 0.184542 0.647246
1693731760.146428 5.828050 4.241230 0.409883 -0.727576 -0.144549 0.210895 0.636602
1693731760.213103 5.757060 4.236503 0.401802 -0.724060 -0.172133 0.236422 0.624670
1693731760.279772 5.689675 4.230657 0.391154 -0.722859 -0.201954 0.258594 0.608127
1693731760.346439 5.626362 4.225792 0.377399 -0.726311 -0.229851 0.272148 0.587858
1693731760.479788 5.507877 4.221208 0.348763 -0.725229 -0.284073 0.295128 0.553394
1693731760.546454 5.450009 4.220669 0.332840 -0.722421 -0.311057 0.304188 0.537421
1693731760.613122 5.391593 4.221800 0.314735 -0.720585 -0.333839 0.313291 0.520728
1693731760.679801 5.332081 4.224527 0.296110 -0.718265 -0.352585 0.323888 0.504852
1693731760.746468 5.271269 4.227503 0.277468 0.716466 0.370224 -0.332587 -0.488873
1693731760.813143 5.209239 4.229627 0.259293 0.712173 0.393678 -0.336288 -0.474066
1693731760.879808 5.146464 4.229524 0.243532 0.708216 0.413059 -0.344804 -0.457081
1693731760.946475 5.084681 4.227678 0.226649 0.706968 0.433754 -0.348710 -0.436410
1693731761.013149 5.023261 4.224139 0.209468 0.705344 0.456197 -0.348827 -0.415564
1693731761.079817 4.963959 4.218986 0.190138 0.708568 0.475891 -0.344706 -0.390687
1693731761.146488 4.906799 4.211381 0.170916 0.706396 0.502090 -0.337604 -0.367333
1693731761.213166 4.850616 4.202475 0.153459 0.700889 0.524382 -0.335996 -0.347684
1693731761.279837 4.792569 4.191369 0.135856 0.695022 0.544256 -0.335382 -0.329012
1693731761.346500 4.731412 4.179300 0.120174 0.692729 0.553367 -0.341793 -0.311591
1693731761.413181 4.666339 4.167791 0.109577 0.696681 0.546164 -0.354443 -0.301182
1693731761.479848 4.602057 4.158818 0.105637 0.712736 0.519962 -0.369722 -0.291465
1693731761.546520 4.541538 4.152730 0.108967 0.738304 0.480399 -0.387591 -0.271840
1693731761.613195 4.482533 4.149109 0.116207 0.750719 0.454928 -0.399456 -0.264379
1693731761.679865 4.423846 4.147126 0.128930 0.751161 0.431488 -0.422202 -0.267058
1693731761.746533 4.365006 4.149600 0.139386 0.758057 0.403349 -0.434538 -0.271728
1693731761.813198 4.306483 4.155268 0.144907 0.765926 0.379606 -0.439651 -0.275616
1693731761.879877 4.246559 4.159537 0.145671 0.770798 0.362909 -0.444939 -0.276038
1693731761.946546 4.184232 4.166263 0.141098 0.776583 0.347242 -0.446787 -0.276990
1693731762.013223 4.120003 4.174970 0.132402 0.782786 0.335817 -0.445069 -0.276382
1693731762.079894 4.053447 4.186684 0.123956 0.780902 0.335463 -0.447988 -0.277421
1693731762.146560 3.984820 4.202425 0.117454 0.784899 0.329459 -0.442576 -0.281986
1693731762.213237 3.914844 4.219265 0.116303 0.789915 0.320641 -0.444617 -0.274845
1693731762.279906 3.844313 4.236224 0.117439 0.796596 0.315043 -0.437915 -0.272790
1693731762.346574 3.774595 4.256141 0.121872 0.795788 0.311639 -0.429857 -0.291249
1693731762.413251 3.707780 4.275998 0.124283 0.804941 0.297481 -0.423641 -0.290006
1693731762.479919 3.642774 4.294937 0.125648 0.811230 0.284924 -0.425058 -0.282931
1693731762.546585 3.576548 4.316400 0.124914 0.812127 0.274763 -0.430323 -0.282448
1693731762.613266 3.507006 4.338121 0.120912 0.811961 0.268212 -0.437048 -0.278873
1693731762.679930 3.435292 4.361788 0.114809 0.813508 0.260968 -0.436443 -0.282165
1693731762.746596 3.366108 4.387733 0.111630 0.816163 0.251679 -0.433080 -0.288057
1693731762.813271 3.300817 4.413555 0.109998 0.827209 0.241625 -0.420740 -0.283410
1693731762.879939 3.241790 4.442859 0.109491 0.843281 0.224786 -0.400870 -0.278660
1693731762.946604 3.186939 4.476509 0.113414 0.851038 0.205247 -0.391228 -0.283812
1693731763.013281 3.135723 4.511174 0.114269 0.853791 0.198142 -0.386214 -0.287437
1693731763.079945 3.083965 4.548563 0.110314 0.858760 0.186465 -0.380128 -0.288554
1693731763.146613 3.031163 4.591567 0.102443 0.862820 0.172113 -0.374487 -0.292709
1693731763.213279 2.976721 4.637430 0.091067 0.862120 0.168183 -0.372363 -0.299683
1693731763.279951 2.919915 4.687760 0.077410 0.859975 0.170928 -0.370148 -0.306947
1693731763.346615 2.866064 4.743101 0.067135 0.863451 0.158249 -0.357897 -0.318308
1693731763.413283 2.814176 4.798589 0.062470 0.871896 0.149619 -0.349829 -0.308271
1693731763.479944 2.763528 4.855764 0.064820 0.877737 0.141049 -0.336621 -0.310434
1693731763.546617 2.714947 4.913187 0.073187 0.874985 0.125917 -0.331261 -0.329868
1693731763.613296 2.671022 4.966542 0.075784 0.879903 0.111508 -0.319973 -0.333097
1693731763.679965 2.628181 5.017223 0.073676 0.883322 0.106486 -0.315259 -0.330174
1693731763.746624 2.584779 5.070013 0.066256 0.885942 0.106122 -0.310377 -0.327889
1693731763.813305 2.539143 5.127776 0.054317 0.888723 0.101936 -0.305329 -0.326426
1693731763.879975 2.496638 5.191266 0.041886 0.894274 0.083692 -0.292240 -0.328428
1693731763.946644 2.455595 5.253704 0.032513 0.899289 0.073148 -0.276819 -0.330605
1693731764.013320 2.422313 5.312754 0.026722 0.915922 0.054343 -0.243680 -0.314250
1693731764.079982 2.392770 5.368586 0.026245 0.919195 0.054262 -0.233853 -0.312169
1693731764.146653 2.367198 5.423408 0.028939 0.917545 0.055138 -0.236526 -0.314842
1693731764.213332 2.344451 5.480853 0.026820 0.918942 0.044482 -0.237053 -0.312045
1693731764.279992 2.323142 5.543894 0.019333 0.920907 0.028439 -0.229695 -0.313626
1693731764.346662 2.301895 5.611488 0.008811 0.922745 0.023531 -0.217495 -0.317307
1693731764.413331 2.281237 5.685601 -0.000746 0.921167 0.018497 -0.207841 -0.328498
1693731764.480004 2.262465 5.763867 -0.002859 0.916446 0.009442 -0.189134 -0.352514
1693731764.546674 2.242263 5.839179 0.005224 0.914932 0.004745 -0.181288 -0.360572
1693731764.613342 2.222479 5.912239 0.017900 0.911506 0.007276 -0.177065 -0.371150
1693731764.680011 2.206578 5.984358 0.037729 0.904168 -0.004046 -0.164751 -0.394107
1693731764.746679 2.192223 6.051468 0.053943 0.900285 -0.012411 -0.163902 -0.403075
1693731764.813356 2.178087 6.116479 0.064525 0.897892 -0.018119 -0.166079 -0.407284
1693731764.880026 2.164383 6.181560 0.069356 0.895618 -0.026298 -0.167490 -0.411246
1693731764.946693 2.150590 6.244793 0.073480 0.891070 -0.025665 -0.167183 -0.421171
1693731765.013374 2.139990 6.305796 0.077927 0.891742 -0.017283 -0.150238 -0.426529
1693731765.080039 2.130100 6.365268 0.084388 0.895051 -0.008995 -0.144500 -0.421808
1693731765.146708 2.124532 6.424552 0.093869 0.901222 0.001891 -0.129256 -0.413628
1693731765.213386 2.123560 6.484064 0.113513 0.897798 0.000838 -0.134925 -0.419229
1693731765.280055 2.125194 6.542547 0.135016 0.891314 -0.001811 -0.158442 -0.424796
1693731765.346724 2.130024 6.602759 0.153860 0.881746 0.001795 -0.172175 -0.439178
1693731765.413402 2.136898 6.665941 0.168467 0.873356 0.005500 -0.178647 -0.453105
1693731765.480071 2.148847 6.736009 0.179019 0.867023 -0.011956 -0.173493 -0.466935
1693731765.546741 2.162894 6.810785 0.186673 0.859385 -0.010189 -0.147450 -0.489502
1693731765.613416 2.174675 6.889340 0.197548 -0.848321 0.010521 0.137164 0.511299
1693731765.680087 2.184686 6.969020 0.212313 -0.840645 0.007844 0.131780 0.525251
1693731765.746754 2.192885 7.048474 0.229979 -0.836111 0.003536 0.115206 0.536314
1693731765.813430 2.198421 7.127673 0.250206 -0.828211 0.008746 0.100203 0.551317
1693731765.946768 2.203956 7.278800 0.281780 -0.839741 0.005637 0.073671 0.537937
1693731766.013442 2.205281 7.354433 0.297713 -0.833941 -0.001269 0.066906 0.547781
1693731766.080111 2.206285 7.427768 0.308357 -0.830973 -0.004880 0.065282 0.552448
1693731766.146776 2.207714 7.498355 0.316653 -0.836563 0.006501 0.069094 0.543457
1693731766.213455 2.210305 7.564910 0.327987 -0.846129 0.013957 0.067085 0.528556
1693731766.280121 2.209753 7.633397 0.345525 -0.856661 0.016457 0.067018 0.511243
1693731766.346792 2.210245 7.700356 0.368847 -0.860381 0.019916 0.058139 0.505933
1693731766.413466 2.210973 7.765109 0.395411 -0.860023 0.027274 0.061881 0.505755
1693731766.480134 2.211635 7.828469 0.420975 -0.859258 0.034050 0.069761 0.505618
1693731766.546800 2.213506 7.893025 0.443846 -0.858240 0.039903 0.063667 0.507719
1693731766.613475 2.217364 7.960026 0.463767 -0.853614 0.048713 0.047339 0.516458
1693731766.680143 2.221621 8.029029 0.481026 -0.848063 0.062526 0.034104 0.525087
1693731766.746810 2.224592 8.097761 0.496587 -0.847291 0.065777 0.023963 0.526495
1693731766.813486 2.224289 8.166300 0.515166 -0.848049 0.072679 0.030126 0.524044
1693731766.880157 2.221149 8.233701 0.540599 -0.841888 0.075202 0.046313 0.532376
1693731766.946821 2.215770 8.299785 0.568350 -0.841520 0.069894 0.046441 0.533669
1693731767.013495 2.209601 8.365455 0.598803 -0.838090 0.071998 0.047529 0.538667
1693731767.080166 2.201993 8.428712 0.630399 -0.832217 0.076608 0.043987 0.547367
1693731767.146832 2.191854 8.489136 0.658878 -0.827955 0.081554 0.040717 0.553336
1693731767.213506 2.179253 8.546101 0.683654 -0.822687 0.093000 0.043269 0.559165
1693731767.280176 2.164712 8.597632 0.705840 -0.814657 0.101142 0.044467 0.569321
1693731767.346845 2.145894 8.643541 0.724301 -0.808704 0.097802 0.050167 0.577854
1693731767.413524 2.123570 8.685370 0.741205 -0.806477 0.097123 0.056731 0.580468
1693731767.480192 2.098456 8.725000 0.759448 -0.802894 0.091943 0.061490 0.585770
1693731767.546860 2.066847 8.761104 0.779358 -0.803975 0.084946 0.075484 0.583705
1693731767.613535 2.031531 8.793911 0.800730 -0.803216 0.074458 0.089850 0.584146
1693731767.680204 1.990253 8.822517 0.823514 -0.796888 0.056369 0.109092 0.591516
1693731767.746873 1.944577 8.846879 0.841363 -0.797963 0.033725 0.125226 0.588588
1693731767.813550 1.897843 8.867510 0.854448 -0.800108 0.013177 0.137828 0.583659
1693731767.880217 1.852035 8.884771 0.866937 -0.796224 -0.005794 0.149208 0.586286
1693731767.946885 1.805473 8.899023 0.877556 -0.793635 -0.031273 0.168858 0.583655
1693731768.013550 1.758269 8.912472 0.886634 -0.793203 -0.057315 0.190799 0.575447
1693731768.080223 1.711793 8.925810 0.895088 -0.791408 -0.084006 0.207893 0.568680
1693731768.146893 1.665354 8.934688 0.903144 -0.788256 -0.119498 0.224559 0.560310
1693731768.213559 1.619570 8.939818 0.907709 -0.790128 -0.162195 0.239842 0.540246
1693731768.280222 1.577703 8.944973 0.904227 -0.799242 -0.205918 0.233944 0.513888
1693731768.346879 1.539315 8.953148 0.894148 0.817561 0.237790 -0.221855 -0.475217
1693731768.413545 1.505041 8.967164 0.882669 0.832480 0.253047 -0.203778 -0.448798
1693731768.480216 1.473748 8.985551 0.874516 0.833671 0.258611 -0.183873 -0.452000
1693731768.546886 1.440494 8.998202 0.866049 0.832719 0.276403 -0.182113 -0.443865
1693731768.613564 1.406675 9.003292 0.854736 0.833505 0.295121 -0.188110 -0.427537
1693731768.680235 1.376010 9.001417 0.839566 0.850578 0.292019 -0.183211 -0.397083
1693731768.746904 1.348462 8.995181 0.827355 0.866253 0.269600 -0.166317 -0.386343
1693731768.813582 1.316257 8.977291 0.819087 0.849723 0.300918 -0.189820 -0.389087
1693731768.880255 1.282731 8.944225 0.814490 0.825056 0.350440 -0.256610 -0.361421
1693731768.946921 1.254586 8.908068 0.810126 0.800893 0.389008 -0.303760 -0.339077
1693731769.013602 1.228799 8.871152 0.810270 0.766151 0.423717 -0.339390 -0.343934
1693731769.080311 1.206170 8.831088 0.813189 0.729242 0.458265 -0.365380 -0.353125
1693731769.146966 1.187146 8.791080 0.811985 0.706689 0.487866 -0.377770 -0.346217
1693731769.213629 1.170550 8.749402 0.812082 0.685050 0.517083 -0.389625 -0.333952
1693731769.280299 1.157789 8.705461 0.814515 0.660763 0.542964 -0.406423 -0.321562
1693731769.346964 1.146033 8.661013 0.817097 0.638266 0.566517 -0.420318 -0.308234
1693731769.413630 1.137418 8.617275 0.818636 0.618009 0.589155 -0.427869 -0.296460
1693731769.480296 1.128591 8.575179 0.821433 0.601330 0.603258 -0.438689 -0.286414
1693731769.546959 1.123308 8.532157 0.826824 0.584199 0.615064 -0.451736 -0.276299
1693731769.613632 1.121795 8.488677 0.832044 0.567017 0.625162 -0.464881 -0.267488
1693731769.680303 1.123928 8.443866 0.834412 0.548330 0.642139 -0.470826 -0.255566
1693731769.746967 1.131579 8.399681 0.835463 0.528593 0.658306 -0.476292 -0.245701
1693731769.813646 1.142891 8.353639 0.837784 0.504980 0.671906 -0.489512 -0.232198
1693731769.880316 1.158821 8.306588 0.839445 0.480590 0.686322 -0.502010 -0.214432
1693731769.946984 1.179577 8.259072 0.840293 0.453854 0.702196 -0.511365 -0.198605
1693731770.013662 1.205306 8.211589 0.842210 0.426294 0.717798 -0.519124 -0.183167
1693731770.080323 1.234292 8.165397 0.847155 0.394973 0.731981 -0.529528 -0.166733
1693731770.146989 1.269382 8.121511 0.854196 0.362622 0.744191 -0.541233 -0.147486
1693731770.213669 1.309214 8.080245 0.860998 0.326424 0.755436 -0.554050 -0.125671
1693731770.280334 1.353047 8.041259 0.863892 0.287746 0.767758 -0.562914 -0.104295
1693731770.346994 1.399423 8.004722 0.863341 0.249321 0.778427 -0.570223 -0.082074
1693731770.413663 1.448666 7.969639 0.859472 0.211961 0.786834 -0.576906 -0.056079
1693731770.480335 1.498793 7.935259 0.849936 0.177656 0.796162 -0.577595 -0.030786
1693731770.547004 1.549321 7.901473 0.835773 0.140751 0.803907 -0.577640 -0.015969
1693731770.613674 1.597109 7.868286 0.814050 0.106549 0.812675 -0.572887 -0.002681
1693731770.680346 1.642284 7.834682 0.784934 0.073445 0.822682 -0.563465 0.017540
1693731770.747016 1.681522 7.799582 0.746941 0.050439 0.834421 -0.547427 0.039004
1693731770.813694 1.714456 7.765488 0.703138 0.022474 0.846191 -0.530044 0.050095
1693731770.880368 1.742531 7.734027 0.654185 0.004447 0.860551 -0.504534 0.069845
1693731770.947027 1.767126 7.702959 0.602343 -0.015496 0.873718 -0.478855 0.084111
1693731771.013708 1.787950 7.672628 0.550681 -0.037376 0.883169 -0.458126 0.093464
1693731771.080379 1.804645 7.640553 0.500564 -0.058600 0.886015 -0.448613 0.101433
1693731771.147049 1.816155 7.604303 0.451055 -0.085717 0.883253 -0.451586 0.092659
1693731771.213727 1.823165 7.560405 0.404793 -0.115919 0.868221 -0.478673 0.060229
1693731771.280397 1.829440 7.513265 0.364966 -0.136812 0.852656 -0.502501 0.041881
1693731771.347064 1.836599 7.464637 0.332475 -0.138716 0.844218 -0.515617 0.046831
1693731771.413744 1.843264 7.416291 0.312769 -0.146095 0.834030 -0.528807 0.058428
1693731771.480407 1.849149 7.369468 0.300007 -0.148464 0.832088 -0.529635 0.071235
1693731771.547066 1.854602 7.322564 0.289167 -0.148771 0.835287 -0.522159 0.086679
1693731771.613736 1.859178 7.276217 0.281891 -0.156943 0.833730 -0.520664 0.095767
1693731771.680409 1.862439 7.224523 0.270902 -0.154040 0.837218 -0.513768 0.106675
1693731771.747075 1.866633 7.170006 0.258288 -0.156436 0.833325 -0.517665 0.114542
1693731771.813748 1.870742 7.109616 0.242765 -0.146811 0.829262 -0.525089 0.122687
1693731771.880419 1.877115 7.051664 0.229211 -0.150102 0.820522 -0.536141 0.129484
1693731771.947090 1.878569 6.993914 0.217469 -0.149725 0.819477 -0.541408 0.113657
1693731772.013769 1.879058 6.940463 0.217629 -0.155783 0.809819 -0.554620 0.111003
1693731772.080439 1.876446 6.886458 0.218159 -0.154033 0.809968 -0.551021 0.128849
1693731772.147096 1.870839 6.829169 0.213993 -0.155764 0.809875 -0.550313 0.130368
1693731772.213776 1.865082 6.764731 0.205838 -0.157402 0.806300 -0.556058 0.126115
1693731772.280445 1.863468 6.695312 0.192339 -0.144937 0.807914 -0.556772 0.127565
1693731772.347115 1.866176 6.620975 0.171570 -0.146227 0.810205 -0.554404 0.121749
1693731772.413795 1.875376 6.545763 0.148992 -0.152010 0.808510 -0.551297 0.138838
1693731772.480462 1.885821 6.468509 0.129038 -0.175300 0.799174 -0.556416 0.144885
1693731772.547129 1.902044 6.391470 0.122257 -0.206973 0.775962 -0.572488 0.165235
1693731772.613810 1.917973 6.309726 0.121263 -0.201522 0.768772 -0.576924 0.188513
1693731772.680479 1.936872 6.230016 0.125113 -0.203630 0.765045 -0.577786 0.198505
1693731772.747140 1.954368 6.148683 0.123259 -0.201578 0.773999 -0.564607 0.203745
1693731772.813807 1.970502 6.068340 0.115994 -0.214390 0.782810 -0.550039 0.196731
1693731772.880476 1.986643 5.987001 0.100520 -0.217954 0.796706 -0.527532 0.198659
1693731772.947145 2.000000 5.911923 0.085527 -0.229371 0.803673 -0.514244 0.192491
1693731773.013815 2.012121 5.846191 0.077361 -0.235343 0.816824 -0.485533 0.204133
1693731773.080485 2.023209 5.783698 0.072601 -0.248471 0.829998 -0.454624 0.206596
1693731773.147155 2.033833 5.719187 0.077425 -0.257070 0.832835 -0.445918 0.203614
1693731773.213836 2.047452 5.653751 0.084877 -0.269776 0.825188 -0.452602 0.203561
1693731773.280507 2.065323 5.588686 0.086335 -0.284954 0.815602 -0.456704 0.212168
1693731773.347164 2.088450 5.520179 0.080571 -0.294202 0.802491 -0.466948 0.226743
1693731773.413844 2.114473 5.448732 0.069451 -0.300135 0.792062 -0.471977 0.244529
1693731773.480515 2.141479 5.377737 0.054808 -0.308041 0.787011 -0.469250 0.255987
1693731773.547186 2.168160 5.307556 0.045290 -0.343130 0.769823 -0.473167 0.256412
1693731773.613865 2.200080 5.239004 0.044113 -0.365624 0.757894 -0.468181 0.269672
1693731773.680534 2.235551 5.171408 0.047488 -0.380466 0.750026 -0.466463 0.274078
1693731773.747203 2.274871 5.111139 0.048310 -0.395983 0.750905 -0.450951 0.275648
1693731773.813882 2.317895 5.057821 0.049537 -0.423564 0.737136 -0.443906 0.283146
1693731773.880547 2.366583 5.007047 0.050252 -0.435675 0.728289 -0.433266 0.303420
1693731773.947204 2.419466 4.955619 0.046997 -0.448664 0.717495 -0.432328 0.311438
1693731774.013882 2.474392 4.903154 0.042340 -0.459678 0.708681 -0.435171 0.311600
1693731774.080555 2.530136 4.851472 0.040277 -0.467148 0.700401 -0.438573 0.314429
1693731774.147221 2.588902 4.801365 0.041228 -0.467556 0.700859 -0.433983 0.319134
1693731774.213891 2.650203 4.755001 0.047326 -0.467871 0.701913 -0.430322 0.321306
1693731774.280561 2.711974 4.714531 0.056943 -0.464992 0.704278 -0.423960 0.328683
1693731774.347232 2.773878 4.682166 0.065667 -0.471779 0.700191 -0.412412 0.342159
1693731774.413906 2.837096 4.653139 0.071045 -0.484122 0.689834 -0.404549 0.355097
1693731774.480576 2.904061 4.624827 0.072725 -0.493461 0.680214 -0.393640 0.372630
1693731774.547234 2.973499 4.594493 0.069682 -0.500527 0.673884 -0.383391 0.385181
1693731774.613914 3.045015 4.561990 0.064253 -0.516221 0.660608 -0.382748 0.388094
1693731774.680584 3.117687 4.528186 0.061530 -0.524159 0.654087 -0.377759 0.393352
1693731774.747244 3.191426 4.494629 0.061384 -0.529083 0.656653 -0.362462 0.396862
1693731774.813922 3.268338 4.463196 0.064783 -0.537096 0.655428 -0.358007 0.392139
1693731774.880593 3.348076 4.436469 0.067998 -0.541482 0.662467 -0.348934 0.382334
1693731774.947262 3.430042 4.414702 0.071879 -0.539301 0.670193 -0.342984 0.377304
1693731775.013940 3.512689 4.397183 0.078737 -0.529110 0.672213 -0.347330 0.384102
1693731775.080611 3.593740 4.384106 0.083818 -0.521931 0.671173 -0.344884 0.397707
1693731775.147272 3.673406 4.375640 0.086000 -0.525741 0.661169 -0.339122 0.414063
1693731775.213953 3.749667 4.367874 0.088037 -0.532079 0.653220 -0.334131 0.422553
1693731775.280623 3.823676 4.357279 0.093849 -0.538129 0.646629 -0.332303 0.426454
1693731775.347291 3.895642 4.341876 0.100652 -0.542136 0.655108 -0.324928 0.413936
1693731775.413972 3.968960 4.325179 0.113389 -0.551299 0.645248 -0.335815 0.408598
1693731775.480639 4.042030 4.308519 0.125979 -0.543424 0.646358 -0.334310 0.418508
1693731775.547304 4.115406 4.294415 0.133047 -0.545128 0.640565 -0.336531 0.423391
1693731775.613982 4.191009 4.281828 0.133231 -0.549575 0.636541 -0.333459 0.426131
1693731775.680650 4.269320 4.269295 0.129141 -0.555191 0.630820 -0.334729 0.426364
1693731775.747315 4.348831 4.256936 0.124874 -0.566768 0.616681 -0.339173 0.428299
1693731775.813993 4.429235 4.246785 0.125435 -0.573227 0.602632 -0.341689 0.437600
1693731775.880661 4.509221 4.238510 0.131553 -0.578429 0.589242 -0.334802 0.454006
1693731775.947328 4.590041 4.232296 0.138988 0.586684 -0.580225 0.327920 -0.460010
1693731776.014005 4.669864 4.225478 0.148112 0.593134 -0.568850 0.335088 -0.460780
1693731776.080673 4.748295 4.220941 0.152290 0.601907 -0.561880 0.336552 -0.456873
1693731776.147337 4.827646 4.216240 0.152574 0.606044 -0.557693 0.338795 -0.454869
1693731776.214013 4.906490 4.211359 0.151081 0.607798 -0.549424 0.342516 -0.459780
1693731776.280682 4.984521 4.209479 0.147274 0.611636 -0.538581 0.342567 -0.467419
1693731776.347349 5.061273 4.205243 0.143037 0.615259 -0.523749 0.359058 -0.467141
1693731776.414024 5.132254 4.202829 0.142791 0.619190 -0.509008 0.366788 -0.472209
1693731776.480693 5.202361 4.199155 0.141103 0.621009 -0.519329 0.359999 -0.463731
1693731776.547357 5.269530 4.195331 0.142805 0.629029 -0.512674 0.369857 -0.452431
1693731776.614033 5.334657 4.192682 0.144678 0.634073 -0.509295 0.370077 -0.449014
1693731776.680700 5.401535 4.191254 0.144930 0.632758 -0.507571 0.368343 -0.454216
1693731776.747367 5.469036 4.191913 0.140769 0.632231 -0.508638 0.361206 -0.459458
1693731776.814043 5.538815 4.191231 0.132253 0.631939 -0.509028 0.355347 -0.463975
1693731776.880710 5.609958 4.188151 0.123487 0.633600 -0.503351 0.352560 -0.469989
1693731776.947378 5.684284 4.182453 0.117732 0.625826 -0.507000 0.348073 -0.479728
1693731777.014057 5.760536 4.176715 0.117002 0.619356 -0.508956 0.344576 -0.488497
1693731777.080724 5.837945 4.175029 0.116696 0.616512 -0.518093 0.336353 -0.488221
1693731777.147393 5.914534 4.179006 0.121241 0.611675 -0.519451 0.340715 -0.489834
1693731777.214069 5.988539 4.188983 0.122690 0.610309 -0.524890 0.335848 -0.489100
1693731777.280738 6.060972 4.201851 0.120943 0.615685 -0.520086 0.337980 -0.486016
1693731777.347403 6.134696 4.215118 0.114316 0.619193 -0.517705 0.335483 -0.485832
1693731777.414079 6.209891 4.228053 0.107307 0.620250 -0.511541 0.334688 -0.491528
1693731777.480747 6.285071 4.238819 0.102731 0.614847 -0.514717 0.333310 -0.495917
1693731777.547415 6.357516 4.246593 0.099231 0.616548 -0.516930 0.330848 -0.493144
1693731777.614091 6.427994 4.249939 0.102073 0.614609 -0.527417 0.329042 -0.485612
1693731777.680760 6.498622 4.249620 0.112232 0.611045 -0.528373 0.337087 -0.483547
1693731777.747425 6.567043 4.246107 0.121611 0.605841 -0.530948 0.352212 -0.476442
1693731777.814101 6.635754 4.238191 0.124486 0.595151 -0.541087 0.364381 -0.469304
1693731777.880768 6.707109 4.231626 0.119376 0.584442 -0.555159 0.370501 -0.461471
1693731777.947436 6.779480 4.226874 0.103084 0.577066 -0.571910 0.378401 -0.443540
1693731778.014113 6.855384 4.222321 0.084761 -0.569901 0.580378 -0.398603 0.423663
1693731778.080782 6.934154 4.219252 0.073340 -0.549407 0.583499 -0.420355 0.425420
1693731778.147445 7.007915 4.220013 0.063399 -0.540339 0.584978 -0.427408 0.427969
1693731778.214119 7.076077 4.229234 0.053336 -0.548407 0.578096 -0.429647 0.424804
1693731778.280787 7.136051 4.240759 0.051238 -0.548937 0.566998 -0.445085 0.423180
1693731778.347451 7.188892 4.257166 0.050279 -0.557257 0.558340 -0.441620 0.427426
1693731778.414130 7.237609 4.279088 0.052205 0.563198 -0.543782 0.438187 -0.441703
1693731778.480799 7.283259 4.303080 0.053521 0.564544 -0.526033 0.442346 -0.457065
1693731778.547468 7.327941 4.325525 0.049263 0.563034 -0.515086 0.448311 -0.465507
1693731778.614146 7.367191 4.342893 0.043691 0.566052 -0.513152 0.453858 -0.458555
1693731778.680814 7.403641 4.364587 0.041659 0.568809 -0.513735 0.438811 -0.469018
1693731778.747481 7.440740 4.376723 0.045046 -0.540509 0.549121 -0.435162 0.465779
1693731778.814159 7.474010 4.380927 0.053770 -0.513099 0.562909 -0.444428 0.471536
1693731778.880830 7.497682 4.388362 0.066431 -0.502820 0.550019 -0.468939 0.474075
1693731778.947496 7.512788 4.402578 0.074400 -0.511938 0.538867 -0.458083 0.487546
1693731779.014174 7.522767 4.419014 0.075248 -0.525087 0.537819 -0.417737 0.510422
1693731779.080842 7.536081 4.424957 0.069907 -0.525231 0.558831 -0.403262 0.499219
1693731779.147511 7.545482 4.423754 0.060242 -0.517968 0.599587 -0.378118 0.478781
1693731779.214189 7.551019 4.421552 0.050231 -0.537200 0.601558 -0.370461 0.460763
1693731779.280858 7.555518 4.421559 0.048665 -0.562480 0.588377 -0.379218 0.440025
1693731779.347520 7.560844 4.419177 0.048354 0.576521 -0.574805 0.391358 -0.429024
1693731779.414191 7.565653 4.417344 0.059904 0.564292 -0.553277 0.419360 -0.446762
1693731779.480858 7.571081 4.418854 0.075752 0.535311 -0.530425 0.448738 -0.480339
1693731779.547524 7.574741 4.421897 0.078266 0.534296 -0.534200 0.446751 -0.479136
1693731779.614201 7.574207 4.422166 0.065760 0.563249 -0.547015 0.439614 -0.436194
1693731779.680867 7.573701 4.420688 0.054774 0.564477 -0.551323 0.438864 -0.429892
1693731779.747534 7.577261 4.423899 0.054848 0.552429 -0.539198 0.441216 -0.457620
1693731779.814212 7.579028 4.424948 0.049232 0.556208 -0.540449 0.436201 -0.456374
1693731779.880875 7.577934 4.422304 0.042865 0.555025 -0.548152 0.433080 -0.451574
1693731779.947540 7.576172 4.420990 0.042368 -0.545464 0.553277 -0.430692 0.459193
1693731780.014211 7.574052 4.416736 0.038603 -0.547246 0.560795 -0.429303 0.449143
1693731780.080880 7.573530 4.413963 0.034321 -0.544358 0.567322 -0.427984 0.445701
1693731780.147547 7.574304 4.412828 0.032690 -0.540844 0.569779 -0.427351 0.447450
1693731780.214224 7.574864 4.414584 0.032770 -0.536491 0.570709 -0.424680 0.453999
1693731780.280891 7.575779 4.416270 0.032102 -0.535901 0.572260 -0.421159 0.456019
1693731780.347558 7.577586 4.416603 0.032655 -0.532521 0.572221 -0.420344 0.460755
1693731780.414233 7.578883 4.415876 0.033178 -0.528720 0.575008 -0.420935 0.461123
1693731780.480901 7.579208 4.413998 0.031077 -0.533803 0.578518 -0.419985 0.451646
1693731780.547566 7.578610 4.412334 0.031953 -0.529322 0.580103 -0.422909 0.452157
